"Status","Year","Function_of_post","Region_london","Sexual_orientation","Headcount","FTE","Mean_salary","Median_salary"
"In post","2022","Analysis","London","Heterosexual / straight","2630","2550","50230","46710"
"In post","2022","Analysis","London","LGBO","265","260","47160","43770"
"In post","2022","Analysis","London","Undeclared","375","360","51160","53180"
"In post","2022","Analysis","London","Unknown","485","475","46960","41750"
"In post","2022","Analysis","Outside London","Heterosexual / straight","2840","2705","39290","36840"
"In post","2022","Analysis","Outside London","LGBO","295","290","35740","33080"
"In post","2022","Analysis","Outside London","Undeclared","285","275","37840","35590"
"In post","2022","Analysis","Outside London","Unknown","1265","1210","38230","36840"
"In post","2022","Analysis","Overseas","Heterosexual / straight","[c]","[c]","[c]","[c]"
"In post","2022","Analysis","Overseas","LGBO","[c]","[c]","[c]","[c]"
"In post","2022","Analysis","Overseas","Undeclared","[c]","[c]","[c]","[c]"
"In post","2022","Analysis","Unknown","Heterosexual / straight","10","10","[c]","[c]"
"In post","2022","Analysis","Unknown","LGBO","[c]","[c]","[c]","[c]"
"In post","2022","Analysis","Unknown","Undeclared","[c]","[c]","[c]","[c]"
"In post","2022","Analysis","Unknown","Unknown","[c]","[c]","[c]","[c]"
"In post","2022","Commercial","London","Heterosexual / straight","850","835","54280","47590"
"In post","2022","Commercial","London","LGBO","70","70","47550","45040"
"In post","2022","Commercial","London","Undeclared","155","150","49630","44040"
"In post","2022","Commercial","London","Unknown","785","770","67430","64500"
"In post","2022","Commercial","Outside London","Heterosexual / straight","2945","2840","39280","36780"
"In post","2022","Commercial","Outside London","LGBO","140","135","35880","33300"
"In post","2022","Commercial","Outside London","Undeclared","385","370","39250","36970"
"In post","2022","Commercial","Outside London","Unknown","1175","1150","52930","49700"
"In post","2022","Commercial","Overseas","Heterosexual / straight","30","30","49940","43300"
"In post","2022","Commercial","Overseas","LGBO","[c]","[c]","[c]","[c]"
"In post","2022","Commercial","Overseas","Undeclared","5","5","[c]","[c]"
"In post","2022","Commercial","Overseas","Unknown","[c]","[c]","[c]","[c]"
"In post","2022","Commercial","Unknown","Heterosexual / straight","35","35","48550","49700"
"In post","2022","Commercial","Unknown","LGBO","[c]","[c]","[c]","[c]"
"In post","2022","Commercial","Unknown","Undeclared","[c]","[c]","[c]","[c]"
"In post","2022","Commercial","Unknown","Unknown","25","25","[c]","[c]"
"In post","2022","Communications","London","Heterosexual / straight","1465","1430","48040","43810"
"In post","2022","Communications","London","LGBO","170","170","44650","41340"
"In post","2022","Communications","London","Undeclared","275","270","45400","40640"
"In post","2022","Communications","London","Unknown","510","500","46770","42470"
"In post","2022","Communications","Outside London","Heterosexual / straight","3665","3515","32290","28920"
"In post","2022","Communications","Outside London","LGBO","285","280","31240","27250"
"In post","2022","Communications","Outside London","Undeclared","340","320","32800","29200"
"In post","2022","Communications","Outside London","Unknown","1805","1750","29920","26820"
"In post","2022","Communications","Overseas","Heterosexual / straight","[c]","[c]","[c]","[c]"
"In post","2022","Communications","Overseas","LGBO","[c]","[c]","[c]","[c]"
"In post","2022","Communications","Overseas","Undeclared","[c]","[c]","[c]","[c]"
"In post","2022","Communications","Overseas","Unknown","[c]","[c]","[c]","[c]"
"In post","2022","Communications","Unknown","Heterosexual / straight","5","5","[c]","[c]"
"In post","2022","Communications","Unknown","LGBO","[c]","[c]","[c]","[c]"
"In post","2022","Communications","Unknown","Undeclared","[c]","[c]","[c]","[c]"
"In post","2022","Communications","Unknown","Unknown","[c]","[c]","[c]","[c]"
"In post","2022","Counter Fraud","London","Heterosexual / straight","2140","2030","38390","34730"
"In post","2022","Counter Fraud","London","LGBO","125","120","37930","33440"
"In post","2022","Counter Fraud","London","Undeclared","355","330","37990","36650"
"In post","2022","Counter Fraud","London","Unknown","980","920","35750","32780"
"In post","2022","Counter Fraud","Outside London","Heterosexual / straight","8570","7905","31440","27570"
"In post","2022","Counter Fraud","Outside London","LGBO","480","465","31070","27570"
"In post","2022","Counter Fraud","Outside London","Undeclared","1205","1090","31920","27760"
"In post","2022","Counter Fraud","Outside London","Unknown","3150","2880","30120","27570"
"In post","2022","Counter Fraud","Unknown","Heterosexual / straight","5","5","[c]","[c]"
"In post","2022","Counter Fraud","Unknown","LGBO","[c]","[c]","[c]","[c]"
"In post","2022","Counter Fraud","Unknown","Undeclared","[c]","[c]","[c]","[c]"
"In post","2022","Counter Fraud","Unknown","Unknown","5","5","[c]","[c]"
"In post","2022","Debt","London","Heterosexual / straight","240","215","29530","26400"
"In post","2022","Debt","London","LGBO","15","15","[c]","[c]"
"In post","2022","Debt","London","Undeclared","55","45","28750","26400"
"In post","2022","Debt","London","Unknown","190","170","30800","26400"
"In post","2022","Debt","Outside London","Heterosexual / straight","3730","3285","23550","21260"
"In post","2022","Debt","Outside London","LGBO","275","265","23320","21260"
"In post","2022","Debt","Outside London","Undeclared","435","370","23140","21260"
"In post","2022","Debt","Outside London","Unknown","1805","1620","22740","21250"
"In post","2022","Debt","Unknown","Heterosexual / straight","40","35","26170","25110"
"In post","2022","Debt","Unknown","LGBO","[c]","[c]","[c]","[c]"
"In post","2022","Debt","Unknown","Undeclared","5","5","[c]","[c]"
"In post","2022","Debt","Unknown","Unknown","20","15","[c]","[c]"
"In post","2022","Digital, Data & Technology","London","Heterosexual / straight","2770","2720","48690","45240"
"In post","2022","Digital, Data & Technology","London","LGBO","290","285","49450","53240"
"In post","2022","Digital, Data & Technology","London","Undeclared","410","405","48430","45080"
"In post","2022","Digital, Data & Technology","London","Unknown","840","825","48650","44130"
"In post","2022","Digital, Data & Technology","Outside London","Heterosexual / straight","11915","11535","39950","36840"
"In post","2022","Digital, Data & Technology","Outside London","LGBO","710","695","36830","33440"
"In post","2022","Digital, Data & Technology","Outside London","Undeclared","1895","1830","39440","36880"
"In post","2022","Digital, Data & Technology","Outside London","Unknown","3095","3010","39400","36110"
"In post","2022","Digital, Data & Technology","Overseas","Heterosexual / straight","55","55","32610","33300"
"In post","2022","Digital, Data & Technology","Overseas","LGBO","[c]","[c]","[c]","[c]"
"In post","2022","Digital, Data & Technology","Overseas","Undeclared","10","10","[c]","[c]"
"In post","2022","Digital, Data & Technology","Overseas","Unknown","[c]","[c]","[c]","[c]"
"In post","2022","Digital, Data & Technology","Unknown","Heterosexual / straight","40","35","40860","37300"
"In post","2022","Digital, Data & Technology","Unknown","LGBO","10","10","[c]","[c]"
"In post","2022","Digital, Data & Technology","Unknown","Undeclared","5","5","[c]","[c]"
"In post","2022","Digital, Data & Technology","Unknown","Unknown","10","10","[c]","[c]"
"In post","2022","Finance","London","Heterosexual / straight","2040","1995","48880","43810"
"In post","2022","Finance","London","LGBO","115","115","49330","43920"
"In post","2022","Finance","London","Undeclared","345","335","47460","42790"
"In post","2022","Finance","London","Unknown","495","480","47390","42430"
"In post","2022","Finance","Outside London","Heterosexual / straight","6465","6095","37200","33370"
"In post","2022","Finance","Outside London","LGBO","300","290","35900","33080"
"In post","2022","Finance","Outside London","Undeclared","875","810","36580","33300"
"In post","2022","Finance","Outside London","Unknown","1690","1555","33420","30200"
"In post","2022","Finance","Overseas","Heterosexual / straight","25","25","[c]","[c]"
"In post","2022","Finance","Overseas","LGBO","[c]","[c]","[c]","[c]"
"In post","2022","Finance","Overseas","Undeclared","5","5","[c]","[c]"
"In post","2022","Finance","Overseas","Unknown","[c]","[c]","[c]","[c]"
"In post","2022","Finance","Unknown","Heterosexual / straight","10","10","[c]","[c]"
"In post","2022","Finance","Unknown","LGBO","[c]","[c]","[c]","[c]"
"In post","2022","Finance","Unknown","Undeclared","[c]","[c]","[c]","[c]"
"In post","2022","Finance","Unknown","Unknown","[c]","[c]","[c]","[c]"
"In post","2022","Grants Management","London","Heterosexual / straight","[c]","[c]","[c]","[c]"
"In post","2022","Grants Management","London","LGBO","[c]","[c]","[c]","[c]"
"In post","2022","Grants Management","London","Undeclared","[c]","[c]","[c]","[c]"
"In post","2022","Grants Management","London","Unknown","[c]","[c]","[c]","[c]"
"In post","2022","Grants Management","Outside London","Heterosexual / straight","1035","935","26110","24920"
"In post","2022","Grants Management","Outside London","LGBO","75","75","25490","24920"
"In post","2022","Grants Management","Outside London","Undeclared","90","80","24990","21300"
"In post","2022","Grants Management","Outside London","Unknown","1115","1035","24240","21300"
"In post","2022","Human Resources","London","Heterosexual / straight","2150","2080","47070","41820"
"In post","2022","Human Resources","London","LGBO","220","215","46180","41730"
"In post","2022","Human Resources","London","Undeclared","230","225","43750","40070"
"In post","2022","Human Resources","London","Unknown","300","290","42500","37560"
"In post","2022","Human Resources","Outside London","Heterosexual / straight","6620","6215","35370","32070"
"In post","2022","Human Resources","Outside London","LGBO","415","405","34940","31940"
"In post","2022","Human Resources","Outside London","Undeclared","580","540","32340","28230"
"In post","2022","Human Resources","Outside London","Unknown","1130","1055","32870","29180"
"In post","2022","Human Resources","Overseas","Heterosexual / straight","25","25","[c]","[c]"
"In post","2022","Human Resources","Overseas","LGBO","[c]","[c]","[c]","[c]"
"In post","2022","Human Resources","Overseas","Undeclared","[c]","[c]","[c]","[c]"
"In post","2022","Human Resources","Overseas","Unknown","5","5","[c]","[c]"
"In post","2022","Human Resources","Unknown","Heterosexual / straight","25","25","[c]","[c]"
"In post","2022","Human Resources","Unknown","LGBO","[c]","[c]","[c]","[c]"
"In post","2022","Human Resources","Unknown","Undeclared","[c]","[c]","[c]","[c]"
"In post","2022","Human Resources","Unknown","Unknown","5","5","[c]","[c]"
"In post","2022","Internal Audit","London","Heterosexual / straight","170","165","51660","49830"
"In post","2022","Internal Audit","London","LGBO","15","15","[c]","[c]"
"In post","2022","Internal Audit","London","Undeclared","30","25","[c]","[c]"
"In post","2022","Internal Audit","London","Unknown","15","15","[c]","[c]"
"In post","2022","Internal Audit","Outside London","Heterosexual / straight","420","395","44130","42500"
"In post","2022","Internal Audit","Outside London","LGBO","20","20","[c]","[c]"
"In post","2022","Internal Audit","Outside London","Undeclared","65","60","42990","40580"
"In post","2022","Internal Audit","Outside London","Unknown","30","25","[c]","[c]"
"In post","2022","Internal Audit","Overseas","Heterosexual / straight","[c]","[c]","[c]","[c]"
"In post","2022","Internal Audit","Overseas","LGBO","[c]","[c]","[c]","[c]"
"In post","2022","Internal Audit","Unknown","Heterosexual / straight","[c]","[c]","[c]","[c]"
"In post","2022","Internal Audit","Unknown","LGBO","[c]","[c]","[c]","[c]"
"In post","2022","Legal","London","Heterosexual / straight","3410","3220","51760","51830"
"In post","2022","Legal","London","LGBO","290","280","53310","51940"
"In post","2022","Legal","London","Undeclared","330","315","55410","58590"
"In post","2022","Legal","London","Unknown","1115","1030","54070","58830"
"In post","2022","Legal","Outside London","Heterosexual / straight","5115","4770","42450","41750"
"In post","2022","Legal","Outside London","LGBO","270","265","39300","33370"
"In post","2022","Legal","Outside London","Undeclared","330","305","42830","40180"
"In post","2022","Legal","Outside London","Unknown","1535","1380","43550","46100"
"In post","2022","Legal","Overseas","Heterosexual / straight","5","5","[c]","[c]"
"In post","2022","Legal","Overseas","LGBO","[c]","[c]","[c]","[c]"
"In post","2022","Legal","Overseas","Unknown","5","5","[c]","[c]"
"In post","2022","No function","London","Heterosexual / straight","33970","32760","42380","36850"
"In post","2022","No function","London","LGBO","3115","3060","43600","38750"
"In post","2022","No function","London","Undeclared","4620","4425","42690","37560"
"In post","2022","No function","London","Unknown","11215","10765","39390","33390"
"In post","2022","No function","Outside London","Heterosexual / straight","142865","131250","29660","27570"
"In post","2022","No function","Outside London","LGBO","9490","9150","29060","27570"
"In post","2022","No function","Outside London","Undeclared","17685","15920","29790","27570"
"In post","2022","No function","Outside London","Unknown","48925","44115","28180","26700"
"In post","2022","No function","Overseas","Heterosexual / straight","1275","1270","53210","53470"
"In post","2022","No function","Overseas","LGBO","110","110","52660","53470"
"In post","2022","No function","Overseas","Undeclared","175","175","51080","53470"
"In post","2022","No function","Overseas","Unknown","195","195","54140","54240"
"In post","2022","No function","Unknown","Heterosexual / straight","425","405","31800","29180"
"In post","2022","No function","Unknown","LGBO","40","40","30530","27570"
"In post","2022","No function","Unknown","Undeclared","65","60","31480","27570"
"In post","2022","No function","Unknown","Unknown","360","345","31340","29250"
"In post","2022","Project Delivery","London","Heterosexual / straight","2815","2710","54140","53530"
"In post","2022","Project Delivery","London","LGBO","225","220","52600","51500"
"In post","2022","Project Delivery","London","Undeclared","300","285","55670","54100"
"In post","2022","Project Delivery","London","Unknown","1080","1035","49840","47240"
"In post","2022","Project Delivery","Outside London","Heterosexual / straight","15720","15110","39660","37640"
"In post","2022","Project Delivery","Outside London","LGBO","710","695","37940","35310"
"In post","2022","Project Delivery","Outside London","Undeclared","2005","1910","40420","39860"
"In post","2022","Project Delivery","Outside London","Unknown","3080","2930","38820","37400"
"In post","2022","Project Delivery","Overseas","Heterosexual / straight","360","360","55770","55620"
"In post","2022","Project Delivery","Overseas","LGBO","35","35","56020","53000"
"In post","2022","Project Delivery","Overseas","Undeclared","30","30","[c]","[c]"
"In post","2022","Project Delivery","Overseas","Unknown","175","175","54620","54840"
"In post","2022","Project Delivery","Unknown","Heterosexual / straight","20","15","[c]","[c]"
"In post","2022","Project Delivery","Unknown","LGBO","[c]","[c]","[c]","[c]"
"In post","2022","Project Delivery","Unknown","Undeclared","[c]","[c]","[c]","[c]"
"In post","2022","Project Delivery","Unknown","Unknown","[c]","[c]","[c]","[c]"
"In post","2022","Property","London","Heterosexual / straight","1120","1085","43600","38870"
"In post","2022","Property","London","LGBO","70","70","46230","41750"
"In post","2022","Property","London","Undeclared","165","160","45830","40650"
"In post","2022","Property","London","Unknown","335","325","39740","34810"
"In post","2022","Property","Outside London","Heterosexual / straight","5275","5050","36210","33300"
"In post","2022","Property","Outside London","LGBO","210","200","33820","31000"
"In post","2022","Property","Outside London","Undeclared","645","605","36070","33300"
"In post","2022","Property","Outside London","Unknown","1505","1435","31450","26880"
"In post","2022","Property","Overseas","Heterosexual / straight","125","125","38670","36460"
"In post","2022","Property","Overseas","LGBO","[c]","[c]","[c]","[c]"
"In post","2022","Property","Overseas","Undeclared","20","20","[c]","[c]"
"In post","2022","Property","Overseas","Unknown","30","30","40350","41160"
"In post","2022","Property","Unknown","Heterosexual / straight","30","30","43860","40720"
"In post","2022","Property","Unknown","LGBO","[c]","[c]","[c]","[c]"
"In post","2022","Property","Unknown","Undeclared","[c]","[c]","[c]","[c]"
"In post","2022","Property","Unknown","Unknown","5","5","[c]","[c]"
"In post","2022","Security","London","Heterosexual / straight","1320","1295","41080","37960"
"In post","2022","Security","London","LGBO","85","85","41520","37230"
"In post","2022","Security","London","Undeclared","215","210","45320","43440"
"In post","2022","Security","London","Unknown","325","320","39470","36730"
"In post","2022","Security","Outside London","Heterosexual / straight","5995","5835","30420","26750"
"In post","2022","Security","Outside London","LGBO","270","265","30890","28890"
"In post","2022","Security","Outside London","Undeclared","870","845","33640","34090"
"In post","2022","Security","Outside London","Unknown","1340","1310","31090","27570"
"In post","2022","Security","Overseas","Heterosexual / straight","120","120","39480","34350"
"In post","2022","Security","Overseas","LGBO","5","5","[c]","[c]"
"In post","2022","Security","Overseas","Undeclared","15","15","[c]","[c]"
"In post","2022","Security","Overseas","Unknown","15","15","[c]","[c]"
"In post","2022","Security","Unknown","Heterosexual / straight","85","80","30620","27370"
"In post","2022","Security","Unknown","LGBO","[c]","[c]","[c]","[c]"
"In post","2022","Security","Unknown","Undeclared","5","5","[c]","[c]"
"In post","2022","Security","Unknown","Unknown","20","20","[c]","[c]"
"In post","2022","Unknown","London","Heterosexual / straight","11625","11065","41000","35200"
"In post","2022","Unknown","London","LGBO","535","525","45660","41950"
"In post","2022","Unknown","London","Undeclared","1875","1770","40840","35200"
"In post","2022","Unknown","London","Unknown","2090","2055","40650","35050"
"In post","2022","Unknown","Outside London","Heterosexual / straight","43995","41515","33080","27370"
"In post","2022","Unknown","Outside London","LGBO","2245","2175","33720","29430"
"In post","2022","Unknown","Outside London","Undeclared","5350","5015","32810","27370"
"In post","2022","Unknown","Outside London","Unknown","9210","8760","33520","27360"
"In post","2022","Unknown","Overseas","Heterosexual / straight","455","445","40350","33300"
"In post","2022","Unknown","Overseas","LGBO","20","20","[c]","[c]"
"In post","2022","Unknown","Overseas","Undeclared","90","90","38610","32260"
"In post","2022","Unknown","Overseas","Unknown","220","215","45560","43990"
"In post","2022","Unknown","Unknown","Heterosexual / straight","125","120","35270","33000"
"In post","2022","Unknown","Unknown","LGBO","10","10","[c]","[c]"
"In post","2022","Unknown","Unknown","Undeclared","10","10","[c]","[c]"
"In post","2022","Unknown","Unknown","Unknown","1795","1795","37620","34460"
"Leaver CS","2022","Analysis","London","Heterosexual / straight","140","[c]","40600","36390"
"Leaver CS","2022","Analysis","London","LGBO","30","[c]","[c]","[c]"
"Leaver CS","2022","Analysis","London","Undeclared","50","[c]","[c]","[c]"
"Leaver CS","2022","Analysis","London","Unknown","55","[c]","43690","37290"
"Leaver CS","2022","Analysis","Outside London","Heterosexual / straight","115","[c]","33950","30950"
"Leaver CS","2022","Analysis","Outside London","LGBO","20","[c]","[c]","[c]"
"Leaver CS","2022","Analysis","Outside London","Undeclared","30","[c]","[c]","[c]"
"Leaver CS","2022","Analysis","Outside London","Unknown","90","[c]","33850","29540"
"Leaver CS","2022","Analysis","Unknown","Heterosexual / straight","[c]","[c]","[c]","[c]"
"Leaver CS","2022","Analysis","Unknown","LGBO","[c]","[c]","[c]","[c]"
"Leaver CS","2022","Analysis","Unknown","Undeclared","10","[c]","[c]","[c]"
"Leaver CS","2022","Analysis","Unknown","Unknown","[c]","[c]","[c]","[c]"
"Leaver CS","2022","Commercial","London","Heterosexual / straight","55","[c]","51610","49130"
"Leaver CS","2022","Commercial","London","LGBO","5","[c]","[c]","[c]"
"Leaver CS","2022","Commercial","London","Undeclared","25","[c]","[c]","[c]"
"Leaver CS","2022","Commercial","London","Unknown","80","[c]","74370","68000"
"Leaver CS","2022","Commercial","Outside London","Heterosexual / straight","185","[c]","38420","36500"
"Leaver CS","2022","Commercial","Outside London","LGBO","5","[c]","[c]","[c]"
"Leaver CS","2022","Commercial","Outside London","Undeclared","30","[c]","[c]","[c]"
"Leaver CS","2022","Commercial","Outside London","Unknown","80","[c]","57720","51560"
"Leaver CS","2022","Commercial","Overseas","Heterosexual / straight","[c]","[c]","[c]","[c]"
"Leaver CS","2022","Commercial","Overseas","LGBO","[c]","[c]","[c]","[c]"
"Leaver CS","2022","Commercial","Unknown","Heterosexual / straight","10","[c]","[c]","[c]"
"Leaver CS","2022","Commercial","Unknown","LGBO","[c]","[c]","[c]","[c]"
"Leaver CS","2022","Commercial","Unknown","Undeclared","20","[c]","[c]","[c]"
"Leaver CS","2022","Commercial","Unknown","Unknown","25","[c]","[c]","[c]"
"Leaver CS","2022","Communications","London","Heterosexual / straight","140","[c]","42640","40050"
"Leaver CS","2022","Communications","London","LGBO","20","[c]","[c]","[c]"
"Leaver CS","2022","Communications","London","Undeclared","30","[c]","[c]","[c]"
"Leaver CS","2022","Communications","London","Unknown","85","[c]","45410","40600"
"Leaver CS","2022","Communications","Outside London","Heterosexual / straight","75","[c]","34680","31710"
"Leaver CS","2022","Communications","Outside London","LGBO","[c]","[c]","[c]","[c]"
"Leaver CS","2022","Communications","Outside London","Undeclared","10","[c]","[c]","[c]"
"Leaver CS","2022","Communications","Outside London","Unknown","40","[c]","38100","35450"
"Leaver CS","2022","Communications","Overseas","Heterosexual / straight","[c]","[c]","[c]","[c]"
"Leaver CS","2022","Communications","Overseas","LGBO","[c]","[c]","[c]","[c]"
"Leaver CS","2022","Communications","Unknown","Heterosexual / straight","[c]","[c]","[c]","[c]"
"Leaver CS","2022","Communications","Unknown","LGBO","[c]","[c]","[c]","[c]"
"Leaver CS","2022","Communications","Unknown","Undeclared","[c]","[c]","[c]","[c]"
"Leaver CS","2022","Communications","Unknown","Unknown","[c]","[c]","[c]","[c]"
"Leaver CS","2022","Counter Fraud","London","Heterosexual / straight","30","[c]","35830","32080"
"Leaver CS","2022","Counter Fraud","London","LGBO","[c]","[c]","[c]","[c]"
"Leaver CS","2022","Counter Fraud","London","Undeclared","10","[c]","[c]","[c]"
"Leaver CS","2022","Counter Fraud","London","Unknown","15","[c]","[c]","[c]"
"Leaver CS","2022","Counter Fraud","Outside London","Heterosexual / straight","165","[c]","28380","27570"
"Leaver CS","2022","Counter Fraud","Outside London","LGBO","5","[c]","[c]","[c]"
"Leaver CS","2022","Counter Fraud","Outside London","Undeclared","40","[c]","27980","26120"
"Leaver CS","2022","Counter Fraud","Outside London","Unknown","70","[c]","27590","27570"
"Leaver CS","2022","Counter Fraud","Unknown","Heterosexual / straight","[c]","[c]","[c]","[c]"
"Leaver CS","2022","Counter Fraud","Unknown","LGBO","[c]","[c]","[c]","[c]"
"Leaver CS","2022","Debt","London","Heterosexual / straight","[c]","[c]","[c]","[c]"
"Leaver CS","2022","Debt","London","LGBO","[c]","[c]","[c]","[c]"
"Leaver CS","2022","Debt","London","Unknown","[c]","[c]","[c]","[c]"
"Leaver CS","2022","Debt","Outside London","Heterosexual / straight","145","[c]","22490","21260"
"Leaver CS","2022","Debt","Outside London","LGBO","10","[c]","[c]","[c]"
"Leaver CS","2022","Debt","Outside London","Undeclared","20","[c]","[c]","[c]"
"Leaver CS","2022","Debt","Outside London","Unknown","40","[c]","22240","21260"
"Leaver CS","2022","Debt","Unknown","Heterosexual / straight","[c]","[c]","[c]","[c]"
"Leaver CS","2022","Debt","Unknown","LGBO","[c]","[c]","[c]","[c]"
"Leaver CS","2022","Debt","Unknown","Undeclared","[c]","[c]","[c]","[c]"
"Leaver CS","2022","Digital, Data & Technology","London","Heterosexual / straight","215","[c]","50350","51500"
"Leaver CS","2022","Digital, Data & Technology","London","LGBO","25","[c]","[c]","[c]"
"Leaver CS","2022","Digital, Data & Technology","London","Undeclared","60","[c]","47870","42480"
"Leaver CS","2022","Digital, Data & Technology","London","Unknown","85","[c]","45210","41860"
"Leaver CS","2022","Digital, Data & Technology","Outside London","Heterosexual / straight","555","[c]","39890","37710"
"Leaver CS","2022","Digital, Data & Technology","Outside London","LGBO","40","[c]","33340","31990"
"Leaver CS","2022","Digital, Data & Technology","Outside London","Undeclared","120","[c]","38430","36200"
"Leaver CS","2022","Digital, Data & Technology","Outside London","Unknown","240","[c]","37980","35910"
"Leaver CS","2022","Digital, Data & Technology","Overseas","Heterosexual / straight","[c]","[c]","[c]","[c]"
"Leaver CS","2022","Digital, Data & Technology","Overseas","LGBO","[c]","[c]","[c]","[c]"
"Leaver CS","2022","Digital, Data & Technology","Unknown","Heterosexual / straight","30","[c]","42160","34950"
"Leaver CS","2022","Digital, Data & Technology","Unknown","LGBO","[c]","[c]","[c]","[c]"
"Leaver CS","2022","Digital, Data & Technology","Unknown","Undeclared","15","[c]","[c]","[c]"
"Leaver CS","2022","Digital, Data & Technology","Unknown","Unknown","10","[c]","[c]","[c]"
"Leaver CS","2022","Finance","London","Heterosexual / straight","100","[c]","46870","40450"
"Leaver CS","2022","Finance","London","LGBO","5","[c]","[c]","[c]"
"Leaver CS","2022","Finance","London","Undeclared","35","[c]","[c]","[c]"
"Leaver CS","2022","Finance","London","Unknown","20","[c]","[c]","[c]"
"Leaver CS","2022","Finance","Outside London","Heterosexual / straight","220","[c]","37630","34290"
"Leaver CS","2022","Finance","Outside London","LGBO","10","[c]","[c]","[c]"
"Leaver CS","2022","Finance","Outside London","Undeclared","50","[c]","40240","41390"
"Leaver CS","2022","Finance","Outside London","Unknown","50","[c]","35500","33840"
"Leaver CS","2022","Finance","Unknown","Heterosexual / straight","10","[c]","[c]","[c]"
"Leaver CS","2022","Finance","Unknown","LGBO","[c]","[c]","[c]","[c]"
"Leaver CS","2022","Finance","Unknown","Undeclared","10","[c]","[c]","[c]"
"Leaver CS","2022","Finance","Unknown","Unknown","[c]","[c]","[c]","[c]"
"Leaver CS","2022","Grants Management","London","Heterosexual / straight","[c]","[c]","[c]","[c]"
"Leaver CS","2022","Grants Management","London","LGBO","[c]","[c]","[c]","[c]"
"Leaver CS","2022","Grants Management","Outside London","Heterosexual / straight","60","[c]","25050","24920"
"Leaver CS","2022","Grants Management","Outside London","LGBO","[c]","[c]","[c]","[c]"
"Leaver CS","2022","Grants Management","Outside London","Undeclared","[c]","[c]","[c]","[c]"
"Leaver CS","2022","Grants Management","Outside London","Unknown","90","[c]","23490","21300"
"Leaver CS","2022","Human Resources","London","Heterosexual / straight","175","[c]","43990","38000"
"Leaver CS","2022","Human Resources","London","LGBO","20","[c]","[c]","[c]"
"Leaver CS","2022","Human Resources","London","Undeclared","25","[c]","[c]","[c]"
"Leaver CS","2022","Human Resources","London","Unknown","25","[c]","[c]","[c]"
"Leaver CS","2022","Human Resources","Outside London","Heterosexual / straight","290","[c]","32450","27570"
"Leaver CS","2022","Human Resources","Outside London","LGBO","20","[c]","[c]","[c]"
"Leaver CS","2022","Human Resources","Outside London","Undeclared","30","[c]","[c]","[c]"
"Leaver CS","2022","Human Resources","Outside London","Unknown","65","[c]","28870","27130"
"Leaver CS","2022","Human Resources","Unknown","Heterosexual / straight","10","[c]","[c]","[c]"
"Leaver CS","2022","Human Resources","Unknown","LGBO","[c]","[c]","[c]","[c]"
"Leaver CS","2022","Human Resources","Unknown","Undeclared","[c]","[c]","[c]","[c]"
"Leaver CS","2022","Human Resources","Unknown","Unknown","[c]","[c]","[c]","[c]"
"Leaver CS","2022","Internal Audit","London","Heterosexual / straight","10","[c]","[c]","[c]"
"Leaver CS","2022","Internal Audit","London","LGBO","[c]","[c]","[c]","[c]"
"Leaver CS","2022","Internal Audit","London","Unknown","[c]","[c]","[c]","[c]"
"Leaver CS","2022","Internal Audit","Outside London","Heterosexual / straight","35","[c]","[c]","[c]"
"Leaver CS","2022","Internal Audit","Outside London","LGBO","[c]","[c]","[c]","[c]"
"Leaver CS","2022","Internal Audit","Outside London","Undeclared","[c]","[c]","[c]","[c]"
"Leaver CS","2022","Internal Audit","Outside London","Unknown","5","[c]","[c]","[c]"
"Leaver CS","2022","Legal","London","Heterosexual / straight","245","[c]","48110","51250"
"Leaver CS","2022","Legal","London","LGBO","15","[c]","[c]","[c]"
"Leaver CS","2022","Legal","London","Undeclared","30","[c]","58480","62870"
"Leaver CS","2022","Legal","London","Unknown","60","[c]","59090","56360"
"Leaver CS","2022","Legal","Outside London","Heterosexual / straight","255","[c]","41640","38000"
"Leaver CS","2022","Legal","Outside London","LGBO","20","[c]","[c]","[c]"
"Leaver CS","2022","Legal","Outside London","Undeclared","20","[c]","[c]","[c]"
"Leaver CS","2022","Legal","Outside London","Unknown","95","[c]","44290","46100"
"Leaver CS","2022","Legal","Overseas","Heterosexual / straight","[c]","[c]","[c]","[c]"
"Leaver CS","2022","Legal","Overseas","LGBO","[c]","[c]","[c]","[c]"
"Leaver CS","2022","Legal","Overseas","Unknown","[c]","[c]","[c]","[c]"
"Leaver CS","2022","No function","London","Heterosexual / straight","3175","[c]","39860","32330"
"Leaver CS","2022","No function","London","LGBO","330","[c]","37630","31060"
"Leaver CS","2022","No function","London","Undeclared","585","[c]","39850","32330"
"Leaver CS","2022","No function","London","Unknown","1435","[c]","39200","31880"
"Leaver CS","2022","No function","Outside London","Heterosexual / straight","11705","[c]","29160","27570"
"Leaver CS","2022","No function","Outside London","LGBO","960","[c]","27740","26500"
"Leaver CS","2022","No function","Outside London","Undeclared","1320","[c]","29850","26780"
"Leaver CS","2022","No function","Outside London","Unknown","4240","[c]","27810","24960"
"Leaver CS","2022","No function","Overseas","Heterosexual / straight","15","[c]","[c]","[c]"
"Leaver CS","2022","No function","Overseas","LGBO","[c]","[c]","[c]","[c]"
"Leaver CS","2022","No function","Overseas","Undeclared","[c]","[c]","[c]","[c]"
"Leaver CS","2022","No function","Overseas","Unknown","5","[c]","[c]","[c]"
"Leaver CS","2022","No function","Unknown","Heterosexual / straight","260","[c]","24960","21840"
"Leaver CS","2022","No function","Unknown","LGBO","25","[c]","[c]","[c]"
"Leaver CS","2022","No function","Unknown","Undeclared","105","[c]","22770","21590"
"Leaver CS","2022","No function","Unknown","Unknown","285","[c]","24020","21840"
"Leaver CS","2022","Project Delivery","London","Heterosexual / straight","120","[c]","55040","53380"
"Leaver CS","2022","Project Delivery","London","LGBO","10","[c]","[c]","[c]"
"Leaver CS","2022","Project Delivery","London","Undeclared","10","[c]","[c]","[c]"
"Leaver CS","2022","Project Delivery","London","Unknown","65","[c]","54860","53000"
"Leaver CS","2022","Project Delivery","Outside London","Heterosexual / straight","745","[c]","36460","33930"
"Leaver CS","2022","Project Delivery","Outside London","LGBO","20","[c]","[c]","[c]"
"Leaver CS","2022","Project Delivery","Outside London","Undeclared","115","[c]","38470","36860"
"Leaver CS","2022","Project Delivery","Outside London","Unknown","180","[c]","35350","33000"
"Leaver CS","2022","Project Delivery","Overseas","Heterosexual / straight","15","[c]","[c]","[c]"
"Leaver CS","2022","Project Delivery","Overseas","LGBO","[c]","[c]","[c]","[c]"
"Leaver CS","2022","Project Delivery","Overseas","Undeclared","[c]","[c]","[c]","[c]"
"Leaver CS","2022","Project Delivery","Overseas","Unknown","[c]","[c]","[c]","[c]"
"Leaver CS","2022","Project Delivery","Unknown","Heterosexual / straight","10","[c]","[c]","[c]"
"Leaver CS","2022","Project Delivery","Unknown","LGBO","[c]","[c]","[c]","[c]"
"Leaver CS","2022","Project Delivery","Unknown","Undeclared","[c]","[c]","[c]","[c]"
"Leaver CS","2022","Project Delivery","Unknown","Unknown","[c]","[c]","[c]","[c]"
"Leaver CS","2022","Property","London","Heterosexual / straight","35","[c]","41850","40280"
"Leaver CS","2022","Property","London","LGBO","5","[c]","[c]","[c]"
"Leaver CS","2022","Property","London","Undeclared","10","[c]","[c]","[c]"
"Leaver CS","2022","Property","London","Unknown","20","[c]","[c]","[c]"
"Leaver CS","2022","Property","Outside London","Heterosexual / straight","320","[c]","31960","27000"
"Leaver CS","2022","Property","Outside London","LGBO","10","[c]","[c]","[c]"
"Leaver CS","2022","Property","Outside London","Undeclared","45","[c]","32360","26970"
"Leaver CS","2022","Property","Outside London","Unknown","155","[c]","27010","22040"
"Leaver CS","2022","Property","Overseas","Heterosexual / straight","5","[c]","[c]","[c]"
"Leaver CS","2022","Property","Overseas","LGBO","[c]","[c]","[c]","[c]"
"Leaver CS","2022","Property","Overseas","Undeclared","[c]","[c]","[c]","[c]"
"Leaver CS","2022","Property","Unknown","Heterosexual / straight","[c]","[c]","[c]","[c]"
"Leaver CS","2022","Property","Unknown","LGBO","[c]","[c]","[c]","[c]"
"Leaver CS","2022","Property","Unknown","Undeclared","[c]","[c]","[c]","[c]"
"Leaver CS","2022","Security","London","Heterosexual / straight","65","[c]","34150","32060"
"Leaver CS","2022","Security","London","LGBO","5","[c]","[c]","[c]"
"Leaver CS","2022","Security","London","Undeclared","10","[c]","[c]","[c]"
"Leaver CS","2022","Security","London","Unknown","15","[c]","[c]","[c]"
"Leaver CS","2022","Security","Outside London","Heterosexual / straight","470","[c]","32270","30280"
"Leaver CS","2022","Security","Outside London","LGBO","15","[c]","[c]","[c]"
"Leaver CS","2022","Security","Outside London","Undeclared","85","[c]","34290","39070"
"Leaver CS","2022","Security","Outside London","Unknown","135","[c]","28750","26350"
"Leaver CS","2022","Security","Overseas","Heterosexual / straight","[c]","[c]","[c]","[c]"
"Leaver CS","2022","Security","Overseas","LGBO","[c]","[c]","[c]","[c]"
"Leaver CS","2022","Security","Unknown","Heterosexual / straight","10","[c]","[c]","[c]"
"Leaver CS","2022","Security","Unknown","LGBO","[c]","[c]","[c]","[c]"
"Leaver CS","2022","Security","Unknown","Undeclared","[c]","[c]","[c]","[c]"
"Leaver CS","2022","Security","Unknown","Unknown","10","[c]","[c]","[c]"
"Leaver CS","2022","Unknown","London","Heterosexual / straight","685","[c]","39730","34630"
"Leaver CS","2022","Unknown","London","LGBO","35","[c]","39480","35060"
"Leaver CS","2022","Unknown","London","Undeclared","180","[c]","38760","34630"
"Leaver CS","2022","Unknown","London","Unknown","920","[c]","34740","31060"
"Leaver CS","2022","Unknown","Outside London","Heterosexual / straight","3130","[c]","30200","25310"
"Leaver CS","2022","Unknown","Outside London","LGBO","165","[c]","28350","24890"
"Leaver CS","2022","Unknown","Outside London","Undeclared","425","[c]","29840","27370"
"Leaver CS","2022","Unknown","Outside London","Unknown","5495","[c]","29470","27230"
"Leaver CS","2022","Unknown","Overseas","Heterosexual / straight","30","[c]","[c]","[c]"
"Leaver CS","2022","Unknown","Overseas","LGBO","[c]","[c]","[c]","[c]"
"Leaver CS","2022","Unknown","Overseas","Undeclared","5","[c]","[c]","[c]"
"Leaver CS","2022","Unknown","Overseas","Unknown","40","[c]","43890","41600"
"Leaver CS","2022","Unknown","Unknown","Heterosexual / straight","35","[c]","31720","29200"
"Leaver CS","2022","Unknown","Unknown","LGBO","[c]","[c]","[c]","[c]"
"Leaver CS","2022","Unknown","Unknown","Undeclared","10","[c]","[c]","[c]"
"Leaver CS","2022","Unknown","Unknown","Unknown","295","[c]","35640","32700"
"Leaver Dept.","2022","Analysis","London","Heterosexual / straight","180","[c]","44970","40050"
"Leaver Dept.","2022","Analysis","London","LGBO","30","[c]","[c]","[c]"
"Leaver Dept.","2022","Analysis","London","Undeclared","100","[c]","[c]","[c]"
"Leaver Dept.","2022","Analysis","London","Unknown","35","[c]","42970","39840"
"Leaver Dept.","2022","Analysis","Outside London","Heterosexual / straight","85","[c]","38760","36070"
"Leaver Dept.","2022","Analysis","Outside London","LGBO","15","[c]","[c]","[c]"
"Leaver Dept.","2022","Analysis","Outside London","Undeclared","20","[c]","[c]","[c]"
"Leaver Dept.","2022","Analysis","Outside London","Unknown","45","[c]","34960","31060"
"Leaver Dept.","2022","Analysis","Unknown","Heterosexual / straight","[c]","[c]","[c]","[c]"
"Leaver Dept.","2022","Analysis","Unknown","LGBO","[c]","[c]","[c]","[c]"
"Leaver Dept.","2022","Analysis","Unknown","Undeclared","25","[c]","[c]","[c]"
"Leaver Dept.","2022","Commercial","London","Heterosexual / straight","80","[c]","49530","46700"
"Leaver Dept.","2022","Commercial","London","LGBO","5","[c]","[c]","[c]"
"Leaver Dept.","2022","Commercial","London","Undeclared","60","[c]","[c]","[c]"
"Leaver Dept.","2022","Commercial","London","Unknown","30","[c]","52980","54280"
"Leaver Dept.","2022","Commercial","Outside London","Heterosexual / straight","145","[c]","40450","38140"
"Leaver Dept.","2022","Commercial","Outside London","LGBO","10","[c]","[c]","[c]"
"Leaver Dept.","2022","Commercial","Outside London","Undeclared","65","[c]","[c]","[c]"
"Leaver Dept.","2022","Commercial","Outside London","Unknown","15","[c]","[c]","[c]"
"Leaver Dept.","2022","Commercial","Unknown","Heterosexual / straight","10","[c]","[c]","[c]"
"Leaver Dept.","2022","Commercial","Unknown","LGBO","[c]","[c]","[c]","[c]"
"Leaver Dept.","2022","Commercial","Unknown","Undeclared","40","[c]","[c]","[c]"
"Leaver Dept.","2022","Commercial","Unknown","Unknown","[c]","[c]","[c]","[c]"
"Leaver Dept.","2022","Communications","London","Heterosexual / straight","175","[c]","44050","38440"
"Leaver Dept.","2022","Communications","London","LGBO","25","[c]","[c]","[c]"
"Leaver Dept.","2022","Communications","London","Undeclared","70","[c]","[c]","[c]"
"Leaver Dept.","2022","Communications","London","Unknown","50","[c]","44700","40900"
"Leaver Dept.","2022","Communications","Outside London","Heterosexual / straight","80","[c]","35860","34290"
"Leaver Dept.","2022","Communications","Outside London","LGBO","[c]","[c]","[c]","[c]"
"Leaver Dept.","2022","Communications","Outside London","Undeclared","20","[c]","[c]","[c]"
"Leaver Dept.","2022","Communications","Outside London","Unknown","20","[c]","[c]","[c]"
"Leaver Dept.","2022","Communications","Unknown","Heterosexual / straight","5","[c]","[c]","[c]"
"Leaver Dept.","2022","Communications","Unknown","LGBO","[c]","[c]","[c]","[c]"
"Leaver Dept.","2022","Communications","Unknown","Undeclared","20","[c]","[c]","[c]"
"Leaver Dept.","2022","Communications","Unknown","Unknown","[c]","[c]","[c]","[c]"
"Leaver Dept.","2022","Counter Fraud","London","Heterosexual / straight","25","[c]","[c]","[c]"
"Leaver Dept.","2022","Counter Fraud","London","LGBO","[c]","[c]","[c]","[c]"
"Leaver Dept.","2022","Counter Fraud","London","Undeclared","5","[c]","[c]","[c]"
"Leaver Dept.","2022","Counter Fraud","London","Unknown","5","[c]","[c]","[c]"
"Leaver Dept.","2022","Counter Fraud","Outside London","Heterosexual / straight","70","[c]","29890","27570"
"Leaver Dept.","2022","Counter Fraud","Outside London","LGBO","5","[c]","[c]","[c]"
"Leaver Dept.","2022","Counter Fraud","Outside London","Undeclared","5","[c]","[c]","[c]"
"Leaver Dept.","2022","Counter Fraud","Outside London","Unknown","25","[c]","[c]","[c]"
"Leaver Dept.","2022","Counter Fraud","Unknown","Heterosexual / straight","[c]","[c]","[c]","[c]"
"Leaver Dept.","2022","Counter Fraud","Unknown","LGBO","[c]","[c]","[c]","[c]"
"Leaver Dept.","2022","Counter Fraud","Unknown","Unknown","[c]","[c]","[c]","[c]"
"Leaver Dept.","2022","Debt","London","Heterosexual / straight","[c]","[c]","[c]","[c]"
"Leaver Dept.","2022","Debt","London","LGBO","[c]","[c]","[c]","[c]"
"Leaver Dept.","2022","Debt","Outside London","Heterosexual / straight","40","[c]","23350","21260"
"Leaver Dept.","2022","Debt","Outside London","LGBO","[c]","[c]","[c]","[c]"
"Leaver Dept.","2022","Debt","Outside London","Undeclared","[c]","[c]","[c]","[c]"
"Leaver Dept.","2022","Debt","Outside London","Unknown","10","[c]","[c]","[c]"
"Leaver Dept.","2022","Digital, Data & Technology","London","Heterosexual / straight","165","[c]","46920","40600"
"Leaver Dept.","2022","Digital, Data & Technology","London","LGBO","20","[c]","[c]","[c]"
"Leaver Dept.","2022","Digital, Data & Technology","London","Undeclared","70","[c]","[c]","[c]"
"Leaver Dept.","2022","Digital, Data & Technology","London","Unknown","50","[c]","47520","45000"
"Leaver Dept.","2022","Digital, Data & Technology","Outside London","Heterosexual / straight","255","[c]","39880","36780"
"Leaver Dept.","2022","Digital, Data & Technology","Outside London","LGBO","20","[c]","[c]","[c]"
"Leaver Dept.","2022","Digital, Data & Technology","Outside London","Undeclared","65","[c]","41780","37280"
"Leaver Dept.","2022","Digital, Data & Technology","Outside London","Unknown","80","[c]","38620","36960"
"Leaver Dept.","2022","Digital, Data & Technology","Overseas","Heterosexual / straight","[c]","[c]","[c]","[c]"
"Leaver Dept.","2022","Digital, Data & Technology","Overseas","LGBO","[c]","[c]","[c]","[c]"
"Leaver Dept.","2022","Digital, Data & Technology","Unknown","Heterosexual / straight","20","[c]","[c]","[c]"
"Leaver Dept.","2022","Digital, Data & Technology","Unknown","LGBO","[c]","[c]","[c]","[c]"
"Leaver Dept.","2022","Digital, Data & Technology","Unknown","Undeclared","25","[c]","[c]","[c]"
"Leaver Dept.","2022","Digital, Data & Technology","Unknown","Unknown","[c]","[c]","[c]","[c]"
"Leaver Dept.","2022","Finance","London","Heterosexual / straight","130","[c]","46260","40920"
"Leaver Dept.","2022","Finance","London","LGBO","10","[c]","[c]","[c]"
"Leaver Dept.","2022","Finance","London","Undeclared","60","[c]","[c]","[c]"
"Leaver Dept.","2022","Finance","London","Unknown","25","[c]","[c]","[c]"
"Leaver Dept.","2022","Finance","Outside London","Heterosexual / straight","210","[c]","37480","35310"
"Leaver Dept.","2022","Finance","Outside London","LGBO","15","[c]","[c]","[c]"
"Leaver Dept.","2022","Finance","Outside London","Undeclared","65","[c]","[c]","[c]"
"Leaver Dept.","2022","Finance","Outside London","Unknown","35","[c]","39650","36330"
"Leaver Dept.","2022","Finance","Unknown","Heterosexual / straight","15","[c]","[c]","[c]"
"Leaver Dept.","2022","Finance","Unknown","LGBO","[c]","[c]","[c]","[c]"
"Leaver Dept.","2022","Finance","Unknown","Undeclared","30","[c]","[c]","[c]"
"Leaver Dept.","2022","Grants Management","Outside London","Heterosexual / straight","30","[c]","25930","21300"
"Leaver Dept.","2022","Grants Management","Outside London","LGBO","[c]","[c]","[c]","[c]"
"Leaver Dept.","2022","Grants Management","Outside London","Undeclared","[c]","[c]","[c]","[c]"
"Leaver Dept.","2022","Grants Management","Outside London","Unknown","25","[c]","[c]","[c]"
"Leaver Dept.","2022","Human Resources","London","Heterosexual / straight","250","[c]","41610","34550"
"Leaver Dept.","2022","Human Resources","London","LGBO","25","[c]","[c]","[c]"
"Leaver Dept.","2022","Human Resources","London","Undeclared","40","[c]","[c]","[c]"
"Leaver Dept.","2022","Human Resources","London","Unknown","35","[c]","45770","36910"
"Leaver Dept.","2022","Human Resources","Outside London","Heterosexual / straight","285","[c]","35370","30160"
"Leaver Dept.","2022","Human Resources","Outside London","LGBO","20","[c]","[c]","[c]"
"Leaver Dept.","2022","Human Resources","Outside London","Undeclared","20","[c]","[c]","[c]"
"Leaver Dept.","2022","Human Resources","Outside London","Unknown","35","[c]","32220","29990"
"Leaver Dept.","2022","Human Resources","Unknown","Heterosexual / straight","25","[c]","[c]","[c]"
"Leaver Dept.","2022","Human Resources","Unknown","LGBO","[c]","[c]","[c]","[c]"
"Leaver Dept.","2022","Human Resources","Unknown","Undeclared","10","[c]","[c]","[c]"
"Leaver Dept.","2022","Human Resources","Unknown","Unknown","[c]","[c]","[c]","[c]"
"Leaver Dept.","2022","Internal Audit","London","Heterosexual / straight","5","[c]","[c]","[c]"
"Leaver Dept.","2022","Internal Audit","London","LGBO","[c]","[c]","[c]","[c]"
"Leaver Dept.","2022","Internal Audit","Outside London","Heterosexual / straight","5","[c]","[c]","[c]"
"Leaver Dept.","2022","Internal Audit","Outside London","LGBO","[c]","[c]","[c]","[c]"
"Leaver Dept.","2022","Internal Audit","Outside London","Undeclared","[c]","[c]","[c]","[c]"
"Leaver Dept.","2022","Internal Audit","Outside London","Unknown","[c]","[c]","[c]","[c]"
"Leaver Dept.","2022","Legal","London","Heterosexual / straight","100","[c]","46500","51250"
"Leaver Dept.","2022","Legal","London","LGBO","10","[c]","[c]","[c]"
"Leaver Dept.","2022","Legal","London","Undeclared","10","[c]","[c]","[c]"
"Leaver Dept.","2022","Legal","London","Unknown","50","[c]","51910","54400"
"Leaver Dept.","2022","Legal","Outside London","Heterosexual / straight","40","[c]","33870","25560"
"Leaver Dept.","2022","Legal","Outside London","LGBO","[c]","[c]","[c]","[c]"
"Leaver Dept.","2022","Legal","Outside London","Undeclared","[c]","[c]","[c]","[c]"
"Leaver Dept.","2022","Legal","Outside London","Unknown","10","[c]","[c]","[c]"
"Leaver Dept.","2022","No function","London","Heterosexual / straight","3970","[c]","43090","37660"
"Leaver Dept.","2022","No function","London","LGBO","440","[c]","42480","36760"
"Leaver Dept.","2022","No function","London","Undeclared","790","[c]","44980","40070"
"Leaver Dept.","2022","No function","London","Unknown","1495","[c]","44430","35060"
"Leaver Dept.","2022","No function","Outside London","Heterosexual / straight","5270","[c]","33910","27570"
"Leaver Dept.","2022","No function","Outside London","LGBO","420","[c]","31640","27570"
"Leaver Dept.","2022","No function","Outside London","Undeclared","735","[c]","36730","29320"
"Leaver Dept.","2022","No function","Outside London","Unknown","1220","[c]","37180","30280"
"Leaver Dept.","2022","No function","Overseas","Heterosexual / straight","[c]","[c]","[c]","[c]"
"Leaver Dept.","2022","No function","Overseas","LGBO","[c]","[c]","[c]","[c]"
"Leaver Dept.","2022","No function","Unknown","Heterosexual / straight","190","[c]","38530","33250"
"Leaver Dept.","2022","No function","Unknown","LGBO","20","[c]","[c]","[c]"
"Leaver Dept.","2022","No function","Unknown","Undeclared","45","[c]","[c]","[c]"
"Leaver Dept.","2022","No function","Unknown","Unknown","185","[c]","35710","32000"
"Leaver Dept.","2022","Project Delivery","London","Heterosexual / straight","110","[c]","49810","40400"
"Leaver Dept.","2022","Project Delivery","London","LGBO","10","[c]","[c]","[c]"
"Leaver Dept.","2022","Project Delivery","London","Undeclared","10","[c]","[c]","[c]"
"Leaver Dept.","2022","Project Delivery","London","Unknown","25","[c]","[c]","[c]"
"Leaver Dept.","2022","Project Delivery","Outside London","Heterosexual / straight","385","[c]","36750","34000"
"Leaver Dept.","2022","Project Delivery","Outside London","LGBO","25","[c]","[c]","[c]"
"Leaver Dept.","2022","Project Delivery","Outside London","Undeclared","45","[c]","37030","35640"
"Leaver Dept.","2022","Project Delivery","Outside London","Unknown","60","[c]","39920","37710"
"Leaver Dept.","2022","Project Delivery","Overseas","Heterosexual / straight","[c]","[c]","[c]","[c]"
"Leaver Dept.","2022","Project Delivery","Overseas","LGBO","[c]","[c]","[c]","[c]"
"Leaver Dept.","2022","Project Delivery","Overseas","Unknown","[c]","[c]","[c]","[c]"
"Leaver Dept.","2022","Project Delivery","Unknown","Heterosexual / straight","5","[c]","[c]","[c]"
"Leaver Dept.","2022","Project Delivery","Unknown","LGBO","[c]","[c]","[c]","[c]"
"Leaver Dept.","2022","Project Delivery","Unknown","Undeclared","[c]","[c]","[c]","[c]"
"Leaver Dept.","2022","Project Delivery","Unknown","Unknown","[c]","[c]","[c]","[c]"
"Leaver Dept.","2022","Property","London","Heterosexual / straight","30","[c]","51120","40970"
"Leaver Dept.","2022","Property","London","LGBO","[c]","[c]","[c]","[c]"
"Leaver Dept.","2022","Property","London","Undeclared","5","[c]","[c]","[c]"
"Leaver Dept.","2022","Property","London","Unknown","15","[c]","[c]","[c]"
"Leaver Dept.","2022","Property","Outside London","Heterosexual / straight","70","[c]","35750","33300"
"Leaver Dept.","2022","Property","Outside London","LGBO","5","[c]","[c]","[c]"
"Leaver Dept.","2022","Property","Outside London","Undeclared","15","[c]","[c]","[c]"
"Leaver Dept.","2022","Property","Outside London","Unknown","30","[c]","[c]","[c]"
"Leaver Dept.","2022","Property","Unknown","Heterosexual / straight","[c]","[c]","[c]","[c]"
"Leaver Dept.","2022","Property","Unknown","LGBO","[c]","[c]","[c]","[c]"
"Leaver Dept.","2022","Security","London","Heterosexual / straight","45","[c]","44010","37320"
"Leaver Dept.","2022","Security","London","LGBO","[c]","[c]","[c]","[c]"
"Leaver Dept.","2022","Security","London","Undeclared","5","[c]","[c]","[c]"
"Leaver Dept.","2022","Security","London","Unknown","[c]","[c]","[c]","[c]"
"Leaver Dept.","2022","Security","Outside London","Heterosexual / straight","55","[c]","34270","33300"
"Leaver Dept.","2022","Security","Outside London","LGBO","[c]","[c]","[c]","[c]"
"Leaver Dept.","2022","Security","Outside London","Undeclared","10","[c]","[c]","[c]"
"Leaver Dept.","2022","Security","Outside London","Unknown","25","[c]","[c]","[c]"
"Leaver Dept.","2022","Security","Overseas","Heterosexual / straight","[c]","[c]","[c]","[c]"
"Leaver Dept.","2022","Security","Overseas","LGBO","[c]","[c]","[c]","[c]"
"Leaver Dept.","2022","Security","Unknown","Heterosexual / straight","[c]","[c]","[c]","[c]"
"Leaver Dept.","2022","Security","Unknown","LGBO","[c]","[c]","[c]","[c]"
"Leaver Dept.","2022","Security","Unknown","Undeclared","[c]","[c]","[c]","[c]"
"Leaver Dept.","2022","Security","Unknown","Unknown","[c]","[c]","[c]","[c]"
"Leaver Dept.","2022","Unknown","London","Heterosexual / straight","550","[c]","45120","41960"
"Leaver Dept.","2022","Unknown","London","LGBO","45","[c]","44820","41970"
"Leaver Dept.","2022","Unknown","London","Undeclared","110","[c]","43360","41950"
"Leaver Dept.","2022","Unknown","London","Unknown","665","[c]","41450","35810"
"Leaver Dept.","2022","Unknown","Outside London","Heterosexual / straight","850","[c]","29140","25220"
"Leaver Dept.","2022","Unknown","Outside London","LGBO","60","[c]","30070","25410"
"Leaver Dept.","2022","Unknown","Outside London","Undeclared","100","[c]","30510","26360"
"Leaver Dept.","2022","Unknown","Outside London","Unknown","1280","[c]","33590","27570"
"Leaver Dept.","2022","Unknown","Overseas","Heterosexual / straight","5","[c]","[c]","[c]"
"Leaver Dept.","2022","Unknown","Overseas","LGBO","[c]","[c]","[c]","[c]"
"Leaver Dept.","2022","Unknown","Overseas","Unknown","40","[c]","[c]","[c]"
"Leaver Dept.","2022","Unknown","Unknown","Heterosexual / straight","10","[c]","[c]","[c]"
"Leaver Dept.","2022","Unknown","Unknown","LGBO","[c]","[c]","[c]","[c]"
"Leaver Dept.","2022","Unknown","Unknown","Undeclared","10","[c]","[c]","[c]"
"Leaver Dept.","2022","Unknown","Unknown","Unknown","10","[c]","[c]","[c]"
"New entrant CS","2022","Analysis","London","Heterosexual / straight","365","[c]","37850","33710"
"New entrant CS","2022","Analysis","London","LGBO","60","[c]","34050","33390"
"New entrant CS","2022","Analysis","London","Undeclared","60","[c]","39490","35000"
"New entrant CS","2022","Analysis","London","Unknown","115","[c]","36920","32880"
"New entrant CS","2022","Analysis","Outside London","Heterosexual / straight","555","[c]","31840","30710"
"New entrant CS","2022","Analysis","Outside London","LGBO","80","[c]","30320","30710"
"New entrant CS","2022","Analysis","Outside London","Undeclared","70","[c]","31090","30710"
"New entrant CS","2022","Analysis","Outside London","Unknown","160","[c]","30150","29230"
"New entrant CS","2022","Analysis","Overseas","Heterosexual / straight","[c]","[c]","[c]","[c]"
"New entrant CS","2022","Analysis","Overseas","LGBO","[c]","[c]","[c]","[c]"
"New entrant CS","2022","Analysis","Unknown","Heterosexual / straight","[c]","[c]","[c]","[c]"
"New entrant CS","2022","Analysis","Unknown","LGBO","[c]","[c]","[c]","[c]"
"New entrant CS","2022","Analysis","Unknown","Undeclared","5","[c]","[c]","[c]"
"New entrant CS","2022","Analysis","Unknown","Unknown","[c]","[c]","[c]","[c]"
"New entrant CS","2022","Commercial","London","Heterosexual / straight","125","[c]","37840","34550"
"New entrant CS","2022","Commercial","London","LGBO","15","[c]","[c]","[c]"
"New entrant CS","2022","Commercial","London","Undeclared","40","[c]","[c]","[c]"
"New entrant CS","2022","Commercial","London","Unknown","100","[c]","64710","67750"
"New entrant CS","2022","Commercial","Outside London","Heterosexual / straight","360","[c]","33100","30420"
"New entrant CS","2022","Commercial","Outside London","LGBO","30","[c]","29310","26670"
"New entrant CS","2022","Commercial","Outside London","Undeclared","50","[c]","[c]","[c]"
"New entrant CS","2022","Commercial","Outside London","Unknown","230","[c]","51970","46430"
"New entrant CS","2022","Commercial","Overseas","Heterosexual / straight","[c]","[c]","[c]","[c]"
"New entrant CS","2022","Commercial","Overseas","LGBO","[c]","[c]","[c]","[c]"
"New entrant CS","2022","Commercial","Overseas","Unknown","[c]","[c]","[c]","[c]"
"New entrant CS","2022","Commercial","Unknown","Heterosexual / straight","10","[c]","[c]","[c]"
"New entrant CS","2022","Commercial","Unknown","LGBO","[c]","[c]","[c]","[c]"
"New entrant CS","2022","Commercial","Unknown","Undeclared","10","[c]","[c]","[c]"
"New entrant CS","2022","Commercial","Unknown","Unknown","20","[c]","[c]","[c]"
"New entrant CS","2022","Communications","London","Heterosexual / straight","205","[c]","38610","34710"
"New entrant CS","2022","Communications","London","LGBO","35","[c]","35910","33210"
"New entrant CS","2022","Communications","London","Undeclared","90","[c]","33680","27270"
"New entrant CS","2022","Communications","London","Unknown","105","[c]","37350","35170"
"New entrant CS","2022","Communications","Outside London","Heterosexual / straight","550","[c]","28490","26590"
"New entrant CS","2022","Communications","Outside London","LGBO","65","[c]","28590","26590"
"New entrant CS","2022","Communications","Outside London","Undeclared","45","[c]","34700","26820"
"New entrant CS","2022","Communications","Outside London","Unknown","405","[c]","27270","26590"
"New entrant CS","2022","Communications","Unknown","Heterosexual / straight","[c]","[c]","[c]","[c]"
"New entrant CS","2022","Communications","Unknown","LGBO","[c]","[c]","[c]","[c]"
"New entrant CS","2022","Communications","Unknown","Undeclared","[c]","[c]","[c]","[c]"
"New entrant CS","2022","Communications","Unknown","Unknown","[c]","[c]","[c]","[c]"
"New entrant CS","2022","Counter Fraud","London","Heterosexual / straight","215","[c]","30420","30750"
"New entrant CS","2022","Counter Fraud","London","LGBO","15","[c]","[c]","[c]"
"New entrant CS","2022","Counter Fraud","London","Undeclared","10","[c]","[c]","[c]"
"New entrant CS","2022","Counter Fraud","London","Unknown","75","[c]","32040","30750"
"New entrant CS","2022","Counter Fraud","Outside London","Heterosexual / straight","870","[c]","26140","26590"
"New entrant CS","2022","Counter Fraud","Outside London","LGBO","75","[c]","25960","26590"
"New entrant CS","2022","Counter Fraud","Outside London","Undeclared","45","[c]","26130","26590"
"New entrant CS","2022","Counter Fraud","Outside London","Unknown","285","[c]","26830","26590"
"New entrant CS","2022","Counter Fraud","Unknown","Heterosexual / straight","[c]","[c]","[c]","[c]"
"New entrant CS","2022","Counter Fraud","Unknown","LGBO","[c]","[c]","[c]","[c]"
"New entrant CS","2022","Counter Fraud","Unknown","Unknown","[c]","[c]","[c]","[c]"
"New entrant CS","2022","Debt","London","Heterosexual / straight","[c]","[c]","[c]","[c]"
"New entrant CS","2022","Debt","London","LGBO","[c]","[c]","[c]","[c]"
"New entrant CS","2022","Debt","London","Unknown","[c]","[c]","[c]","[c]"
"New entrant CS","2022","Debt","Outside London","Heterosexual / straight","620","[c]","21630","21250"
"New entrant CS","2022","Debt","Outside London","LGBO","65","[c]","21400","21250"
"New entrant CS","2022","Debt","Outside London","Undeclared","25","[c]","[c]","[c]"
"New entrant CS","2022","Debt","Outside London","Unknown","310","[c]","21460","21250"
"New entrant CS","2022","Debt","Unknown","Heterosexual / straight","[c]","[c]","[c]","[c]"
"New entrant CS","2022","Debt","Unknown","LGBO","[c]","[c]","[c]","[c]"
"New entrant CS","2022","Debt","Unknown","Unknown","[c]","[c]","[c]","[c]"
"New entrant CS","2022","Digital, Data & Technology","London","Heterosexual / straight","420","[c]","43530","40620"
"New entrant CS","2022","Digital, Data & Technology","London","LGBO","60","[c]","42880","40600"
"New entrant CS","2022","Digital, Data & Technology","London","Undeclared","80","[c]","41220","35930"
"New entrant CS","2022","Digital, Data & Technology","London","Unknown","165","[c]","43320","39000"
"New entrant CS","2022","Digital, Data & Technology","Outside London","Heterosexual / straight","1340","[c]","36170","33080"
"New entrant CS","2022","Digital, Data & Technology","Outside London","LGBO","130","[c]","32860","30450"
"New entrant CS","2022","Digital, Data & Technology","Outside London","Undeclared","175","[c]","35530","33080"
"New entrant CS","2022","Digital, Data & Technology","Outside London","Unknown","485","[c]","35210","33080"
"New entrant CS","2022","Digital, Data & Technology","Overseas","Heterosexual / straight","5","[c]","[c]","[c]"
"New entrant CS","2022","Digital, Data & Technology","Overseas","LGBO","[c]","[c]","[c]","[c]"
"New entrant CS","2022","Digital, Data & Technology","Unknown","Heterosexual / straight","20","[c]","[c]","[c]"
"New entrant CS","2022","Digital, Data & Technology","Unknown","LGBO","5","[c]","[c]","[c]"
"New entrant CS","2022","Digital, Data & Technology","Unknown","Undeclared","5","[c]","[c]","[c]"
"New entrant CS","2022","Digital, Data & Technology","Unknown","Unknown","[c]","[c]","[c]","[c]"
"New entrant CS","2022","Finance","London","Heterosexual / straight","155","[c]","39790","36650"
"New entrant CS","2022","Finance","London","LGBO","15","[c]","[c]","[c]"
"New entrant CS","2022","Finance","London","Undeclared","50","[c]","39240","32790"
"New entrant CS","2022","Finance","London","Unknown","50","[c]","47480","43430"
"New entrant CS","2022","Finance","Outside London","Heterosexual / straight","555","[c]","31870","29180"
"New entrant CS","2022","Finance","Outside London","LGBO","50","[c]","31280","27610"
"New entrant CS","2022","Finance","Outside London","Undeclared","80","[c]","31840","27570"
"New entrant CS","2022","Finance","Outside London","Unknown","205","[c]","31910","29160"
"New entrant CS","2022","Finance","Unknown","Heterosexual / straight","[c]","[c]","[c]","[c]"
"New entrant CS","2022","Finance","Unknown","LGBO","[c]","[c]","[c]","[c]"
"New entrant CS","2022","Finance","Unknown","Undeclared","10","[c]","[c]","[c]"
"New entrant CS","2022","Grants Management","London","Heterosexual / straight","[c]","[c]","[c]","[c]"
"New entrant CS","2022","Grants Management","London","LGBO","[c]","[c]","[c]","[c]"
"New entrant CS","2022","Grants Management","London","Undeclared","[c]","[c]","[c]","[c]"
"New entrant CS","2022","Grants Management","Outside London","Heterosexual / straight","155","[c]","21680","21300"
"New entrant CS","2022","Grants Management","Outside London","LGBO","15","[c]","[c]","[c]"
"New entrant CS","2022","Grants Management","Outside London","Undeclared","15","[c]","[c]","[c]"
"New entrant CS","2022","Grants Management","Outside London","Unknown","335","[c]","21560","21300"
"New entrant CS","2022","Human Resources","London","Heterosexual / straight","240","[c]","34940","32130"
"New entrant CS","2022","Human Resources","London","LGBO","35","[c]","42580","34260"
"New entrant CS","2022","Human Resources","London","Undeclared","45","[c]","31520","28000"
"New entrant CS","2022","Human Resources","London","Unknown","65","[c]","35710","32440"
"New entrant CS","2022","Human Resources","Outside London","Heterosexual / straight","640","[c]","31520","27570"
"New entrant CS","2022","Human Resources","Outside London","LGBO","75","[c]","28560","25990"
"New entrant CS","2022","Human Resources","Outside London","Undeclared","30","[c]","29110","27570"
"New entrant CS","2022","Human Resources","Outside London","Unknown","215","[c]","32950","27570"
"New entrant CS","2022","Human Resources","Unknown","Heterosexual / straight","5","[c]","[c]","[c]"
"New entrant CS","2022","Human Resources","Unknown","LGBO","[c]","[c]","[c]","[c]"
"New entrant CS","2022","Human Resources","Unknown","Undeclared","[c]","[c]","[c]","[c]"
"New entrant CS","2022","Human Resources","Unknown","Unknown","[c]","[c]","[c]","[c]"
"New entrant CS","2022","Internal Audit","London","Heterosexual / straight","15","[c]","[c]","[c]"
"New entrant CS","2022","Internal Audit","London","LGBO","[c]","[c]","[c]","[c]"
"New entrant CS","2022","Internal Audit","London","Undeclared","[c]","[c]","[c]","[c]"
"New entrant CS","2022","Internal Audit","London","Unknown","[c]","[c]","[c]","[c]"
"New entrant CS","2022","Internal Audit","Outside London","Heterosexual / straight","25","[c]","[c]","[c]"
"New entrant CS","2022","Internal Audit","Outside London","LGBO","[c]","[c]","[c]","[c]"
"New entrant CS","2022","Internal Audit","Outside London","Undeclared","[c]","[c]","[c]","[c]"
"New entrant CS","2022","Internal Audit","Outside London","Unknown","[c]","[c]","[c]","[c]"
"New entrant CS","2022","Legal","London","Heterosexual / straight","475","[c]","40460","40000"
"New entrant CS","2022","Legal","London","LGBO","35","[c]","38820","37610"
"New entrant CS","2022","Legal","London","Undeclared","40","[c]","37670","29280"
"New entrant CS","2022","Legal","London","Unknown","60","[c]","39510","37230"
"New entrant CS","2022","Legal","Outside London","Heterosexual / straight","525","[c]","33650","27230"
"New entrant CS","2022","Legal","Outside London","LGBO","50","[c]","27270","25480"
"New entrant CS","2022","Legal","Outside London","Undeclared","30","[c]","31360","26230"
"New entrant CS","2022","Legal","Outside London","Unknown","40","[c]","37800","38000"
"New entrant CS","2022","No function","London","Heterosexual / straight","4585","[c]","35150","31800"
"New entrant CS","2022","No function","London","LGBO","560","[c]","34910","32330"
"New entrant CS","2022","No function","London","Undeclared","590","[c]","36430","32790"
"New entrant CS","2022","No function","London","Unknown","2550","[c]","33950","30520"
"New entrant CS","2022","No function","Outside London","Heterosexual / straight","20095","[c]","26760","24470"
"New entrant CS","2022","No function","Outside London","LGBO","2130","[c]","26000","23390"
"New entrant CS","2022","No function","Outside London","Undeclared","1275","[c]","28020","25710"
"New entrant CS","2022","No function","Outside London","Unknown","9610","[c]","25430","23140"
"New entrant CS","2022","No function","Overseas","Heterosexual / straight","5","[c]","[c]","[c]"
"New entrant CS","2022","No function","Overseas","LGBO","[c]","[c]","[c]","[c]"
"New entrant CS","2022","No function","Unknown","Heterosexual / straight","175","[c]","29600","27570"
"New entrant CS","2022","No function","Unknown","LGBO","20","[c]","[c]","[c]"
"New entrant CS","2022","No function","Unknown","Undeclared","25","[c]","[c]","[c]"
"New entrant CS","2022","No function","Unknown","Unknown","285","[c]","28140","28000"
"New entrant CS","2022","Project Delivery","London","Heterosexual / straight","180","[c]","46650","43430"
"New entrant CS","2022","Project Delivery","London","LGBO","20","[c]","[c]","[c]"
"New entrant CS","2022","Project Delivery","London","Undeclared","15","[c]","[c]","[c]"
"New entrant CS","2022","Project Delivery","London","Unknown","65","[c]","44620","37930"
"New entrant CS","2022","Project Delivery","Outside London","Heterosexual / straight","1135","[c]","34480","33000"
"New entrant CS","2022","Project Delivery","Outside London","LGBO","75","[c]","32530","27570"
"New entrant CS","2022","Project Delivery","Outside London","Undeclared","65","[c]","34500","33000"
"New entrant CS","2022","Project Delivery","Outside London","Unknown","445","[c]","31000","29000"
"New entrant CS","2022","Project Delivery","Overseas","Heterosexual / straight","[c]","[c]","[c]","[c]"
"New entrant CS","2022","Project Delivery","Overseas","LGBO","[c]","[c]","[c]","[c]"
"New entrant CS","2022","Project Delivery","Overseas","Undeclared","[c]","[c]","[c]","[c]"
"New entrant CS","2022","Project Delivery","Overseas","Unknown","[c]","[c]","[c]","[c]"
"New entrant CS","2022","Project Delivery","Unknown","Heterosexual / straight","[c]","[c]","[c]","[c]"
"New entrant CS","2022","Project Delivery","Unknown","LGBO","[c]","[c]","[c]","[c]"
"New entrant CS","2022","Project Delivery","Unknown","Undeclared","[c]","[c]","[c]","[c]"
"New entrant CS","2022","Project Delivery","Unknown","Unknown","[c]","[c]","[c]","[c]"
"New entrant CS","2022","Property","London","Heterosexual / straight","90","[c]","38080","34260"
"New entrant CS","2022","Property","London","LGBO","5","[c]","[c]","[c]"
"New entrant CS","2022","Property","London","Undeclared","10","[c]","[c]","[c]"
"New entrant CS","2022","Property","London","Unknown","65","[c]","37720","31080"
"New entrant CS","2022","Property","Outside London","Heterosexual / straight","495","[c]","33420","29360"
"New entrant CS","2022","Property","Outside London","LGBO","45","[c]","30350","25000"
"New entrant CS","2022","Property","Outside London","Undeclared","25","[c]","[c]","[c]"
"New entrant CS","2022","Property","Outside London","Unknown","370","[c]","28520","25000"
"New entrant CS","2022","Property","Overseas","Heterosexual / straight","[c]","[c]","[c]","[c]"
"New entrant CS","2022","Property","Overseas","LGBO","[c]","[c]","[c]","[c]"
"New entrant CS","2022","Property","Overseas","Unknown","[c]","[c]","[c]","[c]"
"New entrant CS","2022","Property","Unknown","Heterosexual / straight","5","[c]","[c]","[c]"
"New entrant CS","2022","Property","Unknown","LGBO","[c]","[c]","[c]","[c]"
"New entrant CS","2022","Property","Unknown","Undeclared","[c]","[c]","[c]","[c]"
"New entrant CS","2022","Security","London","Heterosexual / straight","80","[c]","35090","30200"
"New entrant CS","2022","Security","London","LGBO","5","[c]","[c]","[c]"
"New entrant CS","2022","Security","London","Undeclared","10","[c]","[c]","[c]"
"New entrant CS","2022","Security","London","Unknown","70","[c]","31520","28700"
"New entrant CS","2022","Security","Outside London","Heterosexual / straight","370","[c]","28320","25000"
"New entrant CS","2022","Security","Outside London","LGBO","15","[c]","[c]","[c]"
"New entrant CS","2022","Security","Outside London","Undeclared","25","[c]","[c]","[c]"
"New entrant CS","2022","Security","Outside London","Unknown","270","[c]","26370","25000"
"New entrant CS","2022","Security","Overseas","Heterosexual / straight","[c]","[c]","[c]","[c]"
"New entrant CS","2022","Security","Overseas","LGBO","[c]","[c]","[c]","[c]"
"New entrant CS","2022","Security","Unknown","Heterosexual / straight","15","[c]","[c]","[c]"
"New entrant CS","2022","Security","Unknown","LGBO","[c]","[c]","[c]","[c]"
"New entrant CS","2022","Security","Unknown","Unknown","10","[c]","[c]","[c]"
"New entrant CS","2022","Unknown","London","Heterosexual / straight","305","[c]","35770","31060"
"New entrant CS","2022","Unknown","London","LGBO","35","[c]","37580","35050"
"New entrant CS","2022","Unknown","London","Undeclared","40","[c]","34140","32790"
"New entrant CS","2022","Unknown","London","Unknown","835","[c]","34390","28650"
"New entrant CS","2022","Unknown","Outside London","Heterosexual / straight","3510","[c]","30420","27230"
"New entrant CS","2022","Unknown","Outside London","LGBO","405","[c]","29400","27230"
"New entrant CS","2022","Unknown","Outside London","Undeclared","240","[c]","30900","27230"
"New entrant CS","2022","Unknown","Outside London","Unknown","4025","[c]","29010","24880"
"New entrant CS","2022","Unknown","Overseas","Heterosexual / straight","5","[c]","[c]","[c]"
"New entrant CS","2022","Unknown","Overseas","LGBO","[c]","[c]","[c]","[c]"
"New entrant CS","2022","Unknown","Overseas","Unknown","25","[c]","[c]","[c]"
"New entrant CS","2022","Unknown","Unknown","Heterosexual / straight","25","[c]","[c]","[c]"
"New entrant CS","2022","Unknown","Unknown","LGBO","[c]","[c]","[c]","[c]"
"New entrant CS","2022","Unknown","Unknown","Undeclared","[c]","[c]","[c]","[c]"
"New entrant CS","2022","Unknown","Unknown","Unknown","180","[c]","22260","16190"
"Notes","Summary figures are suppressed when information relates to less than 5 civil servants for FTE or Headcount, and less than 10 civil servants for median and mean salary (shown as [c]). Zero responses and salaries for less than 30 civil servants have been suppressed for GPDR special category data. FTE figures are not shown for entrants or leavers due to data quality concerns for these groups. Figures are rounded to the nearest 5, or 10 as appropriate.","","","","","","",""
"Data source","All figures are aggregated from the Cabinet Office Annual Civil Service Employment Survey collection. https://www.gov.uk/government/collections/civil-service-statistics","","","","","","",""
"Version","Generated on 2023-02-14, with GIT 71a76ea.","","","","","","",""
"Data column","Description","","","","","","",""
"Status","Employment status of the civil servants.","","","","","","",""
"","In post - includes staff that were in post on the reference date (31 March).","","","","","","",""
"","New entrant CS - includes new entrants to the Civil Service over the year (1 April to 31 March).","","","","","","",""
"","Leaver CS - includes leavers from the Civil Service over the year (1 April to 31 March). This includes employees who have an Unknown leaving cause.","","","","","","",""
"","Leaver Dept. - includes leavers from the department over the year (1 April to 31 March), who did not leave the Civil Service.","","","","","","",""
"","Five organisations do not report when their employees first entered the Civil Service and so entrants data for these organisations is not available . These are as follows: Foreign Commonwealth and Development Office (excl. agencies), Foreign Commonwealth and Development Office Services, Defence Electronics and Components Agency, Scottish Forestry and Forest and Land Scotland. A further three organisations also could not provide entrants data in 2021. These are as follows: Department for International Development, Foreign and Commonwealth Office (excl. agencies) and Royal Fleet Auxiliary.","","","","","","",""
"","Organisation specific notes on status: In late June 2021 around 7,000 employees from Community Rehabilitation Companies were transferred in from the private sector to HM Prison and Probation Service, counting as entrants. HM Land Registry do not record where their departing employees transfer to and so are unable to identify those that transfer to another Civil Service department.","","","","","","",""
"Year","Year of data collection (as at 31 March).","","","","","","",""
"Region_london","Workplace postcode data are used to derive geographical information using the International Territorial Level (ITL) classification standard.","","","","","","",""
"","Region_london groups the ITL classifications into ""London"", ""Outside London"": all UK regions excluding London, ""Overseas"", and ""Unknown"".","","","","","","",""
"Function_of_post","Functions relate to the post occupied by the person and are not dependent on qualifications the individual may have.","","","","","","",""
"","Home Office, Welsh Government and Royal Fleet Auxiliary did not report any functions information for their employees.","","","","","","",""
"","Of the 20 bodies under the Scottish Government, 16 did not report any functions information for their employees.","","","","","","",""
"Sexual_orientation","Self reported sexual orientation.","","","","","","",""
"","""Undeclared"" accounts for employees who have actively declared that they do not want to disclose their sexual orientation and ""Unknown"" accounts for employees who have not made an active declaration about their sexual orientation.","","","","","","",""
"Headcount","Total number of civil servants (rounded to nearest 5).","","","","","","",""
"FTE","Total full-time equivalent (FTE) employment numbers (rounded to nearest 5).","","","","","","",""
"","FTE figures are not shown for entrants or leavers due to data quality concerns for these groups.","","","","","","",""
"Mean_salary","Average salary (mean, rounded to nearest 10). For part-time employees, salaries represent the full-time equivalent earnings, while for full-time employees they are the actual annual gross salaries.","","","","","","",""
"","These figures should be interpreted with caution when the total number of employees in a group is small, as they will tend to show more variability than larger groups (i.e. may be much higher or lower than can be explained by the data shown).","","","","","","",""
"Median_salary","Median salary (rounded to nearest 10). For part-time employees, salaries represent the full-time equivalent earnings, while for full-time employees they are the actual annual gross salaries.","","","","","","",""
"","These figures should be interpreted with caution when the total number of employees in a group is small, as they will tend to show more variability than larger groups (i.e. may be much higher or lower than can be explained by the data shown).","","","","","","",""
