"Status","Year","Disability","Region_ITL1","Region_ITL2","Region_london","Headcount","FTE","Mean_salary","Median_salary"
"In post","2022","Declared disabled","East Midlands (England)","Derbyshire and Nottinghamshire","Outside London","1740","1600","30220","27570"
"In post","2022","Declared disabled","East Midlands (England)","Leicestershire, Rutland and Northamptonshire","Outside London","805","725","27210","26830"
"In post","2022","Declared disabled","East Midlands (England)","Lincolnshire","Outside London","415","385","28500","27570"
"In post","2022","Declared disabled","East of England","Bedfordshire and Hertfordshire","Outside London","545","505","32170","29290"
"In post","2022","Declared disabled","East of England","East Anglia","Outside London","1475","1350","29690","27570"
"In post","2022","Declared disabled","East of England","Essex","Outside London","685","620","30280","29290"
"In post","2022","Declared disabled","London","Inner London - East","London","1860","1760","38740","33440"
"In post","2022","Declared disabled","London","Inner London - West","London","5455","5275","45430","40600"
"In post","2022","Declared disabled","London","Outer London - East and North East","London","530","490","30950","31060"
"In post","2022","Declared disabled","London","Outer London - South","London","1205","1130","37480","33230"
"In post","2022","Declared disabled","London","Outer London - West and North West","London","880","810","32430","31060"
"In post","2022","Declared disabled","North East (England)","Northumberland, and Tyne and Wear","Outside London","2600","2295","28260","26820"
"In post","2022","Declared disabled","North East (England)","Tees Valley and Durham","Outside London","1230","1095","28220","27570"
"In post","2022","Declared disabled","North West (England)","Cheshire","Outside London","465","420","30370","27570"
"In post","2022","Declared disabled","North West (England)","Cumbria","Outside London","260","235","28950","25930"
"In post","2022","Declared disabled","North West (England)","Greater Manchester","Outside London","2395","2210","30950","27570"
"In post","2022","Declared disabled","North West (England)","Lancashire","Outside London","2065","1850","27880","27570"
"In post","2022","Declared disabled","North West (England)","Merseyside","Outside London","2500","2245","28770","26820"
"In post","2022","Declared disabled","Northern Ireland","Northern Ireland","Outside London","340","315","29440","26820"
"In post","2022","Declared disabled","Overseas","Overseas","Overseas","235","235","47790","44970"
"In post","2022","Declared disabled","Scotland","Eastern Scotland","Outside London","2060","1915","33870","28990"
"In post","2022","Declared disabled","Scotland","Highlands and Islands","Outside London","180","160","28940","27570"
"In post","2022","Declared disabled","Scotland","North Eastern Scotland","Outside London","135","125","33920","27750"
"In post","2022","Declared disabled","Scotland","Southern Scotland","Outside London","535","475","29180","26990"
"In post","2022","Declared disabled","Scotland","West Central Scotland","Outside London","1935","1750","29600","27570"
"In post","2022","Declared disabled","South East (England)","Berkshire, Buckinghamshire and Oxfordshire","Outside London","1040","980","32410","29290"
"In post","2022","Declared disabled","South East (England)","Hampshire and Isle of Wight","Outside London","1655","1495","30650","27570"
"In post","2022","Declared disabled","South East (England)","Kent","Outside London","995","920","29870","29260"
"In post","2022","Declared disabled","South East (England)","Surrey, East and West Sussex","Outside London","1035","940","30070","27570"
"In post","2022","Declared disabled","South West (England)","Cornwall and Isles of Scilly","Outside London","250","225","26730","27570"
"In post","2022","Declared disabled","South West (England)","Devon","Outside London","1055","945","29250","27570"
"In post","2022","Declared disabled","South West (England)","Dorset and Somerset","Outside London","660","600","29460","27570"
"In post","2022","Declared disabled","South West (England)","Gloucestershire, Wiltshire and Bath/Bristol area","Outside London","3025","2855","34850","32380"
"In post","2022","Declared disabled","Unknown","Unknown","Unknown","150","140","32460","28000"
"In post","2022","Declared disabled","Wales","East Wales","Outside London","1895","1750","32260","27570"
"In post","2022","Declared disabled","Wales","West Wales and The Valleys","Outside London","1930","1685","26660","25570"
"In post","2022","Declared disabled","West Midlands (England)","Herefordshire, Worcestershire and Warwickshire","Outside London","480","440","28870","27570"
"In post","2022","Declared disabled","West Midlands (England)","Shropshire and Staffordshire","Outside London","1170","1070","29900","27570"
"In post","2022","Declared disabled","West Midlands (England)","West Midlands","Outside London","2380","2160","29970","27570"
"In post","2022","Declared disabled","Yorkshire and The Humber","East Yorkshire and Northern Lincolnshire","Outside London","550","490","27730","27380"
"In post","2022","Declared disabled","Yorkshire and The Humber","North Yorkshire","Outside London","490","460","31710","27570"
"In post","2022","Declared disabled","Yorkshire and The Humber","South Yorkshire","Outside London","1310","1175","30610","27570"
"In post","2022","Declared disabled","Yorkshire and The Humber","West Yorkshire","Outside London","2015","1835","31560","27570"
"In post","2022","Declared non-disabled","East Midlands (England)","Derbyshire and Nottinghamshire","Outside London","8895","8250","32580","27570"
"In post","2022","Declared non-disabled","East Midlands (England)","Leicestershire, Rutland and Northamptonshire","Outside London","4285","3935","28580","26950"
"In post","2022","Declared non-disabled","East Midlands (England)","Lincolnshire","Outside London","2095","1975","28880","26930"
"In post","2022","Declared non-disabled","East of England","Bedfordshire and Hertfordshire","Outside London","3150","2960","33440","29290"
"In post","2022","Declared non-disabled","East of England","East Anglia","Outside London","8780","8185","30380","27570"
"In post","2022","Declared non-disabled","East of England","Essex","Outside London","3590","3310","31500","29290"
"In post","2022","Declared non-disabled","London","Inner London - East","London","11915","11415","42900","37610"
"In post","2022","Declared non-disabled","London","Inner London - West","London","38320","37190","48580","44500"
"In post","2022","Declared non-disabled","London","Outer London - East and North East","London","2825","2630","31650","31060"
"In post","2022","Declared non-disabled","London","Outer London - South","London","7945","7535","39090","35070"
"In post","2022","Declared non-disabled","London","Outer London - West and North West","London","6365","5935","33320","31060"
"In post","2022","Declared non-disabled","North East (England)","Northumberland, and Tyne and Wear","Outside London","15365","13955","30610","27570"
"In post","2022","Declared non-disabled","North East (England)","Tees Valley and Durham","Outside London","6645","6050","29160","27130"
"In post","2022","Declared non-disabled","North West (England)","Cheshire","Outside London","2500","2330","31480","27570"
"In post","2022","Declared non-disabled","North West (England)","Cumbria","Outside London","1790","1640","28450","25100"
"In post","2022","Declared non-disabled","North West (England)","Greater Manchester","Outside London","13920","13115","32530","27570"
"In post","2022","Declared non-disabled","North West (England)","Lancashire","Outside London","10240","9360","29650","27570"
"In post","2022","Declared non-disabled","North West (England)","Merseyside","Outside London","14285","13175","29800","26820"
"In post","2022","Declared non-disabled","Northern Ireland","Northern Ireland","Outside London","2565","2435","30190","26820"
"In post","2022","Declared non-disabled","Overseas","Overseas","Overseas","2350","2340","49080","47470"
"In post","2022","Declared non-disabled","Scotland","Eastern Scotland","Outside London","11185","10570","36350","30840"
"In post","2022","Declared non-disabled","Scotland","Highlands and Islands","Outside London","1425","1345","29990","27570"
"In post","2022","Declared non-disabled","Scotland","North Eastern Scotland","Outside London","1120","1050","38920","31540"
"In post","2022","Declared non-disabled","Scotland","Southern Scotland","Outside London","3730","3410","30930","27570"
"In post","2022","Declared non-disabled","Scotland","West Central Scotland","Outside London","11990","11155","32000","27570"
"In post","2022","Declared non-disabled","South East (England)","Berkshire, Buckinghamshire and Oxfordshire","Outside London","6305","5980","33410","29530"
"In post","2022","Declared non-disabled","South East (England)","Hampshire and Isle of Wight","Outside London","10390","9675","33990","30450"
"In post","2022","Declared non-disabled","South East (England)","Kent","Outside London","5935","5550","30140","28710"
"In post","2022","Declared non-disabled","South East (England)","Surrey, East and West Sussex","Outside London","6080","5570","31600","28140"
"In post","2022","Declared non-disabled","South West (England)","Cornwall and Isles of Scilly","Outside London","1250","1150","27850","26840"
"In post","2022","Declared non-disabled","South West (England)","Devon","Outside London","6760","6210","33070","28080"
"In post","2022","Declared non-disabled","South West (England)","Dorset and Somerset","Outside London","3675","3425","30530","27570"
"In post","2022","Declared non-disabled","South West (England)","Gloucestershire, Wiltshire and Bath/Bristol area","Outside London","21615","20560","36970","33350"
"In post","2022","Declared non-disabled","Unknown","Unknown","Unknown","850","805","33320","29390"
"In post","2022","Declared non-disabled","Wales","East Wales","Outside London","13985","13150","34950","30450"
"In post","2022","Declared non-disabled","Wales","West Wales and The Valleys","Outside London","12325","11230","29760","27030"
"In post","2022","Declared non-disabled","West Midlands (England)","Herefordshire, Worcestershire and Warwickshire","Outside London","2960","2770","29030","26700"
"In post","2022","Declared non-disabled","West Midlands (England)","Shropshire and Staffordshire","Outside London","6050","5655","31160","27570"
"In post","2022","Declared non-disabled","West Midlands (England)","West Midlands","Outside London","13155","12180","31540","27570"
"In post","2022","Declared non-disabled","Yorkshire and The Humber","East Yorkshire and Northern Lincolnshire","Outside London","3490","3185","28620","27130"
"In post","2022","Declared non-disabled","Yorkshire and The Humber","North Yorkshire","Outside London","3230","3065","33160","29270"
"In post","2022","Declared non-disabled","Yorkshire and The Humber","South Yorkshire","Outside London","7255","6605","32340","27570"
"In post","2022","Declared non-disabled","Yorkshire and The Humber","West Yorkshire","Outside London","12100","11230","33000","27570"
"In post","2022","Undeclared","East Midlands (England)","Derbyshire and Nottinghamshire","Outside London","800","745","32050","29190"
"In post","2022","Undeclared","East Midlands (England)","Leicestershire, Rutland and Northamptonshire","Outside London","435","405","29000","27570"
"In post","2022","Undeclared","East Midlands (England)","Lincolnshire","Outside London","275","260","29470","27570"
"In post","2022","Undeclared","East of England","Bedfordshire and Hertfordshire","Outside London","255","245","33340","30700"
"In post","2022","Undeclared","East of England","East Anglia","Outside London","1025","950","31190","31180"
"In post","2022","Undeclared","East of England","Essex","Outside London","305","280","31750","29290"
"In post","2022","Undeclared","London","Inner London - East","London","930","885","40490","35900"
"In post","2022","Undeclared","London","Inner London - West","London","3025","2950","46590","42250"
"In post","2022","Undeclared","London","Outer London - East and North East","London","290","270","32040","31060"
"In post","2022","Undeclared","London","Outer London - South","London","620","590","39800","35200"
"In post","2022","Undeclared","London","Outer London - West and North West","London","490","455","33900","31060"
"In post","2022","Undeclared","North East (England)","Northumberland, and Tyne and Wear","Outside London","1020","940","30660","27570"
"In post","2022","Undeclared","North East (England)","Tees Valley and Durham","Outside London","800","715","30390","31150"
"In post","2022","Undeclared","North West (England)","Cheshire","Outside London","280","265","31040","31180"
"In post","2022","Undeclared","North West (England)","Cumbria","Outside London","115","105","30490","27570"
"In post","2022","Undeclared","North West (England)","Greater Manchester","Outside London","1205","1130","31960","29360"
"In post","2022","Undeclared","North West (England)","Lancashire","Outside London","995","905","29180","27570"
"In post","2022","Undeclared","North West (England)","Merseyside","Outside London","895","825","30620","27570"
"In post","2022","Undeclared","Northern Ireland","Northern Ireland","Outside London","220","210","29910","26820"
"In post","2022","Undeclared","Overseas","Overseas","Overseas","160","155","46740","41820"
"In post","2022","Undeclared","Scotland","Eastern Scotland","Outside London","570","535","33360","27570"
"In post","2022","Undeclared","Scotland","Highlands and Islands","Outside London","45","45","29880","26930"
"In post","2022","Undeclared","Scotland","North Eastern Scotland","Outside London","55","55","41370","30360"
"In post","2022","Undeclared","Scotland","Southern Scotland","Outside London","175","160","30860","27370"
"In post","2022","Undeclared","Scotland","West Central Scotland","Outside London","695","640","30500","27570"
"In post","2022","Undeclared","South East (England)","Berkshire, Buckinghamshire and Oxfordshire","Outside London","725","680","34050","33430"
"In post","2022","Undeclared","South East (England)","Hampshire and Isle of Wight","Outside London","995","920","31670","29670"
"In post","2022","Undeclared","South East (England)","Kent","Outside London","690","640","30300","29290"
"In post","2022","Undeclared","South East (England)","Surrey, East and West Sussex","Outside London","655","610","32440","30170"
"In post","2022","Undeclared","South West (England)","Cornwall and Isles of Scilly","Outside London","95","90","27930","26710"
"In post","2022","Undeclared","South West (England)","Devon","Outside London","470","430","30440","27570"
"In post","2022","Undeclared","South West (England)","Dorset and Somerset","Outside London","395","370","31210","28700"
"In post","2022","Undeclared","South West (England)","Gloucestershire, Wiltshire and Bath/Bristol area","Outside London","1645","1560","37250","33840"
"In post","2022","Undeclared","Unknown","Unknown","Unknown","55","50","35620","31060"
"In post","2022","Undeclared","Wales","East Wales","Outside London","910","855","32450","29470"
"In post","2022","Undeclared","Wales","West Wales and The Valleys","Outside London","995","900","29230","26750"
"In post","2022","Undeclared","West Midlands (England)","Herefordshire, Worcestershire and Warwickshire","Outside London","390","370","30400","30450"
"In post","2022","Undeclared","West Midlands (England)","Shropshire and Staffordshire","Outside London","645","595","30770","27570"
"In post","2022","Undeclared","West Midlands (England)","West Midlands","Outside London","900","835","30810","27570"
"In post","2022","Undeclared","Yorkshire and The Humber","East Yorkshire and Northern Lincolnshire","Outside London","400","365","30740","31300"
"In post","2022","Undeclared","Yorkshire and The Humber","North Yorkshire","Outside London","295","280","31860","29390"
"In post","2022","Undeclared","Yorkshire and The Humber","South Yorkshire","Outside London","580","540","32740","30820"
"In post","2022","Undeclared","Yorkshire and The Humber","West Yorkshire","Outside London","970","895","31950","30450"
"In post","2022","Unknown","East Midlands (England)","Derbyshire and Nottinghamshire","Outside London","2275","2165","30760","26820"
"In post","2022","Unknown","East Midlands (England)","Leicestershire, Rutland and Northamptonshire","Outside London","750","710","26930","24260"
"In post","2022","Unknown","East Midlands (England)","Lincolnshire","Outside London","235","225","28760","26110"
"In post","2022","Unknown","East of England","Bedfordshire and Hertfordshire","Outside London","745","720","35120","32120"
"In post","2022","Unknown","East of England","East Anglia","Outside London","1630","1540","31760","27260"
"In post","2022","Unknown","East of England","Essex","Outside London","735","690","30830","26820"
"In post","2022","Unknown","London","Inner London - East","London","4350","4185","42680","37930"
"In post","2022","Unknown","London","Inner London - West","London","13975","13730","46280","40650"
"In post","2022","Unknown","London","Outer London - East and North East","London","420","410","30440","30460"
"In post","2022","Unknown","London","Outer London - South","London","2040","1985","38740","35050"
"In post","2022","Unknown","London","Outer London - West and North West","London","1390","1330","36750","31060"
"In post","2022","Unknown","North East (England)","Northumberland, and Tyne and Wear","Outside London","4260","3880","28970","26590"
"In post","2022","Unknown","North East (England)","Tees Valley and Durham","Outside London","1180","1130","27800","24880"
"In post","2022","Unknown","North West (England)","Cheshire","Outside London","1140","1110","33960","32770"
"In post","2022","Unknown","North West (England)","Cumbria","Outside London","150","145","31180","27570"
"In post","2022","Unknown","North West (England)","Greater Manchester","Outside London","4090","3930","31820","27570"
"In post","2022","Unknown","North West (England)","Lancashire","Outside London","1475","1375","28350","24800"
"In post","2022","Unknown","North West (England)","Merseyside","Outside London","3540","3340","28930","24900"
"In post","2022","Unknown","Northern Ireland","Northern Ireland","Outside London","1140","1090","28390","24880"
"In post","2022","Unknown","Overseas","Overseas","Overseas","940","930","51580","51500"
"In post","2022","Unknown","Scotland","Eastern Scotland","Outside London","7185","6795","35320","31800"
"In post","2022","Unknown","Scotland","Highlands and Islands","Outside London","355","325","30420","27940"
"In post","2022","Unknown","Scotland","North Eastern Scotland","Outside London","625","585","33140","30680"
"In post","2022","Unknown","Scotland","Southern Scotland","Outside London","1795","1645","29130","26120"
"In post","2022","Unknown","Scotland","West Central Scotland","Outside London","5230","4950","32940","30450"
"In post","2022","Unknown","South East (England)","Berkshire, Buckinghamshire and Oxfordshire","Outside London","1470","1405","34810","30700"
"In post","2022","Unknown","South East (England)","Hampshire and Isle of Wight","Outside London","2525","2270","31470","26830"
"In post","2022","Unknown","South East (England)","Kent","Outside London","1140","1095","29260","26640"
"In post","2022","Unknown","South East (England)","Surrey, East and West Sussex","Outside London","995","930","32380","27760"
"In post","2022","Unknown","South West (England)","Cornwall and Isles of Scilly","Outside London","170","155","28790","24090"
"In post","2022","Unknown","South West (England)","Devon","Outside London","1030","980","29070","25120"
"In post","2022","Unknown","South West (England)","Dorset and Somerset","Outside London","730","690","30980","27130"
"In post","2022","Unknown","South West (England)","Gloucestershire, Wiltshire and Bath/Bristol area","Outside London","3880","3705","36790","33080"
"In post","2022","Unknown","Unknown","Unknown","Unknown","2255","2240","37180","32700"
"In post","2022","Unknown","Wales","East Wales","Outside London","4060","3855","31400","26880"
"In post","2022","Unknown","Wales","West Wales and The Valleys","Outside London","1795","1680","27750","22600"
"In post","2022","Unknown","West Midlands (England)","Herefordshire, Worcestershire and Warwickshire","Outside London","360","340","28940","24770"
"In post","2022","Unknown","West Midlands (England)","Shropshire and Staffordshire","Outside London","1050","995","32140","26610"
"In post","2022","Unknown","West Midlands (England)","West Midlands","Outside London","3630","3465","31860","27570"
"In post","2022","Unknown","Yorkshire and The Humber","East Yorkshire and Northern Lincolnshire","Outside London","510","495","26690","24880"
"In post","2022","Unknown","Yorkshire and The Humber","North Yorkshire","Outside London","635","605","32810","28200"
"In post","2022","Unknown","Yorkshire and The Humber","South Yorkshire","Outside London","1340","1290","32720","28200"
"In post","2022","Unknown","Yorkshire and The Humber","West Yorkshire","Outside London","4060","3890","32480","27570"
"Leaver CS","2022","Declared disabled","East Midlands (England)","Derbyshire and Nottinghamshire","Outside London","140","[c]","28070","27570"
"Leaver CS","2022","Declared disabled","East Midlands (England)","Leicestershire, Rutland and Northamptonshire","Outside London","100","[c]","28040","22600"
"Leaver CS","2022","Declared disabled","East Midlands (England)","Lincolnshire","Outside London","40","[c]","[c]","[c]"
"Leaver CS","2022","Declared disabled","East of England","Bedfordshire and Hertfordshire","Outside London","70","[c]","30710","27570"
"Leaver CS","2022","Declared disabled","East of England","East Anglia","Outside London","170","[c]","28010","26700"
"Leaver CS","2022","Declared disabled","East of England","Essex","Outside London","70","[c]","30660","29290"
"Leaver CS","2022","Declared disabled","London","Inner London - East","London","210","[c]","39080","32320"
"Leaver CS","2022","Declared disabled","London","Inner London - West","London","380","[c]","40610","35000"
"Leaver CS","2022","Declared disabled","London","Outer London - East and North East","London","35","[c]","[c]","[c]"
"Leaver CS","2022","Declared disabled","London","Outer London - South","London","90","[c]","34070","29370"
"Leaver CS","2022","Declared disabled","London","Outer London - West and North West","London","90","[c]","31090","31060"
"Leaver CS","2022","Declared disabled","North East (England)","Northumberland, and Tyne and Wear","Outside London","200","[c]","25690","21260"
"Leaver CS","2022","Declared disabled","North East (England)","Tees Valley and Durham","Outside London","80","[c]","29340","25120"
"Leaver CS","2022","Declared disabled","North West (England)","Cheshire","Outside London","40","[c]","[c]","[c]"
"Leaver CS","2022","Declared disabled","North West (England)","Cumbria","Outside London","20","[c]","[c]","[c]"
"Leaver CS","2022","Declared disabled","North West (England)","Greater Manchester","Outside London","160","[c]","27870","26060"
"Leaver CS","2022","Declared disabled","North West (England)","Lancashire","Outside London","145","[c]","25480","21260"
"Leaver CS","2022","Declared disabled","North West (England)","Merseyside","Outside London","180","[c]","27260","25040"
"Leaver CS","2022","Declared disabled","Northern Ireland","Northern Ireland","Outside London","40","[c]","[c]","[c]"
"Leaver CS","2022","Declared disabled","Overseas","Overseas","Overseas","10","[c]","[c]","[c]"
"Leaver CS","2022","Declared disabled","Scotland","Eastern Scotland","Outside London","175","[c]","31290","27570"
"Leaver CS","2022","Declared disabled","Scotland","Highlands and Islands","Outside London","15","[c]","[c]","[c]"
"Leaver CS","2022","Declared disabled","Scotland","North Eastern Scotland","Outside London","10","[c]","[c]","[c]"
"Leaver CS","2022","Declared disabled","Scotland","Southern Scotland","Outside London","45","[c]","[c]","[c]"
"Leaver CS","2022","Declared disabled","Scotland","West Central Scotland","Outside London","125","[c]","28570","23540"
"Leaver CS","2022","Declared disabled","South East (England)","Berkshire, Buckinghamshire and Oxfordshire","Outside London","105","[c]","29690","27570"
"Leaver CS","2022","Declared disabled","South East (England)","Hampshire and Isle of Wight","Outside London","160","[c]","29390","27570"
"Leaver CS","2022","Declared disabled","South East (England)","Kent","Outside London","105","[c]","29320","27370"
"Leaver CS","2022","Declared disabled","South East (England)","Surrey, East and West Sussex","Outside London","85","[c]","26990","27570"
"Leaver CS","2022","Declared disabled","South West (England)","Cornwall and Isles of Scilly","Outside London","20","[c]","[c]","[c]"
"Leaver CS","2022","Declared disabled","South West (England)","Devon","Outside London","80","[c]","26700","22350"
"Leaver CS","2022","Declared disabled","South West (England)","Dorset and Somerset","Outside London","60","[c]","27240","26780"
"Leaver CS","2022","Declared disabled","South West (England)","Gloucestershire, Wiltshire and Bath/Bristol area","Outside London","265","[c]","33480","27570"
"Leaver CS","2022","Declared disabled","Unknown","Unknown","Unknown","55","[c]","26190","21840"
"Leaver CS","2022","Declared disabled","Wales","East Wales","Outside London","140","[c]","32820","27570"
"Leaver CS","2022","Declared disabled","Wales","West Wales and The Valleys","Outside London","100","[c]","26190","22350"
"Leaver CS","2022","Declared disabled","West Midlands (England)","Herefordshire, Worcestershire and Warwickshire","Outside London","55","[c]","24860","26350"
"Leaver CS","2022","Declared disabled","West Midlands (England)","Shropshire and Staffordshire","Outside London","110","[c]","27190","27570"
"Leaver CS","2022","Declared disabled","West Midlands (England)","West Midlands","Outside London","135","[c]","27920","27570"
"Leaver CS","2022","Declared disabled","Yorkshire and The Humber","East Yorkshire and Northern Lincolnshire","Outside London","40","[c]","25890","26120"
"Leaver CS","2022","Declared disabled","Yorkshire and The Humber","North Yorkshire","Outside London","35","[c]","28630","26670"
"Leaver CS","2022","Declared disabled","Yorkshire and The Humber","South Yorkshire","Outside London","115","[c]","29970","27570"
"Leaver CS","2022","Declared disabled","Yorkshire and The Humber","West Yorkshire","Outside London","165","[c]","27690","26120"
"Leaver CS","2022","Declared non-disabled","East Midlands (England)","Derbyshire and Nottinghamshire","Outside London","630","[c]","29230","27570"
"Leaver CS","2022","Declared non-disabled","East Midlands (England)","Leicestershire, Rutland and Northamptonshire","Outside London","510","[c]","29280","27470"
"Leaver CS","2022","Declared non-disabled","East Midlands (England)","Lincolnshire","Outside London","200","[c]","28780","27150"
"Leaver CS","2022","Declared non-disabled","East of England","Bedfordshire and Hertfordshire","Outside London","355","[c]","31120","29210"
"Leaver CS","2022","Declared non-disabled","East of England","East Anglia","Outside London","955","[c]","30940","27570"
"Leaver CS","2022","Declared non-disabled","East of England","Essex","Outside London","405","[c]","30320","29290"
"Leaver CS","2022","Declared non-disabled","London","Inner London - East","London","1660","[c]","43920","37040"
"Leaver CS","2022","Declared non-disabled","London","Inner London - West","London","2535","[c]","46000","40990"
"Leaver CS","2022","Declared non-disabled","London","Outer London - East and North East","London","245","[c]","30840","31060"
"Leaver CS","2022","Declared non-disabled","London","Outer London - South","London","485","[c]","35600","31060"
"Leaver CS","2022","Declared non-disabled","London","Outer London - West and North West","London","575","[c]","31510","31060"
"Leaver CS","2022","Declared non-disabled","North East (England)","Northumberland, and Tyne and Wear","Outside London","1105","[c]","27890","21300"
"Leaver CS","2022","Declared non-disabled","North East (England)","Tees Valley and Durham","Outside London","450","[c]","27190","22200"
"Leaver CS","2022","Declared non-disabled","North West (England)","Cheshire","Outside London","205","[c]","30850","27570"
"Leaver CS","2022","Declared non-disabled","North West (England)","Cumbria","Outside London","150","[c]","29660","25680"
"Leaver CS","2022","Declared non-disabled","North West (England)","Greater Manchester","Outside London","970","[c]","31440","27570"
"Leaver CS","2022","Declared non-disabled","North West (England)","Lancashire","Outside London","695","[c]","26980","21260"
"Leaver CS","2022","Declared non-disabled","North West (England)","Merseyside","Outside London","840","[c]","28060","25040"
"Leaver CS","2022","Declared non-disabled","Northern Ireland","Northern Ireland","Outside London","140","[c]","27750","23160"
"Leaver CS","2022","Declared non-disabled","Overseas","Overseas","Overseas","70","[c]","53150","46860"
"Leaver CS","2022","Declared non-disabled","Scotland","Eastern Scotland","Outside London","755","[c]","34710","27570"
"Leaver CS","2022","Declared non-disabled","Scotland","Highlands and Islands","Outside London","140","[c]","28120","26780"
"Leaver CS","2022","Declared non-disabled","Scotland","North Eastern Scotland","Outside London","80","[c]","34910","27570"
"Leaver CS","2022","Declared non-disabled","Scotland","Southern Scotland","Outside London","310","[c]","30190","27570"
"Leaver CS","2022","Declared non-disabled","Scotland","West Central Scotland","Outside London","695","[c]","30120","26380"
"Leaver CS","2022","Declared non-disabled","South East (England)","Berkshire, Buckinghamshire and Oxfordshire","Outside London","830","[c]","30290","27570"
"Leaver CS","2022","Declared non-disabled","South East (England)","Hampshire and Isle of Wight","Outside London","915","[c]","32000","27570"
"Leaver CS","2022","Declared non-disabled","South East (England)","Kent","Outside London","500","[c]","31840","29290"
"Leaver CS","2022","Declared non-disabled","South East (England)","Surrey, East and West Sussex","Outside London","625","[c]","30770","27570"
"Leaver CS","2022","Declared non-disabled","South West (England)","Cornwall and Isles of Scilly","Outside London","115","[c]","26070","21260"
"Leaver CS","2022","Declared non-disabled","South West (England)","Devon","Outside London","520","[c]","30600","27570"
"Leaver CS","2022","Declared non-disabled","South West (England)","Dorset and Somerset","Outside London","345","[c]","29930","27570"
"Leaver CS","2022","Declared non-disabled","South West (England)","Gloucestershire, Wiltshire and Bath/Bristol area","Outside London","1705","[c]","34310","30370"
"Leaver CS","2022","Declared non-disabled","Unknown","Unknown","Unknown","420","[c]","28060","21840"
"Leaver CS","2022","Declared non-disabled","Wales","East Wales","Outside London","925","[c]","32720","27570"
"Leaver CS","2022","Declared non-disabled","Wales","West Wales and The Valleys","Outside London","410","[c]","29820","26120"
"Leaver CS","2022","Declared non-disabled","West Midlands (England)","Herefordshire, Worcestershire and Warwickshire","Outside London","290","[c]","27670","27370"
"Leaver CS","2022","Declared non-disabled","West Midlands (England)","Shropshire and Staffordshire","Outside London","480","[c]","28800","27570"
"Leaver CS","2022","Declared non-disabled","West Midlands (England)","West Midlands","Outside London","890","[c]","33020","27570"
"Leaver CS","2022","Declared non-disabled","Yorkshire and The Humber","East Yorkshire and Northern Lincolnshire","Outside London","290","[c]","27960","27130"
"Leaver CS","2022","Declared non-disabled","Yorkshire and The Humber","North Yorkshire","Outside London","275","[c]","32160","27570"
"Leaver CS","2022","Declared non-disabled","Yorkshire and The Humber","South Yorkshire","Outside London","460","[c]","29840","26160"
"Leaver CS","2022","Declared non-disabled","Yorkshire and The Humber","West Yorkshire","Outside London","1070","[c]","30650","27570"
"Leaver CS","2022","Undeclared","East Midlands (England)","Derbyshire and Nottinghamshire","Outside London","70","[c]","28150","25700"
"Leaver CS","2022","Undeclared","East Midlands (England)","Leicestershire, Rutland and Northamptonshire","Outside London","60","[c]","[c]","[c]"
"Leaver CS","2022","Undeclared","East Midlands (England)","Lincolnshire","Outside London","20","[c]","[c]","[c]"
"Leaver CS","2022","Undeclared","East of England","Bedfordshire and Hertfordshire","Outside London","30","[c]","[c]","[c]"
"Leaver CS","2022","Undeclared","East of England","East Anglia","Outside London","100","[c]","31540","27570"
"Leaver CS","2022","Undeclared","East of England","Essex","Outside London","25","[c]","[c]","[c]"
"Leaver CS","2022","Undeclared","London","Inner London - East","London","90","[c]","42160","40070"
"Leaver CS","2022","Undeclared","London","Inner London - West","London","225","[c]","45680","41750"
"Leaver CS","2022","Undeclared","London","Outer London - East and North East","London","25","[c]","[c]","[c]"
"Leaver CS","2022","Undeclared","London","Outer London - South","London","25","[c]","[c]","[c]"
"Leaver CS","2022","Undeclared","London","Outer London - West and North West","London","45","[c]","33340","30920"
"Leaver CS","2022","Undeclared","North East (England)","Northumberland, and Tyne and Wear","Outside London","80","[c]","29990","25010"
"Leaver CS","2022","Undeclared","North East (England)","Tees Valley and Durham","Outside London","50","[c]","[c]","[c]"
"Leaver CS","2022","Undeclared","North West (England)","Cheshire","Outside London","25","[c]","[c]","[c]"
"Leaver CS","2022","Undeclared","North West (England)","Cumbria","Outside London","15","[c]","[c]","[c]"
"Leaver CS","2022","Undeclared","North West (England)","Greater Manchester","Outside London","75","[c]","26600","22330"
"Leaver CS","2022","Undeclared","North West (England)","Lancashire","Outside London","75","[c]","25160","21260"
"Leaver CS","2022","Undeclared","North West (England)","Merseyside","Outside London","55","[c]","27060","25080"
"Leaver CS","2022","Undeclared","Northern Ireland","Northern Ireland","Outside London","15","[c]","[c]","[c]"
"Leaver CS","2022","Undeclared","Overseas","Overseas","Overseas","[c]","[c]","[c]","[c]"
"Leaver CS","2022","Undeclared","Scotland","Eastern Scotland","Outside London","40","[c]","[c]","[c]"
"Leaver CS","2022","Undeclared","Scotland","Highlands and Islands","Outside London","5","[c]","[c]","[c]"
"Leaver CS","2022","Undeclared","Scotland","North Eastern Scotland","Outside London","[c]","[c]","[c]","[c]"
"Leaver CS","2022","Undeclared","Scotland","Southern Scotland","Outside London","15","[c]","[c]","[c]"
"Leaver CS","2022","Undeclared","Scotland","West Central Scotland","Outside London","40","[c]","34630","28210"
"Leaver CS","2022","Undeclared","South East (England)","Berkshire, Buckinghamshire and Oxfordshire","Outside London","70","[c]","30400","26640"
"Leaver CS","2022","Undeclared","South East (England)","Hampshire and Isle of Wight","Outside London","145","[c]","29290","27570"
"Leaver CS","2022","Undeclared","South East (England)","Kent","Outside London","50","[c]","[c]","[c]"
"Leaver CS","2022","Undeclared","South East (England)","Surrey, East and West Sussex","Outside London","60","[c]","28890","25770"
"Leaver CS","2022","Undeclared","South West (England)","Cornwall and Isles of Scilly","Outside London","10","[c]","[c]","[c]"
"Leaver CS","2022","Undeclared","South West (England)","Devon","Outside London","35","[c]","[c]","[c]"
"Leaver CS","2022","Undeclared","South West (England)","Dorset and Somerset","Outside London","30","[c]","[c]","[c]"
"Leaver CS","2022","Undeclared","South West (England)","Gloucestershire, Wiltshire and Bath/Bristol area","Outside London","125","[c]","35100","34940"
"Leaver CS","2022","Undeclared","Unknown","Unknown","Unknown","45","[c]","30440","25740"
"Leaver CS","2022","Undeclared","Wales","East Wales","Outside London","105","[c]","30770","27570"
"Leaver CS","2022","Undeclared","Wales","West Wales and The Valleys","Outside London","30","[c]","[c]","[c]"
"Leaver CS","2022","Undeclared","West Midlands (England)","Herefordshire, Worcestershire and Warwickshire","Outside London","35","[c]","[c]","[c]"
"Leaver CS","2022","Undeclared","West Midlands (England)","Shropshire and Staffordshire","Outside London","50","[c]","[c]","[c]"
"Leaver CS","2022","Undeclared","West Midlands (England)","West Midlands","Outside London","55","[c]","30030","27570"
"Leaver CS","2022","Undeclared","Yorkshire and The Humber","East Yorkshire and Northern Lincolnshire","Outside London","30","[c]","[c]","[c]"
"Leaver CS","2022","Undeclared","Yorkshire and The Humber","North Yorkshire","Outside London","25","[c]","[c]","[c]"
"Leaver CS","2022","Undeclared","Yorkshire and The Humber","South Yorkshire","Outside London","35","[c]","[c]","[c]"
"Leaver CS","2022","Undeclared","Yorkshire and The Humber","West Yorkshire","Outside London","85","[c]","28080","24900"
"Leaver CS","2022","Unknown","East Midlands (England)","Derbyshire and Nottinghamshire","Outside London","230","[c]","27830","24880"
"Leaver CS","2022","Unknown","East Midlands (England)","Leicestershire, Rutland and Northamptonshire","Outside London","250","[c]","24670","21260"
"Leaver CS","2022","Unknown","East Midlands (England)","Lincolnshire","Outside London","30","[c]","[c]","[c]"
"Leaver CS","2022","Unknown","East of England","Bedfordshire and Hertfordshire","Outside London","145","[c]","33050","29670"
"Leaver CS","2022","Unknown","East of England","East Anglia","Outside London","230","[c]","36500","27570"
"Leaver CS","2022","Unknown","East of England","Essex","Outside London","120","[c]","30080","24880"
"Leaver CS","2022","Unknown","London","Inner London - East","London","650","[c]","45390","38200"
"Leaver CS","2022","Unknown","London","Inner London - West","London","1790","[c]","42070","35060"
"Leaver CS","2022","Unknown","London","Outer London - East and North East","London","110","[c]","27600","30130"
"Leaver CS","2022","Unknown","London","Outer London - South","London","175","[c]","32530","30130"
"Leaver CS","2022","Unknown","London","Outer London - West and North West","London","200","[c]","34810","31060"
"Leaver CS","2022","Unknown","North East (England)","Northumberland, and Tyne and Wear","Outside London","455","[c]","31700","24880"
"Leaver CS","2022","Unknown","North East (England)","Tees Valley and Durham","Outside London","130","[c]","24760","22600"
"Leaver CS","2022","Unknown","North West (England)","Cheshire","Outside London","75","[c]","33940","30560"
"Leaver CS","2022","Unknown","North West (England)","Cumbria","Outside London","15","[c]","[c]","[c]"
"Leaver CS","2022","Unknown","North West (England)","Greater Manchester","Outside London","395","[c]","32120","26780"
"Leaver CS","2022","Unknown","North West (England)","Lancashire","Outside London","210","[c]","26030","21260"
"Leaver CS","2022","Unknown","North West (England)","Merseyside","Outside London","270","[c]","30300","26130"
"Leaver CS","2022","Unknown","Northern Ireland","Northern Ireland","Outside London","65","[c]","[c]","[c]"
"Leaver CS","2022","Unknown","Overseas","Overseas","Overseas","60","[c]","43060","41600"
"Leaver CS","2022","Unknown","Scotland","Eastern Scotland","Outside London","670","[c]","33720","30450"
"Leaver CS","2022","Unknown","Scotland","Highlands and Islands","Outside London","35","[c]","27310","25000"
"Leaver CS","2022","Unknown","Scotland","North Eastern Scotland","Outside London","60","[c]","29220","27230"
"Leaver CS","2022","Unknown","Scotland","Southern Scotland","Outside London","170","[c]","30910","27570"
"Leaver CS","2022","Unknown","Scotland","West Central Scotland","Outside London","355","[c]","32640","27230"
"Leaver CS","2022","Unknown","South East (England)","Berkshire, Buckinghamshire and Oxfordshire","Outside London","295","[c]","30670","26470"
"Leaver CS","2022","Unknown","South East (England)","Hampshire and Isle of Wight","Outside London","320","[c]","26380","21720"
"Leaver CS","2022","Unknown","South East (England)","Kent","Outside London","145","[c]","30210","24880"
"Leaver CS","2022","Unknown","South East (England)","Surrey, East and West Sussex","Outside London","165","[c]","30770","25770"
"Leaver CS","2022","Unknown","South West (England)","Cornwall and Isles of Scilly","Outside London","30","[c]","[c]","[c]"
"Leaver CS","2022","Unknown","South West (England)","Devon","Outside London","125","[c]","28930","25500"
"Leaver CS","2022","Unknown","South West (England)","Dorset and Somerset","Outside London","90","[c]","31180","26740"
"Leaver CS","2022","Unknown","South West (England)","Gloucestershire, Wiltshire and Bath/Bristol area","Outside London","510","[c]","32850","28050"
"Leaver CS","2022","Unknown","Unknown","Unknown","Unknown","710","[c]","35270","31880"
"Leaver CS","2022","Unknown","Wales","East Wales","Outside London","385","[c]","30250","24030"
"Leaver CS","2022","Unknown","Wales","West Wales and The Valleys","Outside London","110","[c]","26130","25190"
"Leaver CS","2022","Unknown","West Midlands (England)","Herefordshire, Worcestershire and Warwickshire","Outside London","85","[c]","24200","21170"
"Leaver CS","2022","Unknown","West Midlands (England)","Shropshire and Staffordshire","Outside London","140","[c]","27930","22350"
"Leaver CS","2022","Unknown","West Midlands (England)","West Midlands","Outside London","405","[c]","33750","27570"
"Leaver CS","2022","Unknown","Yorkshire and The Humber","East Yorkshire and Northern Lincolnshire","Outside London","60","[c]","[c]","[c]"
"Leaver CS","2022","Unknown","Yorkshire and The Humber","North Yorkshire","Outside London","80","[c]","31970","26670"
"Leaver CS","2022","Unknown","Yorkshire and The Humber","South Yorkshire","Outside London","135","[c]","31490","27570"
"Leaver CS","2022","Unknown","Yorkshire and The Humber","West Yorkshire","Outside London","600","[c]","31600","27570"
"Leaver Dept.","2022","Declared disabled","East Midlands (England)","Derbyshire and Nottinghamshire","Outside London","55","[c]","28810","27570"
"Leaver Dept.","2022","Declared disabled","East Midlands (England)","Leicestershire, Rutland and Northamptonshire","Outside London","15","[c]","[c]","[c]"
"Leaver Dept.","2022","Declared disabled","East Midlands (England)","Lincolnshire","Outside London","[c]","[c]","[c]","[c]"
"Leaver Dept.","2022","Declared disabled","East of England","Bedfordshire and Hertfordshire","Outside London","5","[c]","[c]","[c]"
"Leaver Dept.","2022","Declared disabled","East of England","East Anglia","Outside London","30","[c]","[c]","[c]"
"Leaver Dept.","2022","Declared disabled","East of England","Essex","Outside London","10","[c]","[c]","[c]"
"Leaver Dept.","2022","Declared disabled","London","Inner London - East","London","155","[c]","40490","36650"
"Leaver Dept.","2022","Declared disabled","London","Inner London - West","London","465","[c]","44420","39600"
"Leaver Dept.","2022","Declared disabled","London","Outer London - East and North East","London","15","[c]","[c]","[c]"
"Leaver Dept.","2022","Declared disabled","London","Outer London - South","London","30","[c]","[c]","[c]"
"Leaver Dept.","2022","Declared disabled","London","Outer London - West and North West","London","60","[c]","36890","32330"
"Leaver Dept.","2022","Declared disabled","North East (England)","Northumberland, and Tyne and Wear","Outside London","60","[c]","29090","27570"
"Leaver Dept.","2022","Declared disabled","North East (England)","Tees Valley and Durham","Outside London","25","[c]","[c]","[c]"
"Leaver Dept.","2022","Declared disabled","North West (England)","Cheshire","Outside London","10","[c]","[c]","[c]"
"Leaver Dept.","2022","Declared disabled","North West (England)","Cumbria","Outside London","[c]","[c]","[c]","[c]"
"Leaver Dept.","2022","Declared disabled","North West (England)","Greater Manchester","Outside London","90","[c]","30760","27660"
"Leaver Dept.","2022","Declared disabled","North West (England)","Lancashire","Outside London","35","[c]","33590","31990"
"Leaver Dept.","2022","Declared disabled","North West (England)","Merseyside","Outside London","70","[c]","30330","27570"
"Leaver Dept.","2022","Declared disabled","Northern Ireland","Northern Ireland","Outside London","[c]","[c]","[c]","[c]"
"Leaver Dept.","2022","Declared disabled","Overseas","Overseas","Overseas","[c]","[c]","[c]","[c]"
"Leaver Dept.","2022","Declared disabled","Scotland","Eastern Scotland","Outside London","50","[c]","28280","27570"
"Leaver Dept.","2022","Declared disabled","Scotland","Highlands and Islands","Outside London","[c]","[c]","[c]","[c]"
"Leaver Dept.","2022","Declared disabled","Scotland","North Eastern Scotland","Outside London","[c]","[c]","[c]","[c]"
"Leaver Dept.","2022","Declared disabled","Scotland","Southern Scotland","Outside London","10","[c]","[c]","[c]"
"Leaver Dept.","2022","Declared disabled","Scotland","West Central Scotland","Outside London","55","[c]","26300","27230"
"Leaver Dept.","2022","Declared disabled","South East (England)","Berkshire, Buckinghamshire and Oxfordshire","Outside London","25","[c]","[c]","[c]"
"Leaver Dept.","2022","Declared disabled","South East (England)","Hampshire and Isle of Wight","Outside London","25","[c]","[c]","[c]"
"Leaver Dept.","2022","Declared disabled","South East (England)","Kent","Outside London","15","[c]","[c]","[c]"
"Leaver Dept.","2022","Declared disabled","South East (England)","Surrey, East and West Sussex","Outside London","20","[c]","[c]","[c]"
"Leaver Dept.","2022","Declared disabled","South West (England)","Cornwall and Isles of Scilly","Outside London","[c]","[c]","[c]","[c]"
"Leaver Dept.","2022","Declared disabled","South West (England)","Devon","Outside London","15","[c]","[c]","[c]"
"Leaver Dept.","2022","Declared disabled","South West (England)","Dorset and Somerset","Outside London","[c]","[c]","[c]","[c]"
"Leaver Dept.","2022","Declared disabled","South West (England)","Gloucestershire, Wiltshire and Bath/Bristol area","Outside London","135","[c]","34450","31950"
"Leaver Dept.","2022","Declared disabled","Unknown","Unknown","Unknown","40","[c]","33730","32000"
"Leaver Dept.","2022","Declared disabled","Wales","East Wales","Outside London","50","[c]","31690","27570"
"Leaver Dept.","2022","Declared disabled","Wales","West Wales and The Valleys","Outside London","20","[c]","[c]","[c]"
"Leaver Dept.","2022","Declared disabled","West Midlands (England)","Herefordshire, Worcestershire and Warwickshire","Outside London","5","[c]","[c]","[c]"
"Leaver Dept.","2022","Declared disabled","West Midlands (England)","Shropshire and Staffordshire","Outside London","20","[c]","[c]","[c]"
"Leaver Dept.","2022","Declared disabled","West Midlands (England)","West Midlands","Outside London","90","[c]","30820","27570"
"Leaver Dept.","2022","Declared disabled","Yorkshire and The Humber","East Yorkshire and Northern Lincolnshire","Outside London","[c]","[c]","[c]","[c]"
"Leaver Dept.","2022","Declared disabled","Yorkshire and The Humber","North Yorkshire","Outside London","20","[c]","[c]","[c]"
"Leaver Dept.","2022","Declared disabled","Yorkshire and The Humber","South Yorkshire","Outside London","20","[c]","[c]","[c]"
"Leaver Dept.","2022","Declared disabled","Yorkshire and The Humber","West Yorkshire","Outside London","95","[c]","32080","30190"
"Leaver Dept.","2022","Declared non-disabled","East Midlands (England)","Derbyshire and Nottinghamshire","Outside London","305","[c]","33480","28590"
"Leaver Dept.","2022","Declared non-disabled","East Midlands (England)","Leicestershire, Rutland and Northamptonshire","Outside London","75","[c]","26430","24000"
"Leaver Dept.","2022","Declared non-disabled","East Midlands (England)","Lincolnshire","Outside London","25","[c]","[c]","[c]"
"Leaver Dept.","2022","Declared non-disabled","East of England","Bedfordshire and Hertfordshire","Outside London","55","[c]","37240","30910"
"Leaver Dept.","2022","Declared non-disabled","East of England","East Anglia","Outside London","295","[c]","36570","30460"
"Leaver Dept.","2022","Declared non-disabled","East of England","Essex","Outside London","80","[c]","33430","29290"
"Leaver Dept.","2022","Declared non-disabled","London","Inner London - East","London","1675","[c]","44720","40070"
"Leaver Dept.","2022","Declared non-disabled","London","Inner London - West","London","3190","[c]","46300","40680"
"Leaver Dept.","2022","Declared non-disabled","London","Outer London - East and North East","London","75","[c]","31120","31060"
"Leaver Dept.","2022","Declared non-disabled","London","Outer London - South","London","230","[c]","39340","35050"
"Leaver Dept.","2022","Declared non-disabled","London","Outer London - West and North West","London","825","[c]","37980","32330"
"Leaver Dept.","2022","Declared non-disabled","North East (England)","Northumberland, and Tyne and Wear","Outside London","510","[c]","31510","27570"
"Leaver Dept.","2022","Declared non-disabled","North East (England)","Tees Valley and Durham","Outside London","145","[c]","31090","27570"
"Leaver Dept.","2022","Declared non-disabled","North West (England)","Cheshire","Outside London","55","[c]","32600","27570"
"Leaver Dept.","2022","Declared non-disabled","North West (England)","Cumbria","Outside London","35","[c]","28470","26990"
"Leaver Dept.","2022","Declared non-disabled","North West (England)","Greater Manchester","Outside London","635","[c]","33130","27570"
"Leaver Dept.","2022","Declared non-disabled","North West (England)","Lancashire","Outside London","165","[c]","33900","28590"
"Leaver Dept.","2022","Declared non-disabled","North West (England)","Merseyside","Outside London","460","[c]","28980","25450"
"Leaver Dept.","2022","Declared non-disabled","Northern Ireland","Northern Ireland","Outside London","35","[c]","[c]","[c]"
"Leaver Dept.","2022","Declared non-disabled","Overseas","Overseas","Overseas","25","[c]","[c]","[c]"
"Leaver Dept.","2022","Declared non-disabled","Scotland","Eastern Scotland","Outside London","290","[c]","28670","27570"
"Leaver Dept.","2022","Declared non-disabled","Scotland","Highlands and Islands","Outside London","15","[c]","[c]","[c]"
"Leaver Dept.","2022","Declared non-disabled","Scotland","North Eastern Scotland","Outside London","10","[c]","[c]","[c]"
"Leaver Dept.","2022","Declared non-disabled","Scotland","Southern Scotland","Outside London","105","[c]","36280","33930"
"Leaver Dept.","2022","Declared non-disabled","Scotland","West Central Scotland","Outside London","420","[c]","28540","27570"
"Leaver Dept.","2022","Declared non-disabled","South East (England)","Berkshire, Buckinghamshire and Oxfordshire","Outside London","240","[c]","38630","35350"
"Leaver Dept.","2022","Declared non-disabled","South East (England)","Hampshire and Isle of Wight","Outside London","180","[c]","36860","30210"
"Leaver Dept.","2022","Declared non-disabled","South East (England)","Kent","Outside London","130","[c]","36870","30460"
"Leaver Dept.","2022","Declared non-disabled","South East (England)","Surrey, East and West Sussex","Outside London","115","[c]","35510","29290"
"Leaver Dept.","2022","Declared non-disabled","South West (England)","Cornwall and Isles of Scilly","Outside London","20","[c]","[c]","[c]"
"Leaver Dept.","2022","Declared non-disabled","South West (England)","Devon","Outside London","110","[c]","34520","29920"
"Leaver Dept.","2022","Declared non-disabled","South West (England)","Dorset and Somerset","Outside London","40","[c]","34780","31990"
"Leaver Dept.","2022","Declared non-disabled","South West (England)","Gloucestershire, Wiltshire and Bath/Bristol area","Outside London","1310","[c]","35390","30000"
"Leaver Dept.","2022","Declared non-disabled","Unknown","Unknown","Unknown","280","[c]","38150","33250"
"Leaver Dept.","2022","Declared non-disabled","Wales","East Wales","Outside London","340","[c]","34310","29910"
"Leaver Dept.","2022","Declared non-disabled","Wales","West Wales and The Valleys","Outside London","110","[c]","31750","27570"
"Leaver Dept.","2022","Declared non-disabled","West Midlands (England)","Herefordshire, Worcestershire and Warwickshire","Outside London","75","[c]","28080","25730"
"Leaver Dept.","2022","Declared non-disabled","West Midlands (England)","Shropshire and Staffordshire","Outside London","105","[c]","30600","27570"
"Leaver Dept.","2022","Declared non-disabled","West Midlands (England)","West Midlands","Outside London","690","[c]","32790","27570"
"Leaver Dept.","2022","Declared non-disabled","Yorkshire and The Humber","East Yorkshire and Northern Lincolnshire","Outside London","25","[c]","[c]","[c]"
"Leaver Dept.","2022","Declared non-disabled","Yorkshire and The Humber","North Yorkshire","Outside London","155","[c]","37540","33300"
"Leaver Dept.","2022","Declared non-disabled","Yorkshire and The Humber","South Yorkshire","Outside London","200","[c]","36910","33000"
"Leaver Dept.","2022","Declared non-disabled","Yorkshire and The Humber","West Yorkshire","Outside London","525","[c]","35670","30760"
"Leaver Dept.","2022","Undeclared","East Midlands (England)","Derbyshire and Nottinghamshire","Outside London","25","[c]","[c]","[c]"
"Leaver Dept.","2022","Undeclared","East Midlands (England)","Leicestershire, Rutland and Northamptonshire","Outside London","[c]","[c]","[c]","[c]"
"Leaver Dept.","2022","Undeclared","East Midlands (England)","Lincolnshire","Outside London","[c]","[c]","[c]","[c]"
"Leaver Dept.","2022","Undeclared","East of England","Bedfordshire and Hertfordshire","Outside London","5","[c]","[c]","[c]"
"Leaver Dept.","2022","Undeclared","East of England","East Anglia","Outside London","20","[c]","[c]","[c]"
"Leaver Dept.","2022","Undeclared","East of England","Essex","Outside London","5","[c]","[c]","[c]"
"Leaver Dept.","2022","Undeclared","London","Inner London - East","London","60","[c]","41860","40070"
"Leaver Dept.","2022","Undeclared","London","Inner London - West","London","255","[c]","42630","39990"
"Leaver Dept.","2022","Undeclared","London","Outer London - East and North East","London","[c]","[c]","[c]","[c]"
"Leaver Dept.","2022","Undeclared","London","Outer London - South","London","15","[c]","[c]","[c]"
"Leaver Dept.","2022","Undeclared","London","Outer London - West and North West","London","10","[c]","[c]","[c]"
"Leaver Dept.","2022","Undeclared","North East (England)","Northumberland, and Tyne and Wear","Outside London","35","[c]","29960","27570"
"Leaver Dept.","2022","Undeclared","North East (England)","Tees Valley and Durham","Outside London","10","[c]","[c]","[c]"
"Leaver Dept.","2022","Undeclared","North West (England)","Cheshire","Outside London","[c]","[c]","[c]","[c]"
"Leaver Dept.","2022","Undeclared","North West (England)","Cumbria","Outside London","[c]","[c]","[c]","[c]"
"Leaver Dept.","2022","Undeclared","North West (England)","Greater Manchester","Outside London","35","[c]","31240","27570"
"Leaver Dept.","2022","Undeclared","North West (England)","Lancashire","Outside London","15","[c]","[c]","[c]"
"Leaver Dept.","2022","Undeclared","North West (England)","Merseyside","Outside London","20","[c]","[c]","[c]"
"Leaver Dept.","2022","Undeclared","Northern Ireland","Northern Ireland","Outside London","[c]","[c]","[c]","[c]"
"Leaver Dept.","2022","Undeclared","Overseas","Overseas","Overseas","[c]","[c]","[c]","[c]"
"Leaver Dept.","2022","Undeclared","Scotland","Eastern Scotland","Outside London","15","[c]","[c]","[c]"
"Leaver Dept.","2022","Undeclared","Scotland","North Eastern Scotland","Outside London","[c]","[c]","[c]","[c]"
"Leaver Dept.","2022","Undeclared","Scotland","Southern Scotland","Outside London","[c]","[c]","[c]","[c]"
"Leaver Dept.","2022","Undeclared","Scotland","West Central Scotland","Outside London","10","[c]","[c]","[c]"
"Leaver Dept.","2022","Undeclared","South East (England)","Berkshire, Buckinghamshire and Oxfordshire","Outside London","15","[c]","[c]","[c]"
"Leaver Dept.","2022","Undeclared","South East (England)","Hampshire and Isle of Wight","Outside London","25","[c]","[c]","[c]"
"Leaver Dept.","2022","Undeclared","South East (England)","Kent","Outside London","10","[c]","[c]","[c]"
"Leaver Dept.","2022","Undeclared","South East (England)","Surrey, East and West Sussex","Outside London","10","[c]","[c]","[c]"
"Leaver Dept.","2022","Undeclared","South West (England)","Cornwall and Isles of Scilly","Outside London","[c]","[c]","[c]","[c]"
"Leaver Dept.","2022","Undeclared","South West (England)","Devon","Outside London","10","[c]","[c]","[c]"
"Leaver Dept.","2022","Undeclared","South West (England)","Dorset and Somerset","Outside London","[c]","[c]","[c]","[c]"
"Leaver Dept.","2022","Undeclared","South West (England)","Gloucestershire, Wiltshire and Bath/Bristol area","Outside London","55","[c]","34930","33300"
"Leaver Dept.","2022","Undeclared","Unknown","Unknown","Unknown","15","[c]","[c]","[c]"
"Leaver Dept.","2022","Undeclared","Wales","East Wales","Outside London","40","[c]","34690","30170"
"Leaver Dept.","2022","Undeclared","Wales","West Wales and The Valleys","Outside London","15","[c]","[c]","[c]"
"Leaver Dept.","2022","Undeclared","West Midlands (England)","Herefordshire, Worcestershire and Warwickshire","Outside London","[c]","[c]","[c]","[c]"
"Leaver Dept.","2022","Undeclared","West Midlands (England)","Shropshire and Staffordshire","Outside London","5","[c]","[c]","[c]"
"Leaver Dept.","2022","Undeclared","West Midlands (England)","West Midlands","Outside London","35","[c]","28630","27570"
"Leaver Dept.","2022","Undeclared","Yorkshire and The Humber","East Yorkshire and Northern Lincolnshire","Outside London","10","[c]","[c]","[c]"
"Leaver Dept.","2022","Undeclared","Yorkshire and The Humber","North Yorkshire","Outside London","10","[c]","[c]","[c]"
"Leaver Dept.","2022","Undeclared","Yorkshire and The Humber","South Yorkshire","Outside London","15","[c]","[c]","[c]"
"Leaver Dept.","2022","Undeclared","Yorkshire and The Humber","West Yorkshire","Outside London","25","[c]","[c]","[c]"
"Leaver Dept.","2022","Unknown","East Midlands (England)","Derbyshire and Nottinghamshire","Outside London","100","[c]","38380","32000"
"Leaver Dept.","2022","Unknown","East Midlands (England)","Leicestershire, Rutland and Northamptonshire","Outside London","15","[c]","[c]","[c]"
"Leaver Dept.","2022","Unknown","East Midlands (England)","Lincolnshire","Outside London","[c]","[c]","[c]","[c]"
"Leaver Dept.","2022","Unknown","East of England","Bedfordshire and Hertfordshire","Outside London","20","[c]","[c]","[c]"
"Leaver Dept.","2022","Unknown","East of England","East Anglia","Outside London","105","[c]","44310","36060"
"Leaver Dept.","2022","Unknown","East of England","Essex","Outside London","25","[c]","[c]","[c]"
"Leaver Dept.","2022","Unknown","London","Inner London - East","London","550","[c]","49950","41950"
"Leaver Dept.","2022","Unknown","London","Inner London - West","London","2155","[c]","41410","34600"
"Leaver Dept.","2022","Unknown","London","Outer London - East and North East","London","10","[c]","[c]","[c]"
"Leaver Dept.","2022","Unknown","London","Outer London - South","London","75","[c]","31740","32000"
"Leaver Dept.","2022","Unknown","London","Outer London - West and North West","London","420","[c]","48410","41030"
"Leaver Dept.","2022","Unknown","North East (England)","Northumberland, and Tyne and Wear","Outside London","170","[c]","35990","30130"
"Leaver Dept.","2022","Unknown","North East (England)","Tees Valley and Durham","Outside London","35","[c]","[c]","[c]"
"Leaver Dept.","2022","Unknown","North West (England)","Cheshire","Outside London","25","[c]","[c]","[c]"
"Leaver Dept.","2022","Unknown","North West (England)","Cumbria","Outside London","[c]","[c]","[c]","[c]"
"Leaver Dept.","2022","Unknown","North West (England)","Greater Manchester","Outside London","230","[c]","33540","29360"
"Leaver Dept.","2022","Unknown","North West (England)","Lancashire","Outside London","45","[c]","[c]","[c]"
"Leaver Dept.","2022","Unknown","North West (England)","Merseyside","Outside London","130","[c]","37380","30820"
"Leaver Dept.","2022","Unknown","Northern Ireland","Northern Ireland","Outside London","10","[c]","[c]","[c]"
"Leaver Dept.","2022","Unknown","Overseas","Overseas","Overseas","30","[c]","[c]","[c]"
"Leaver Dept.","2022","Unknown","Scotland","Eastern Scotland","Outside London","120","[c]","33100","27570"
"Leaver Dept.","2022","Unknown","Scotland","Highlands and Islands","Outside London","[c]","[c]","[c]","[c]"
"Leaver Dept.","2022","Unknown","Scotland","North Eastern Scotland","Outside London","[c]","[c]","[c]","[c]"
"Leaver Dept.","2022","Unknown","Scotland","Southern Scotland","Outside London","45","[c]","[c]","[c]"
"Leaver Dept.","2022","Unknown","Scotland","West Central Scotland","Outside London","85","[c]","32690","28200"
"Leaver Dept.","2022","Unknown","South East (England)","Berkshire, Buckinghamshire and Oxfordshire","Outside London","170","[c]","47840","42950"
"Leaver Dept.","2022","Unknown","South East (England)","Hampshire and Isle of Wight","Outside London","50","[c]","37050","31320"
"Leaver Dept.","2022","Unknown","South East (England)","Kent","Outside London","25","[c]","[c]","[c]"
"Leaver Dept.","2022","Unknown","South East (England)","Surrey, East and West Sussex","Outside London","25","[c]","[c]","[c]"
"Leaver Dept.","2022","Unknown","South West (England)","Cornwall and Isles of Scilly","Outside London","5","[c]","[c]","[c]"
"Leaver Dept.","2022","Unknown","South West (England)","Devon","Outside London","20","[c]","[c]","[c]"
"Leaver Dept.","2022","Unknown","South West (England)","Dorset and Somerset","Outside London","[c]","[c]","[c]","[c]"
"Leaver Dept.","2022","Unknown","South West (England)","Gloucestershire, Wiltshire and Bath/Bristol area","Outside London","395","[c]","43740","39330"
"Leaver Dept.","2022","Unknown","Unknown","Unknown","Unknown","405","[c]","36880","32000"
"Leaver Dept.","2022","Unknown","Wales","East Wales","Outside London","140","[c]","34110","29540"
"Leaver Dept.","2022","Unknown","Wales","West Wales and The Valleys","Outside London","30","[c]","[c]","[c]"
"Leaver Dept.","2022","Unknown","West Midlands (England)","Herefordshire, Worcestershire and Warwickshire","Outside London","15","[c]","[c]","[c]"
"Leaver Dept.","2022","Unknown","West Midlands (England)","Shropshire and Staffordshire","Outside London","25","[c]","[c]","[c]"
"Leaver Dept.","2022","Unknown","West Midlands (England)","West Midlands","Outside London","245","[c]","35850","28710"
"Leaver Dept.","2022","Unknown","Yorkshire and The Humber","East Yorkshire and Northern Lincolnshire","Outside London","[c]","[c]","[c]","[c]"
"Leaver Dept.","2022","Unknown","Yorkshire and The Humber","North Yorkshire","Outside London","35","[c]","45860","40570"
"Leaver Dept.","2022","Unknown","Yorkshire and The Humber","South Yorkshire","Outside London","45","[c]","37950","36500"
"Leaver Dept.","2022","Unknown","Yorkshire and The Humber","West Yorkshire","Outside London","485","[c]","38310","30870"
"New entrant CS","2022","Declared disabled","East Midlands (England)","Derbyshire and Nottinghamshire","Outside London","205","[c]","26670","26130"
"New entrant CS","2022","Declared disabled","East Midlands (England)","Leicestershire, Rutland and Northamptonshire","Outside London","105","[c]","25920","23140"
"New entrant CS","2022","Declared disabled","East Midlands (England)","Lincolnshire","Outside London","45","[c]","26340","26010"
"New entrant CS","2022","Declared disabled","East of England","Bedfordshire and Hertfordshire","Outside London","70","[c]","28540","28140"
"New entrant CS","2022","Declared disabled","East of England","East Anglia","Outside London","155","[c]","26050","24690"
"New entrant CS","2022","Declared disabled","East of England","Essex","Outside London","55","[c]","27430","25600"
"New entrant CS","2022","Declared disabled","London","Inner London - East","London","240","[c]","34540","31060"
"New entrant CS","2022","Declared disabled","London","Inner London - West","London","525","[c]","36200","32790"
"New entrant CS","2022","Declared disabled","London","Outer London - East and North East","London","65","[c]","30030","30200"
"New entrant CS","2022","Declared disabled","London","Outer London - South","London","80","[c]","35220","31060"
"New entrant CS","2022","Declared disabled","London","Outer London - West and North West","London","90","[c]","31260","31060"
"New entrant CS","2022","Declared disabled","North East (England)","Northumberland, and Tyne and Wear","Outside London","220","[c]","25720","22170"
"New entrant CS","2022","Declared disabled","North East (England)","Tees Valley and Durham","Outside London","85","[c]","28750","27330"
"New entrant CS","2022","Declared disabled","North West (England)","Cheshire","Outside London","50","[c]","29360","27340"
"New entrant CS","2022","Declared disabled","North West (England)","Cumbria","Outside London","25","[c]","[c]","[c]"
"New entrant CS","2022","Declared disabled","North West (England)","Greater Manchester","Outside London","220","[c]","29040","26590"
"New entrant CS","2022","Declared disabled","North West (England)","Lancashire","Outside London","160","[c]","24970","21260"
"New entrant CS","2022","Declared disabled","North West (England)","Merseyside","Outside London","235","[c]","26710","24880"
"New entrant CS","2022","Declared disabled","Northern Ireland","Northern Ireland","Outside London","30","[c]","32650","30350"
"New entrant CS","2022","Declared disabled","Overseas","Overseas","Overseas","[c]","[c]","[c]","[c]"
"New entrant CS","2022","Declared disabled","Scotland","Eastern Scotland","Outside London","210","[c]","27190","26590"
"New entrant CS","2022","Declared disabled","Scotland","Highlands and Islands","Outside London","10","[c]","[c]","[c]"
"New entrant CS","2022","Declared disabled","Scotland","North Eastern Scotland","Outside London","15","[c]","[c]","[c]"
"New entrant CS","2022","Declared disabled","Scotland","Southern Scotland","Outside London","40","[c]","24990","27230"
"New entrant CS","2022","Declared disabled","Scotland","West Central Scotland","Outside London","220","[c]","27560","25730"
"New entrant CS","2022","Declared disabled","South East (England)","Berkshire, Buckinghamshire and Oxfordshire","Outside London","105","[c]","30280","27570"
"New entrant CS","2022","Declared disabled","South East (England)","Hampshire and Isle of Wight","Outside London","125","[c]","26790","23990"
"New entrant CS","2022","Declared disabled","South East (England)","Kent","Outside London","90","[c]","27530","26130"
"New entrant CS","2022","Declared disabled","South East (England)","Surrey, East and West Sussex","Outside London","100","[c]","28630","27570"
"New entrant CS","2022","Declared disabled","South West (England)","Cornwall and Isles of Scilly","Outside London","30","[c]","[c]","[c]"
"New entrant CS","2022","Declared disabled","South West (England)","Devon","Outside London","80","[c]","26720","23170"
"New entrant CS","2022","Declared disabled","South West (England)","Dorset and Somerset","Outside London","65","[c]","26800","25890"
"New entrant CS","2022","Declared disabled","South West (England)","Gloucestershire, Wiltshire and Bath/Bristol area","Outside London","290","[c]","31290","27130"
"New entrant CS","2022","Declared disabled","Unknown","Unknown","Unknown","35","[c]","29890","27500"
"New entrant CS","2022","Declared disabled","Wales","East Wales","Outside London","190","[c]","27250","23880"
"New entrant CS","2022","Declared disabled","Wales","West Wales and The Valleys","Outside London","100","[c]","25400","22600"
"New entrant CS","2022","Declared disabled","West Midlands (England)","Herefordshire, Worcestershire and Warwickshire","Outside London","70","[c]","27810","26350"
"New entrant CS","2022","Declared disabled","West Midlands (England)","Shropshire and Staffordshire","Outside London","100","[c]","26320","24170"
"New entrant CS","2022","Declared disabled","West Midlands (England)","West Midlands","Outside London","270","[c]","28230","27570"
"New entrant CS","2022","Declared disabled","Yorkshire and The Humber","East Yorkshire and Northern Lincolnshire","Outside London","45","[c]","25570","23170"
"New entrant CS","2022","Declared disabled","Yorkshire and The Humber","North Yorkshire","Outside London","70","[c]","32330","29180"
"New entrant CS","2022","Declared disabled","Yorkshire and The Humber","South Yorkshire","Outside London","100","[c]","27860","25300"
"New entrant CS","2022","Declared disabled","Yorkshire and The Humber","West Yorkshire","Outside London","215","[c]","29880","26970"
"New entrant CS","2022","Declared non-disabled","East Midlands (England)","Derbyshire and Nottinghamshire","Outside London","1130","[c]","26990","25000"
"New entrant CS","2022","Declared non-disabled","East Midlands (England)","Leicestershire, Rutland and Northamptonshire","Outside London","590","[c]","24950","23140"
"New entrant CS","2022","Declared non-disabled","East Midlands (England)","Lincolnshire","Outside London","300","[c]","27100","25000"
"New entrant CS","2022","Declared non-disabled","East of England","Bedfordshire and Hertfordshire","Outside London","405","[c]","29380","28140"
"New entrant CS","2022","Declared non-disabled","East of England","East Anglia","Outside London","1090","[c]","26690","24800"
"New entrant CS","2022","Declared non-disabled","East of England","Essex","Outside London","395","[c]","28840","24800"
"New entrant CS","2022","Declared non-disabled","London","Inner London - East","London","1690","[c]","38040","32330"
"New entrant CS","2022","Declared non-disabled","London","Inner London - West","London","3560","[c]","38180","34020"
"New entrant CS","2022","Declared non-disabled","London","Outer London - East and North East","London","390","[c]","30350","31060"
"New entrant CS","2022","Declared non-disabled","London","Outer London - South","London","420","[c]","32930","31060"
"New entrant CS","2022","Declared non-disabled","London","Outer London - West and North West","London","670","[c]","31560","31020"
"New entrant CS","2022","Declared non-disabled","North East (England)","Northumberland, and Tyne and Wear","Outside London","1825","[c]","26240","21800"
"New entrant CS","2022","Declared non-disabled","North East (England)","Tees Valley and Durham","Outside London","660","[c]","26450","23170"
"New entrant CS","2022","Declared non-disabled","North West (England)","Cheshire","Outside London","275","[c]","27580","23170"
"New entrant CS","2022","Declared non-disabled","North West (England)","Cumbria","Outside London","250","[c]","25940","21300"
"New entrant CS","2022","Declared non-disabled","North West (England)","Greater Manchester","Outside London","1755","[c]","28280","26590"
"New entrant CS","2022","Declared non-disabled","North West (England)","Lancashire","Outside London","945","[c]","26150","23140"
"New entrant CS","2022","Declared non-disabled","North West (England)","Merseyside","Outside London","1430","[c]","25900","23320"
"New entrant CS","2022","Declared non-disabled","Northern Ireland","Northern Ireland","Outside London","260","[c]","29160","26590"
"New entrant CS","2022","Declared non-disabled","Overseas","Overseas","Overseas","15","[c]","[c]","[c]"
"New entrant CS","2022","Declared non-disabled","Scotland","Eastern Scotland","Outside London","1635","[c]","29160","27230"
"New entrant CS","2022","Declared non-disabled","Scotland","Highlands and Islands","Outside London","105","[c]","28050","27230"
"New entrant CS","2022","Declared non-disabled","Scotland","North Eastern Scotland","Outside London","140","[c]","32380","27570"
"New entrant CS","2022","Declared non-disabled","Scotland","Southern Scotland","Outside London","440","[c]","24580","21260"
"New entrant CS","2022","Declared non-disabled","Scotland","West Central Scotland","Outside London","1700","[c]","29300","27230"
"New entrant CS","2022","Declared non-disabled","South East (England)","Berkshire, Buckinghamshire and Oxfordshire","Outside London","690","[c]","29390","28140"
"New entrant CS","2022","Declared non-disabled","South East (England)","Hampshire and Isle of Wight","Outside London","1005","[c]","29240","26130"
"New entrant CS","2022","Declared non-disabled","South East (England)","Kent","Outside London","480","[c]","27010","25000"
"New entrant CS","2022","Declared non-disabled","South East (England)","Surrey, East and West Sussex","Outside London","775","[c]","28840","26970"
"New entrant CS","2022","Declared non-disabled","South West (England)","Cornwall and Isles of Scilly","Outside London","150","[c]","25280","21260"
"New entrant CS","2022","Declared non-disabled","South West (England)","Devon","Outside London","600","[c]","27480","24150"
"New entrant CS","2022","Declared non-disabled","South West (England)","Dorset and Somerset","Outside London","385","[c]","27410","24800"
"New entrant CS","2022","Declared non-disabled","South West (England)","Gloucestershire, Wiltshire and Bath/Bristol area","Outside London","2260","[c]","30780","27570"
"New entrant CS","2022","Declared non-disabled","Unknown","Unknown","Unknown","250","[c]","31810","29230"
"New entrant CS","2022","Declared non-disabled","Wales","East Wales","Outside London","1495","[c]","29050","25860"
"New entrant CS","2022","Declared non-disabled","Wales","West Wales and The Valleys","Outside London","980","[c]","25970","21840"
"New entrant CS","2022","Declared non-disabled","West Midlands (England)","Herefordshire, Worcestershire and Warwickshire","Outside London","380","[c]","26830","24620"
"New entrant CS","2022","Declared non-disabled","West Midlands (England)","Shropshire and Staffordshire","Outside London","620","[c]","27590","24090"
"New entrant CS","2022","Declared non-disabled","West Midlands (England)","West Midlands","Outside London","1840","[c]","28750","26590"
"New entrant CS","2022","Declared non-disabled","Yorkshire and The Humber","East Yorkshire and Northern Lincolnshire","Outside London","340","[c]","25210","23140"
"New entrant CS","2022","Declared non-disabled","Yorkshire and The Humber","North Yorkshire","Outside London","405","[c]","31050","26370"
"New entrant CS","2022","Declared non-disabled","Yorkshire and The Humber","South Yorkshire","Outside London","520","[c]","28100","26310"
"New entrant CS","2022","Declared non-disabled","Yorkshire and The Humber","West Yorkshire","Outside London","1655","[c]","28910","26590"
"New entrant CS","2022","Undeclared","East Midlands (England)","Derbyshire and Nottinghamshire","Outside London","70","[c]","27020","26820"
"New entrant CS","2022","Undeclared","East Midlands (England)","Leicestershire, Rutland and Northamptonshire","Outside London","30","[c]","24820","21260"
"New entrant CS","2022","Undeclared","East Midlands (England)","Lincolnshire","Outside London","20","[c]","[c]","[c]"
"New entrant CS","2022","Undeclared","East of England","Bedfordshire and Hertfordshire","Outside London","20","[c]","[c]","[c]"
"New entrant CS","2022","Undeclared","East of England","East Anglia","Outside London","40","[c]","28540","27570"
"New entrant CS","2022","Undeclared","East of England","Essex","Outside London","15","[c]","[c]","[c]"
"New entrant CS","2022","Undeclared","London","Inner London - East","London","80","[c]","37060","32020"
"New entrant CS","2022","Undeclared","London","Inner London - West","London","280","[c]","36680","34020"
"New entrant CS","2022","Undeclared","London","Outer London - East and North East","London","15","[c]","[c]","[c]"
"New entrant CS","2022","Undeclared","London","Outer London - South","London","30","[c]","34420","31100"
"New entrant CS","2022","Undeclared","London","Outer London - West and North West","London","40","[c]","30370","31060"
"New entrant CS","2022","Undeclared","North East (England)","Northumberland, and Tyne and Wear","Outside London","90","[c]","25850","21260"
"New entrant CS","2022","Undeclared","North East (England)","Tees Valley and Durham","Outside London","40","[c]","29550","28200"
"New entrant CS","2022","Undeclared","North West (England)","Cheshire","Outside London","15","[c]","[c]","[c]"
"New entrant CS","2022","Undeclared","North West (England)","Cumbria","Outside London","10","[c]","[c]","[c]"
"New entrant CS","2022","Undeclared","North West (England)","Greater Manchester","Outside London","85","[c]","29380","26590"
"New entrant CS","2022","Undeclared","North West (England)","Lancashire","Outside London","45","[c]","25550","21260"
"New entrant CS","2022","Undeclared","North West (England)","Merseyside","Outside London","80","[c]","26450","23170"
"New entrant CS","2022","Undeclared","Northern Ireland","Northern Ireland","Outside London","15","[c]","[c]","[c]"
"New entrant CS","2022","Undeclared","Scotland","Eastern Scotland","Outside London","60","[c]","29250","27230"
"New entrant CS","2022","Undeclared","Scotland","Highlands and Islands","Outside London","[c]","[c]","[c]","[c]"
"New entrant CS","2022","Undeclared","Scotland","North Eastern Scotland","Outside London","[c]","[c]","[c]","[c]"
"New entrant CS","2022","Undeclared","Scotland","Southern Scotland","Outside London","10","[c]","[c]","[c]"
"New entrant CS","2022","Undeclared","Scotland","West Central Scotland","Outside London","55","[c]","28610","27230"
"New entrant CS","2022","Undeclared","South East (England)","Berkshire, Buckinghamshire and Oxfordshire","Outside London","45","[c]","29120","27200"
"New entrant CS","2022","Undeclared","South East (England)","Hampshire and Isle of Wight","Outside London","65","[c]","28150","25660"
"New entrant CS","2022","Undeclared","South East (England)","Kent","Outside London","15","[c]","[c]","[c]"
"New entrant CS","2022","Undeclared","South East (England)","Surrey, East and West Sussex","Outside London","45","[c]","30270","26610"
"New entrant CS","2022","Undeclared","South West (England)","Cornwall and Isles of Scilly","Outside London","5","[c]","[c]","[c]"
"New entrant CS","2022","Undeclared","South West (England)","Devon","Outside London","15","[c]","[c]","[c]"
"New entrant CS","2022","Undeclared","South West (England)","Dorset and Somerset","Outside London","15","[c]","[c]","[c]"
"New entrant CS","2022","Undeclared","South West (England)","Gloucestershire, Wiltshire and Bath/Bristol area","Outside London","95","[c]","29860","26920"
"New entrant CS","2022","Undeclared","Unknown","Unknown","Unknown","15","[c]","[c]","[c]"
"New entrant CS","2022","Undeclared","Wales","East Wales","Outside London","60","[c]","28290","26820"
"New entrant CS","2022","Undeclared","Wales","West Wales and The Valleys","Outside London","70","[c]","25800","21840"
"New entrant CS","2022","Undeclared","West Midlands (England)","Herefordshire, Worcestershire and Warwickshire","Outside London","20","[c]","[c]","[c]"
"New entrant CS","2022","Undeclared","West Midlands (England)","Shropshire and Staffordshire","Outside London","20","[c]","[c]","[c]"
"New entrant CS","2022","Undeclared","West Midlands (England)","West Midlands","Outside London","95","[c]","29510","27570"
"New entrant CS","2022","Undeclared","Yorkshire and The Humber","East Yorkshire and Northern Lincolnshire","Outside London","10","[c]","[c]","[c]"
"New entrant CS","2022","Undeclared","Yorkshire and The Humber","North Yorkshire","Outside London","20","[c]","[c]","[c]"
"New entrant CS","2022","Undeclared","Yorkshire and The Humber","South Yorkshire","Outside London","25","[c]","[c]","[c]"
"New entrant CS","2022","Undeclared","Yorkshire and The Humber","West Yorkshire","Outside London","75","[c]","29620","26590"
"New entrant CS","2022","Unknown","East Midlands (England)","Derbyshire and Nottinghamshire","Outside London","730","[c]","27500","26130"
"New entrant CS","2022","Unknown","East Midlands (England)","Leicestershire, Rutland and Northamptonshire","Outside London","330","[c]","25010","23140"
"New entrant CS","2022","Unknown","East Midlands (England)","Lincolnshire","Outside London","85","[c]","27260","26350"
"New entrant CS","2022","Unknown","East of England","Bedfordshire and Hertfordshire","Outside London","245","[c]","28770","27570"
"New entrant CS","2022","Unknown","East of England","East Anglia","Outside London","480","[c]","27540","24800"
"New entrant CS","2022","Unknown","East of England","Essex","Outside London","305","[c]","26910","24880"
"New entrant CS","2022","Unknown","London","Inner London - East","London","870","[c]","36820","32090"
"New entrant CS","2022","Unknown","London","Inner London - West","London","3400","[c]","37610","32790"
"New entrant CS","2022","Unknown","London","Outer London - East and North East","London","220","[c]","29090","29020"
"New entrant CS","2022","Unknown","London","Outer London - South","London","630","[c]","34480","30600"
"New entrant CS","2022","Unknown","London","Outer London - West and North West","London","470","[c]","29690","28650"
"New entrant CS","2022","Unknown","North East (England)","Northumberland, and Tyne and Wear","Outside London","855","[c]","26460","24880"
"New entrant CS","2022","Unknown","North East (England)","Tees Valley and Durham","Outside London","435","[c]","26910","23140"
"New entrant CS","2022","Unknown","North West (England)","Cheshire","Outside London","255","[c]","28290","24800"
"New entrant CS","2022","Unknown","North West (England)","Cumbria","Outside London","75","[c]","28580","27350"
"New entrant CS","2022","Unknown","North West (England)","Greater Manchester","Outside London","1370","[c]","29540","26590"
"New entrant CS","2022","Unknown","North West (England)","Lancashire","Outside London","450","[c]","25810","23140"
"New entrant CS","2022","Unknown","North West (England)","Merseyside","Outside London","1100","[c]","25650","24800"
"New entrant CS","2022","Unknown","Northern Ireland","Northern Ireland","Outside London","295","[c]","26610","24470"
"New entrant CS","2022","Unknown","Overseas","Overseas","Overseas","40","[c]","39780","37990"
"New entrant CS","2022","Unknown","Scotland","Eastern Scotland","Outside London","1385","[c]","30200","27230"
"New entrant CS","2022","Unknown","Scotland","Highlands and Islands","Outside London","55","[c]","27340","27020"
"New entrant CS","2022","Unknown","Scotland","North Eastern Scotland","Outside London","110","[c]","28410","27230"
"New entrant CS","2022","Unknown","Scotland","Southern Scotland","Outside London","210","[c]","24240","22000"
"New entrant CS","2022","Unknown","Scotland","West Central Scotland","Outside London","1175","[c]","28780","26580"
"New entrant CS","2022","Unknown","South East (England)","Berkshire, Buckinghamshire and Oxfordshire","Outside London","470","[c]","28780","26310"
"New entrant CS","2022","Unknown","South East (England)","Hampshire and Isle of Wight","Outside London","600","[c]","28270","24880"
"New entrant CS","2022","Unknown","South East (England)","Kent","Outside London","505","[c]","26250","24880"
"New entrant CS","2022","Unknown","South East (England)","Surrey, East and West Sussex","Outside London","405","[c]","29230","25770"
"New entrant CS","2022","Unknown","South West (England)","Cornwall and Isles of Scilly","Outside London","60","[c]","26610","24850"
"New entrant CS","2022","Unknown","South West (England)","Devon","Outside London","325","[c]","26670","23140"
"New entrant CS","2022","Unknown","South West (England)","Dorset and Somerset","Outside London","245","[c]","26300","23140"
"New entrant CS","2022","Unknown","South West (England)","Gloucestershire, Wiltshire and Bath/Bristol area","Outside London","1080","[c]","30510","26580"
"New entrant CS","2022","Unknown","Unknown","Unknown","Unknown","575","[c]","27780","26310"
"New entrant CS","2022","Unknown","Wales","East Wales","Outside London","795","[c]","27180","23880"
"New entrant CS","2022","Unknown","Wales","West Wales and The Valleys","Outside London","535","[c]","24650","21840"
"New entrant CS","2022","Unknown","West Midlands (England)","Herefordshire, Worcestershire and Warwickshire","Outside London","175","[c]","25940","23140"
"New entrant CS","2022","Unknown","West Midlands (England)","Shropshire and Staffordshire","Outside London","345","[c]","28040","24430"
"New entrant CS","2022","Unknown","West Midlands (England)","West Midlands","Outside London","1310","[c]","28320","25000"
"New entrant CS","2022","Unknown","Yorkshire and The Humber","East Yorkshire and Northern Lincolnshire","Outside London","200","[c]","25100","23140"
"New entrant CS","2022","Unknown","Yorkshire and The Humber","North Yorkshire","Outside London","165","[c]","30380","28000"
"New entrant CS","2022","Unknown","Yorkshire and The Humber","South Yorkshire","Outside London","580","[c]","29430","25000"
"New entrant CS","2022","Unknown","Yorkshire and The Humber","West Yorkshire","Outside London","1440","[c]","29160","26310"
"Notes","Summary figures are suppressed when information relates to less than 5 civil servants for FTE or Headcount, and less than 10 civil servants for median and mean salary (shown as [c]). Zero responses and salaries for less than 30 civil servants have been suppressed for GPDR special category data. FTE figures are not shown for entrants or leavers due to data quality concerns for these groups. Figures are rounded to the nearest 5, or 10 as appropriate.","","","","","","","",""
"Data source","All figures are aggregated from the Cabinet Office Annual Civil Service Employment Survey collection. https://www.gov.uk/government/collections/civil-service-statistics","","","","","","","",""
"Version","Generated on 2023-02-14, with GIT 71a76ea.","","","","","","","",""
"Data column","Description","","","","","","","",""
"Status","Employment status of the civil servants.","","","","","","","",""
"","In post - includes staff that were in post on the reference date (31 March).","","","","","","","",""
"","New entrant CS - includes new entrants to the Civil Service over the year (1 April to 31 March).","","","","","","","",""
"","Leaver CS - includes leavers from the Civil Service over the year (1 April to 31 March). This includes employees who have an Unknown leaving cause.","","","","","","","",""
"","Leaver Dept. - includes leavers from the department over the year (1 April to 31 March), who did not leave the Civil Service.","","","","","","","",""
"","Five organisations do not report when their employees first entered the Civil Service and so entrants data for these organisations is not available . These are as follows: Foreign Commonwealth and Development Office (excl. agencies), Foreign Commonwealth and Development Office Services, Defence Electronics and Components Agency, Scottish Forestry and Forest and Land Scotland. A further three organisations also could not provide entrants data in 2021. These are as follows: Department for International Development, Foreign and Commonwealth Office (excl. agencies) and Royal Fleet Auxiliary.","","","","","","","",""
"","Organisation specific notes on status: In late June 2021 around 7,000 employees from Community Rehabilitation Companies were transferred in from the private sector to HM Prison and Probation Service, counting as entrants. HM Land Registry do not record where their departing employees transfer to and so are unable to identify those that transfer to another Civil Service department.","","","","","","","",""
"Year","Year of data collection (as at 31 March).","","","","","","","",""
"Region_london","Workplace postcode data are used to derive geographical information using the International Territorial Level (ITL) classification standard.","","","","","","","",""
"","Region_london groups the ITL classifications into ""London"", ""Outside London"": all UK regions excluding London, ""Overseas"", and ""Unknown"".","","","","","","","",""
"Region_ITL1","Workplace postcode data are used to derive geographical information using the International Territorial Level (ITL) classification standard.","","","","","","","",""
"","Following the UK's withdrawal from the EU, a new UK-managed international statistical geography - International Territorial Levels (ITL) - was introduced from 1st January 2021, replacing the former NUTS classification. They align with international standards, enabling comparability both over time and internationally. To ensure continued alignment, the ITLs mirror the NUTS system. They also follow a similar review timetable - every three years.","","","","","","","",""
"","ITL 1 divides into Wales, Scotland, Northern Ireland, and the 9 statistical regions of England.","","","","","","","",""
"Region_ITL2","Workplace postcode data are used to derive geographical information using the International Territorial Level (ITL) classification standard.","","","","","","","",""
"","Following the UK's withdrawal from the EU, a new UK-managed international statistical geography - International Territorial Levels (ITL) - was introduced from 1st January 2021, replacing the former NUTS classification. They align with international standards, enabling comparability both over time and internationally. To ensure continued alignment, the ITLs mirror the NUTS system. They also follow a similar review timetable - every three years.","","","","","","","",""
"","ITL 2 divides into Northern Ireland, counties in England (most grouped), groups of districts in Greater London, groups of unitary authorities in Wales, groups of council areas in Scotland.","","","","","","","",""
"Disability","Self reported disability.","","","","","","","",""
"","""Undeclared"" accounts for employees who have actively declared that they do not want to disclose their disability status and ""Unknown"" accounts for employees who have not made an active declaration about their disability status.","","","","","","","",""
"Headcount","Total number of civil servants (rounded to nearest 5).","","","","","","","",""
"FTE","Total full-time equivalent (FTE) employment numbers (rounded to nearest 5).","","","","","","","",""
"","FTE figures are not shown for entrants or leavers due to data quality concerns for these groups.","","","","","","","",""
"Mean_salary","Average salary (mean, rounded to nearest 10). For part-time employees, salaries represent the full-time equivalent earnings, while for full-time employees they are the actual annual gross salaries.","","","","","","","",""
"","These figures should be interpreted with caution when the total number of employees in a group is small, as they will tend to show more variability than larger groups (i.e. may be much higher or lower than can be explained by the data shown).","","","","","","","",""
"Median_salary","Median salary (rounded to nearest 10). For part-time employees, salaries represent the full-time equivalent earnings, while for full-time employees they are the actual annual gross salaries.","","","","","","","",""
"","These figures should be interpreted with caution when the total number of employees in a group is small, as they will tend to show more variability than larger groups (i.e. may be much higher or lower than can be explained by the data shown).","","","","","","","",""
