"Status","Year","Ethnicity","Parent_department","Headcount","FTE","Mean_salary","Median_salary"
"In post","2022","Asian","Attorney General's Departments","1055","980","42910","44850"
"In post","2022","Asian","Cabinet Office","575","565","45370","40600"
"In post","2022","Asian","Chancellor's other departments","55","50","47300","45130"
"In post","2022","Asian","Charity Commission","10","10","[c]","[c]"
"In post","2022","Asian","Competition and Markets Authority","110","110","49170","42290"
"In post","2022","Asian","Department for Business, Energy and Industrial Strategy","945","925","39770","37160"
"In post","2022","Asian","Department for Digital, Culture, Media and Sport","160","160","44080","38060"
"In post","2022","Asian","Department for Education","865","845","39980","36570"
"In post","2022","Asian","Department for Environment, Food and Rural Affairs","480","465","36040","32560"
"In post","2022","Asian","Department for International Trade","275","270","43990","38540"
"In post","2022","Asian","Department for Levelling Up, Housing and Communities","320","315","41290","36340"
"In post","2022","Asian","Department for Transport","645","625","38770","34710"
"In post","2022","Asian","Department for Work and Pensions","8215","7455","28250","27570"
"In post","2022","Asian","Department of Health and Social Care","1280","1210","41920","34530"
"In post","2022","Asian","Estyn","[c]","[c]","[c]","[c]"
"In post","2022","Asian","Food Standards Agency","70","70","34940","32350"
"In post","2022","Asian","Foreign, Commonwealth and Development Office","490","475","42830","37560"
"In post","2022","Asian","HM Land Registry","225","210","30920","27130"
"In post","2022","Asian","HM Revenue and Customs","5845","5535","32840","31020"
"In post","2022","Asian","HM Treasury","320","315","45930","41900"
"In post","2022","Asian","Home Office","4490","4180","31920","28910"
"In post","2022","Asian","Ministry of Defence","1455","1410","35170","33000"
"In post","2022","Asian","Ministry of Justice","4450","4135","30050","26310"
"In post","2022","Asian","National Crime Agency","280","275","37800","36740"
"In post","2022","Asian","Northern Ireland Office","[c]","[c]","[c]","[c]"
"In post","2022","Asian","Office for Standards in Education, Children's Services and Skills","100","100","40190","35010"
"In post","2022","Asian","Office of Gas and Electricity Markets","145","140","41570","34910"
"In post","2022","Asian","Office of Qualifications and Examinations Regulation","30","25","[c]","[c]"
"In post","2022","Asian","Office of Rail and Road","30","30","[c]","[c]"
"In post","2022","Asian","Office of the Secretary of State for Scotland","[c]","[c]","[c]","[c]"
"In post","2022","Asian","Office of the Secretary of State for Wales","[c]","[c]","[c]","[c]"
"In post","2022","Asian","Scottish Government","300","285","35730","31540"
"In post","2022","Asian","The National Archives","50","45","33970","32980"
"In post","2022","Asian","UK Export Finance","90","90","50050","44080"
"In post","2022","Asian","UK Statistics Authority","185","170","32790","30710"
"In post","2022","Asian","UK Supreme Court","5","5","[c]","[c]"
"In post","2022","Asian","Water Services Regulation Authority","35","35","40780","37590"
"In post","2022","Asian","Welsh Government","70","65","39470","38160"
"In post","2022","Black","Attorney General's Departments","600","575","40470","32490"
"In post","2022","Black","Cabinet Office","285","280","42260","37930"
"In post","2022","Black","Chancellor's other departments","20","20","[c]","[c]"
"In post","2022","Black","Charity Commission","5","5","[c]","[c]"
"In post","2022","Black","Competition and Markets Authority","45","45","41390","38060"
"In post","2022","Black","Department for Business, Energy and Industrial Strategy","490","490","38760","34980"
"In post","2022","Black","Department for Digital, Culture, Media and Sport","105","105","38300","34020"
"In post","2022","Black","Department for Education","320","315","39820","36500"
"In post","2022","Black","Department for Environment, Food and Rural Affairs","255","250","35190","32560"
"In post","2022","Black","Department for International Trade","140","135","39990","38160"
"In post","2022","Black","Department for Levelling Up, Housing and Communities","200","200","39860","36340"
"In post","2022","Black","Department for Transport","275","270","37540","34710"
"In post","2022","Black","Department for Work and Pensions","4075","3845","29460","30170"
"In post","2022","Black","Department of Health and Social Care","660","625","38740","32790"
"In post","2022","Black","Estyn","[c]","[c]","[c]","[c]"
"In post","2022","Black","Food Standards Agency","50","45","34930","30280"
"In post","2022","Black","Foreign, Commonwealth and Development Office","265","265","38860","34920"
"In post","2022","Black","HM Land Registry","70","70","33040","30600"
"In post","2022","Black","HM Revenue and Customs","1890","1825","33890","33080"
"In post","2022","Black","HM Treasury","105","105","39590","34330"
"In post","2022","Black","Home Office","1805","1700","33180","29080"
"In post","2022","Black","Ministry of Defence","770","760","33510","32470"
"In post","2022","Black","Ministry of Justice","4085","3930","31080","28310"
"In post","2022","Black","National Crime Agency","100","100","36560","36410"
"In post","2022","Black","Northern Ireland Office","[c]","[c]","[c]","[c]"
"In post","2022","Black","Office for Standards in Education, Children's Services and Skills","60","60","45440","46360"
"In post","2022","Black","Office of Gas and Electricity Markets","90","90","40350","37300"
"In post","2022","Black","Office of Qualifications and Examinations Regulation","10","10","[c]","[c]"
"In post","2022","Black","Office of Rail and Road","20","20","[c]","[c]"
"In post","2022","Black","Office of the Secretary of State for Scotland","[c]","[c]","[c]","[c]"
"In post","2022","Black","Office of the Secretary of State for Wales","[c]","[c]","[c]","[c]"
"In post","2022","Black","Scottish Government","95","95","36100","31540"
"In post","2022","Black","The National Archives","10","10","[c]","[c]"
"In post","2022","Black","UK Export Finance","45","45","43620","39000"
"In post","2022","Black","UK Statistics Authority","100","90","31930","30710"
"In post","2022","Black","UK Supreme Court","[c]","[c]","[c]","[c]"
"In post","2022","Black","Water Services Regulation Authority","10","10","[c]","[c]"
"In post","2022","Black","Welsh Government","15","15","[c]","[c]"
"In post","2022","Mixed","Attorney General's Departments","290","270","45910","48830"
"In post","2022","Mixed","Cabinet Office","245","240","45670","40600"
"In post","2022","Mixed","Chancellor's other departments","15","15","[c]","[c]"
"In post","2022","Mixed","Charity Commission","5","5","[c]","[c]"
"In post","2022","Mixed","Competition and Markets Authority","35","35","47760","46190"
"In post","2022","Mixed","Department for Business, Energy and Industrial Strategy","370","360","42960","40050"
"In post","2022","Mixed","Department for Digital, Culture, Media and Sport","100","100","45380","38020"
"In post","2022","Mixed","Department for Education","220","215","42510","40230"
"In post","2022","Mixed","Department for Environment, Food and Rural Affairs","235","225","36690","32680"
"In post","2022","Mixed","Department for International Trade","105","105","46670","44030"
"In post","2022","Mixed","Department for Levelling Up, Housing and Communities","105","100","41370","36340"
"In post","2022","Mixed","Department for Transport","250","240","36100","34140"
"In post","2022","Mixed","Department for Work and Pensions","1690","1575","28640","27570"
"In post","2022","Mixed","Department of Health and Social Care","300","285","41800","37880"
"In post","2022","Mixed","Estyn","[c]","[c]","[c]","[c]"
"In post","2022","Mixed","Food Standards Agency","30","30","35870","33400"
"In post","2022","Mixed","Foreign, Commonwealth and Development Office","270","265","46660","41590"
"In post","2022","Mixed","HM Land Registry","75","75","30400","27130"
"In post","2022","Mixed","HM Revenue and Customs","940","895","35400","33080"
"In post","2022","Mixed","HM Treasury","115","110","46480","43150"
"In post","2022","Mixed","Home Office","685","640","34430","29080"
"In post","2022","Mixed","Ministry of Defence","640","625","35890","33000"
"In post","2022","Mixed","Ministry of Justice","1910","1820","31630","28550"
"In post","2022","Mixed","National Crime Agency","105","105","40430","37560"
"In post","2022","Mixed","Northern Ireland Office","[c]","[c]","[c]","[c]"
"In post","2022","Mixed","Office for Standards in Education, Children's Services and Skills","[c]","[c]","[c]","[c]"
"In post","2022","Mixed","Office of Gas and Electricity Markets","50","50","38970","36500"
"In post","2022","Mixed","Office of Qualifications and Examinations Regulation","5","5","[c]","[c]"
"In post","2022","Mixed","Office of Rail and Road","10","10","[c]","[c]"
"In post","2022","Mixed","Office of the Secretary of State for Scotland","[c]","[c]","[c]","[c]"
"In post","2022","Mixed","Office of the Secretary of State for Wales","[c]","[c]","[c]","[c]"
"In post","2022","Mixed","Scottish Government","155","145","40190","35540"
"In post","2022","Mixed","The National Archives","25","25","[c]","[c]"
"In post","2022","Mixed","UK Export Finance","15","15","[c]","[c]"
"In post","2022","Mixed","UK Statistics Authority","95","85","34260","30730"
"In post","2022","Mixed","UK Supreme Court","[c]","[c]","[c]","[c]"
"In post","2022","Mixed","Water Services Regulation Authority","10","10","[c]","[c]"
"In post","2022","Mixed","Welsh Government","65","60","41650","38160"
"In post","2022","Other ethnicity","Attorney General's Departments","90","85","46020","48830"
"In post","2022","Other ethnicity","Cabinet Office","70","70","46510","41010"
"In post","2022","Other ethnicity","Chancellor's other departments","10","10","[c]","[c]"
"In post","2022","Other ethnicity","Charity Commission","[c]","[c]","[c]","[c]"
"In post","2022","Other ethnicity","Competition and Markets Authority","10","10","[c]","[c]"
"In post","2022","Other ethnicity","Department for Business, Energy and Industrial Strategy","120","120","44110","40050"
"In post","2022","Other ethnicity","Department for Digital, Culture, Media and Sport","25","25","[c]","[c]"
"In post","2022","Other ethnicity","Department for Education","70","65","45000","41240"
"In post","2022","Other ethnicity","Department for Environment, Food and Rural Affairs","75","70","39000","35900"
"In post","2022","Other ethnicity","Department for International Trade","20","20","[c]","[c]"
"In post","2022","Other ethnicity","Department for Levelling Up, Housing and Communities","50","50","42500","37210"
"In post","2022","Other ethnicity","Department for Transport","70","70","36070","31850"
"In post","2022","Other ethnicity","Department for Work and Pensions","490","455","29590","27570"
"In post","2022","Other ethnicity","Department of Health and Social Care","130","130","47640","41010"
"In post","2022","Other ethnicity","Estyn","[c]","[c]","[c]","[c]"
"In post","2022","Other ethnicity","Food Standards Agency","20","20","[c]","[c]"
"In post","2022","Other ethnicity","Foreign, Commonwealth and Development Office","95","95","45790","39770"
"In post","2022","Other ethnicity","HM Land Registry","20","15","[c]","[c]"
"In post","2022","Other ethnicity","HM Revenue and Customs","265","255","36890","33370"
"In post","2022","Other ethnicity","HM Treasury","30","30","41280","34020"
"In post","2022","Other ethnicity","Home Office","210","200","32940","28670"
"In post","2022","Other ethnicity","Ministry of Defence","75","75","37550","34330"
"In post","2022","Other ethnicity","Ministry of Justice","500","470","31490","28690"
"In post","2022","Other ethnicity","National Crime Agency","40","40","40000","37150"
"In post","2022","Other ethnicity","Northern Ireland Office","[c]","[c]","[c]","[c]"
"In post","2022","Other ethnicity","Office for Standards in Education, Children's Services and Skills","25","20","[c]","[c]"
"In post","2022","Other ethnicity","Office of Gas and Electricity Markets","20","20","[c]","[c]"
"In post","2022","Other ethnicity","Office of Qualifications and Examinations Regulation","5","5","[c]","[c]"
"In post","2022","Other ethnicity","Office of Rail and Road","[c]","[c]","[c]","[c]"
"In post","2022","Other ethnicity","Office of the Secretary of State for Scotland","[c]","[c]","[c]","[c]"
"In post","2022","Other ethnicity","Office of the Secretary of State for Wales","[c]","[c]","[c]","[c]"
"In post","2022","Other ethnicity","Scottish Government","45","45","32930","31000"
"In post","2022","Other ethnicity","The National Archives","15","15","[c]","[c]"
"In post","2022","Other ethnicity","UK Export Finance","10","10","[c]","[c]"
"In post","2022","Other ethnicity","UK Statistics Authority","[c]","[c]","[c]","[c]"
"In post","2022","Other ethnicity","UK Supreme Court","[c]","[c]","[c]","[c]"
"In post","2022","Other ethnicity","Water Services Regulation Authority","[c]","[c]","[c]","[c]"
"In post","2022","Other ethnicity","Welsh Government","20","20","[c]","[c]"
"In post","2022","Undeclared","Attorney General's Departments","215","205","47110","50500"
"In post","2022","Undeclared","Cabinet Office","270","265","46090","40600"
"In post","2022","Undeclared","Chancellor's other departments","25","25","[c]","[c]"
"In post","2022","Undeclared","Charity Commission","5","5","[c]","[c]"
"In post","2022","Undeclared","Competition and Markets Authority","30","25","[c]","[c]"
"In post","2022","Undeclared","Department for Business, Energy and Industrial Strategy","615","595","44410","40220"
"In post","2022","Undeclared","Department for Digital, Culture, Media and Sport","50","50","46390","51730"
"In post","2022","Undeclared","Department for Education","290","280","43720","40300"
"In post","2022","Undeclared","Department for Environment, Food and Rural Affairs","495","475","36030","32560"
"In post","2022","Undeclared","Department for International Trade","70","70","53550","52400"
"In post","2022","Undeclared","Department for Levelling Up, Housing and Communities","110","105","44190","40780"
"In post","2022","Undeclared","Department for Transport","1035","985","34080","30470"
"In post","2022","Undeclared","Department for Work and Pensions","4415","3920","28800","27570"
"In post","2022","Undeclared","Department of Health and Social Care","450","415","45980","40560"
"In post","2022","Undeclared","Food Standards Agency","30","30","37570","32440"
"In post","2022","Undeclared","Foreign, Commonwealth and Development Office","325","320","48420","43840"
"In post","2022","Undeclared","HM Land Registry","235","205","33960","33840"
"In post","2022","Undeclared","HM Revenue and Customs","2865","2630","36300","33370"
"In post","2022","Undeclared","HM Treasury","95","95","48120","49500"
"In post","2022","Undeclared","Home Office","1965","1825","33620","29370"
"In post","2022","Undeclared","Ministry of Defence","3080","2990","37110","35740"
"In post","2022","Undeclared","Ministry of Justice","2245","2105","31460","28550"
"In post","2022","Undeclared","National Crime Agency","205","205","39450","37560"
"In post","2022","Undeclared","Northern Ireland Office","[c]","[c]","[c]","[c]"
"In post","2022","Undeclared","Office for Standards in Education, Children's Services and Skills","25","25","[c]","[c]"
"In post","2022","Undeclared","Office of Qualifications and Examinations Regulation","10","10","[c]","[c]"
"In post","2022","Undeclared","Office of Rail and Road","30","30","[c]","[c]"
"In post","2022","Undeclared","Office of the Secretary of State for Scotland","[c]","[c]","[c]","[c]"
"In post","2022","Undeclared","Scottish Government","675","630","38910","35000"
"In post","2022","Undeclared","UK Export Finance","15","15","[c]","[c]"
"In post","2022","Undeclared","UK Statistics Authority","75","70","35590","32260"
"In post","2022","Undeclared","Water Services Regulation Authority","10","10","[c]","[c]"
"In post","2022","Undeclared","Welsh Government","245","235","43870","38160"
"In post","2022","Unknown","Attorney General's Departments","1075","1000","47910","50500"
"In post","2022","Unknown","Cabinet Office","4275","4230","46490","34550"
"In post","2022","Unknown","Chancellor's other departments","25","25","[c]","[c]"
"In post","2022","Unknown","Charity Commission","125","120","33280","29160"
"In post","2022","Unknown","Competition and Markets Authority","50","45","76440","72590"
"In post","2022","Unknown","Department for Business, Energy and Industrial Strategy","1835","1765","36580","33570"
"In post","2022","Unknown","Department for Digital, Culture, Media and Sport","130","125","45970","41970"
"In post","2022","Unknown","Department for Education","865","840","42100","36780"
"In post","2022","Unknown","Department for Environment, Food and Rural Affairs","2075","1970","32480","27960"
"In post","2022","Unknown","Department for International Trade","780","780","44680","39110"
"In post","2022","Unknown","Department for Levelling Up, Housing and Communities","535","520","44640","40600"
"In post","2022","Unknown","Department for Transport","2385","2265","31500","26700"
"In post","2022","Unknown","Department for Work and Pensions","5870","5420","29350","27570"
"In post","2022","Unknown","Department of Health and Social Care","2365","2300","46900","40650"
"In post","2022","Unknown","Food Standards Agency","95","95","39710","37350"
"In post","2022","Unknown","Foreign, Commonwealth and Development Office","1115","1095","47470","49470"
"In post","2022","Unknown","HM Land Registry","1035","985","28130","22600"
"In post","2022","Unknown","HM Revenue and Customs","15395","14450","29860","26820"
"In post","2022","Unknown","HM Treasury","55","55","46200","50700"
"In post","2022","Unknown","Home Office","4230","4090","32440","27370"
"In post","2022","Unknown","Ministry of Defence","6560","6415","34760","32700"
"In post","2022","Unknown","Ministry of Justice","12140","11475","28330","25700"
"In post","2022","Unknown","National Crime Agency","565","545","41260","39820"
"In post","2022","Unknown","Northern Ireland Office","55","55","46530","41750"
"In post","2022","Unknown","Office for Standards in Education, Children's Services and Skills","55","55","46990","46360"
"In post","2022","Unknown","Office of Gas and Electricity Markets","115","110","45130","37930"
"In post","2022","Unknown","Office of Rail and Road","[c]","[c]","[c]","[c]"
"In post","2022","Unknown","Office of the Secretary of State for Scotland","50","50","45850","42200"
"In post","2022","Unknown","Office of the Secretary of State for Wales","10","10","[c]","[c]"
"In post","2022","Unknown","Scottish Government","7335","6930","32780","30390"
"In post","2022","Unknown","The National Archives","120","115","34610","31300"
"In post","2022","Unknown","UK Export Finance","5","5","[c]","[c]"
"In post","2022","Unknown","UK Statistics Authority","955","850","31710","30210"
"In post","2022","Unknown","UK Supreme Court","[c]","[c]","[c]","[c]"
"In post","2022","Unknown","Water Services Regulation Authority","5","5","[c]","[c]"
"In post","2022","Unknown","Welsh Government","200","195","40620","33190"
"In post","2022","White","Attorney General's Departments","6880","6415","45220","48080"
"In post","2022","White","Cabinet Office","5330","5195","47540","40600"
"In post","2022","White","Chancellor's other departments","280","265","63120","54950"
"In post","2022","White","Charity Commission","315","300","33940","29160"
"In post","2022","White","Competition and Markets Authority","580","560","64840","59880"
"In post","2022","White","Department for Business, Energy and Industrial Strategy","9700","9260","42530","39990"
"In post","2022","White","Department for Digital, Culture, Media and Sport","1435","1410","48190","51730"
"In post","2022","White","Department for Education","6065","5830","44490","40300"
"In post","2022","White","Department for Environment, Food and Rural Affairs","9175","8705","36480","32560"
"In post","2022","White","Department for International Trade","1490","1470","48420","50500"
"In post","2022","White","Department for Levelling Up, Housing and Communities","2835","2715","46270","46120"
"In post","2022","White","Department for Transport","11735","10795","33010","26780"
"In post","2022","White","Department for Work and Pensions","69400","61980","28380","27570"
"In post","2022","White","Department of Health and Social Care","6625","6230","45930","40650"
"In post","2022","White","Estyn","110","105","58930","75480"
"In post","2022","White","Food Standards Agency","1165","1125","37730","32830"
"In post","2022","White","Foreign, Commonwealth and Development Office","5685","5545","48890","45490"
"In post","2022","White","HM Land Registry","4970","4480","31830","27130"
"In post","2022","White","HM Revenue and Customs","44165","40735","34440","33080"
"In post","2022","White","HM Treasury","2050","1985","49390","52360"
"In post","2022","White","Home Office","23150","21590","32670","27370"
"In post","2022","White","Ministry of Defence","45240","43630","34530","33000"
"In post","2022","White","Ministry of Justice","61575","57540","30780","28140"
"In post","2022","White","National Crime Agency","4245","4140","40970","38210"
"In post","2022","White","Northern Ireland Office","115","115","46000","41750"
"In post","2022","White","Office for Standards in Education, Children's Services and Skills","1560","1505","51430","51360"
"In post","2022","White","Office of Gas and Electricity Markets","930","915","44150","37580"
"In post","2022","White","Office of Qualifications and Examinations Regulation","225","220","46500","42000"
"In post","2022","White","Office of Rail and Road","250","240","55990","55430"
"In post","2022","White","Office of the Secretary of State for Scotland","65","65","51600","53240"
"In post","2022","White","Office of the Secretary of State for Wales","30","30","49500","49010"
"In post","2022","White","Scottish Government","16725","15955","39300","35000"
"In post","2022","White","The National Archives","365","350","36680","34260"
"In post","2022","White","UK Export Finance","310","305","56020","52500"
"In post","2022","White","UK Statistics Authority","4465","4005","34280","30710"
"In post","2022","White","UK Supreme Court","35","35","42280","37230"
"In post","2022","White","Water Services Regulation Authority","190","185","59410","54890"
"In post","2022","White","Welsh Government","5350","5050","41990","38160"
"Leaver CS","2022","Asian","Attorney General's Departments","60","[c]","38610","33100"
"Leaver CS","2022","Asian","Cabinet Office","50","[c]","49910","43060"
"Leaver CS","2022","Asian","Chancellor's other departments","5","[c]","[c]","[c]"
"Leaver CS","2022","Asian","Charity Commission","[c]","[c]","[c]","[c]"
"Leaver CS","2022","Asian","Competition and Markets Authority","15","[c]","[c]","[c]"
"Leaver CS","2022","Asian","Department for Business, Energy and Industrial Strategy","45","[c]","38060","33640"
"Leaver CS","2022","Asian","Department for Digital, Culture, Media and Sport","15","[c]","[c]","[c]"
"Leaver CS","2022","Asian","Department for Education","35","[c]","37380","36280"
"Leaver CS","2022","Asian","Department for Environment, Food and Rural Affairs","40","[c]","[c]","[c]"
"Leaver CS","2022","Asian","Department for International Trade","15","[c]","[c]","[c]"
"Leaver CS","2022","Asian","Department for Levelling Up, Housing and Communities","15","[c]","[c]","[c]"
"Leaver CS","2022","Asian","Department for Transport","50","[c]","40200","34710"
"Leaver CS","2022","Asian","Department for Work and Pensions","590","[c]","27890","27570"
"Leaver CS","2022","Asian","Department of Health and Social Care","300","[c]","41300","33100"
"Leaver CS","2022","Asian","Estyn","[c]","[c]","[c]","[c]"
"Leaver CS","2022","Asian","Food Standards Agency","5","[c]","[c]","[c]"
"Leaver CS","2022","Asian","Foreign, Commonwealth and Development Office","35","[c]","[c]","[c]"
"Leaver CS","2022","Asian","HM Land Registry","35","[c]","33050","27130"
"Leaver CS","2022","Asian","HM Revenue and Customs","300","[c]","[c]","[c]"
"Leaver CS","2022","Asian","HM Treasury","50","[c]","[c]","[c]"
"Leaver CS","2022","Asian","Home Office","175","[c]","30900","28650"
"Leaver CS","2022","Asian","Ministry of Defence","110","[c]","31990","29110"
"Leaver CS","2022","Asian","Ministry of Justice","340","[c]","27610","23720"
"Leaver CS","2022","Asian","National Crime Agency","10","[c]","[c]","[c]"
"Leaver CS","2022","Asian","Northern Ireland Office","[c]","[c]","[c]","[c]"
"Leaver CS","2022","Asian","Office for Standards in Education, Children's Services and Skills","15","[c]","[c]","[c]"
"Leaver CS","2022","Asian","Office of Gas and Electricity Markets","30","[c]","46270","40000"
"Leaver CS","2022","Asian","Office of Qualifications and Examinations Regulation","[c]","[c]","[c]","[c]"
"Leaver CS","2022","Asian","Office of Rail and Road","[c]","[c]","[c]","[c]"
"Leaver CS","2022","Asian","Office of the Secretary of State for Scotland","[c]","[c]","[c]","[c]"
"Leaver CS","2022","Asian","Office of the Secretary of State for Wales","[c]","[c]","[c]","[c]"
"Leaver CS","2022","Asian","Scottish Government","5","[c]","[c]","[c]"
"Leaver CS","2022","Asian","The National Archives","10","[c]","[c]","[c]"
"Leaver CS","2022","Asian","UK Export Finance","5","[c]","[c]","[c]"
"Leaver CS","2022","Asian","UK Statistics Authority","35","[c]","25960","23340"
"Leaver CS","2022","Asian","UK Supreme Court","[c]","[c]","[c]","[c]"
"Leaver CS","2022","Asian","Water Services Regulation Authority","5","[c]","[c]","[c]"
"Leaver CS","2022","Asian","Welsh Government","[c]","[c]","[c]","[c]"
"Leaver CS","2022","Black","Attorney General's Departments","35","[c]","36780","30150"
"Leaver CS","2022","Black","Cabinet Office","20","[c]","[c]","[c]"
"Leaver CS","2022","Black","Chancellor's other departments","5","[c]","[c]","[c]"
"Leaver CS","2022","Black","Charity Commission","[c]","[c]","[c]","[c]"
"Leaver CS","2022","Black","Competition and Markets Authority","5","[c]","[c]","[c]"
"Leaver CS","2022","Black","Department for Business, Energy and Industrial Strategy","20","[c]","[c]","[c]"
"Leaver CS","2022","Black","Department for Digital, Culture, Media and Sport","15","[c]","[c]","[c]"
"Leaver CS","2022","Black","Department for Education","30","[c]","[c]","[c]"
"Leaver CS","2022","Black","Department for Environment, Food and Rural Affairs","25","[c]","[c]","[c]"
"Leaver CS","2022","Black","Department for International Trade","10","[c]","[c]","[c]"
"Leaver CS","2022","Black","Department for Levelling Up, Housing and Communities","10","[c]","[c]","[c]"
"Leaver CS","2022","Black","Department for Transport","15","[c]","[c]","[c]"
"Leaver CS","2022","Black","Department for Work and Pensions","415","[c]","28900","29680"
"Leaver CS","2022","Black","Department of Health and Social Care","200","[c]","36530","32330"
"Leaver CS","2022","Black","Estyn","[c]","[c]","[c]","[c]"
"Leaver CS","2022","Black","Food Standards Agency","[c]","[c]","[c]","[c]"
"Leaver CS","2022","Black","Foreign, Commonwealth and Development Office","10","[c]","[c]","[c]"
"Leaver CS","2022","Black","HM Land Registry","[c]","[c]","[c]","[c]"
"Leaver CS","2022","Black","HM Revenue and Customs","95","[c]","[c]","[c]"
"Leaver CS","2022","Black","HM Treasury","10","[c]","[c]","[c]"
"Leaver CS","2022","Black","Home Office","80","[c]","32290","28670"
"Leaver CS","2022","Black","Ministry of Defence","65","[c]","32250","31400"
"Leaver CS","2022","Black","Ministry of Justice","335","[c]","28230","23720"
"Leaver CS","2022","Black","National Crime Agency","5","[c]","[c]","[c]"
"Leaver CS","2022","Black","Northern Ireland Office","[c]","[c]","[c]","[c]"
"Leaver CS","2022","Black","Office for Standards in Education, Children's Services and Skills","5","[c]","[c]","[c]"
"Leaver CS","2022","Black","Office of Gas and Electricity Markets","10","[c]","[c]","[c]"
"Leaver CS","2022","Black","Office of Qualifications and Examinations Regulation","[c]","[c]","[c]","[c]"
"Leaver CS","2022","Black","Office of Rail and Road","[c]","[c]","[c]","[c]"
"Leaver CS","2022","Black","Office of the Secretary of State for Scotland","[c]","[c]","[c]","[c]"
"Leaver CS","2022","Black","Office of the Secretary of State for Wales","[c]","[c]","[c]","[c]"
"Leaver CS","2022","Black","Scottish Government","5","[c]","[c]","[c]"
"Leaver CS","2022","Black","The National Archives","[c]","[c]","[c]","[c]"
"Leaver CS","2022","Black","UK Export Finance","5","[c]","[c]","[c]"
"Leaver CS","2022","Black","UK Statistics Authority","[c]","[c]","[c]","[c]"
"Leaver CS","2022","Black","UK Supreme Court","[c]","[c]","[c]","[c]"
"Leaver CS","2022","Black","Water Services Regulation Authority","[c]","[c]","[c]","[c]"
"Leaver CS","2022","Black","Welsh Government","[c]","[c]","[c]","[c]"
"Leaver CS","2022","Mixed","Attorney General's Departments","25","[c]","[c]","[c]"
"Leaver CS","2022","Mixed","Cabinet Office","15","[c]","[c]","[c]"
"Leaver CS","2022","Mixed","Chancellor's other departments","[c]","[c]","[c]","[c]"
"Leaver CS","2022","Mixed","Charity Commission","[c]","[c]","[c]","[c]"
"Leaver CS","2022","Mixed","Competition and Markets Authority","10","[c]","[c]","[c]"
"Leaver CS","2022","Mixed","Department for Business, Energy and Industrial Strategy","10","[c]","[c]","[c]"
"Leaver CS","2022","Mixed","Department for Digital, Culture, Media and Sport","10","[c]","[c]","[c]"
"Leaver CS","2022","Mixed","Department for Education","15","[c]","[c]","[c]"
"Leaver CS","2022","Mixed","Department for Environment, Food and Rural Affairs","25","[c]","[c]","[c]"
"Leaver CS","2022","Mixed","Department for International Trade","5","[c]","[c]","[c]"
"Leaver CS","2022","Mixed","Department for Levelling Up, Housing and Communities","10","[c]","[c]","[c]"
"Leaver CS","2022","Mixed","Department for Transport","15","[c]","[c]","[c]"
"Leaver CS","2022","Mixed","Department for Work and Pensions","240","[c]","27240","27570"
"Leaver CS","2022","Mixed","Department of Health and Social Care","60","[c]","40070","33030"
"Leaver CS","2022","Mixed","Estyn","[c]","[c]","[c]","[c]"
"Leaver CS","2022","Mixed","Food Standards Agency","5","[c]","[c]","[c]"
"Leaver CS","2022","Mixed","Foreign, Commonwealth and Development Office","10","[c]","[c]","[c]"
"Leaver CS","2022","Mixed","HM Land Registry","10","[c]","[c]","[c]"
"Leaver CS","2022","Mixed","HM Revenue and Customs","55","[c]","[c]","[c]"
"Leaver CS","2022","Mixed","HM Treasury","15","[c]","[c]","[c]"
"Leaver CS","2022","Mixed","Home Office","40","[c]","32980","28660"
"Leaver CS","2022","Mixed","Ministry of Defence","65","[c]","33270","31570"
"Leaver CS","2022","Mixed","Ministry of Justice","195","[c]","27360","22680"
"Leaver CS","2022","Mixed","National Crime Agency","10","[c]","[c]","[c]"
"Leaver CS","2022","Mixed","Northern Ireland Office","[c]","[c]","[c]","[c]"
"Leaver CS","2022","Mixed","Office for Standards in Education, Children's Services and Skills","[c]","[c]","[c]","[c]"
"Leaver CS","2022","Mixed","Office of Gas and Electricity Markets","5","[c]","[c]","[c]"
"Leaver CS","2022","Mixed","Office of Qualifications and Examinations Regulation","[c]","[c]","[c]","[c]"
"Leaver CS","2022","Mixed","Office of Rail and Road","[c]","[c]","[c]","[c]"
"Leaver CS","2022","Mixed","Office of the Secretary of State for Scotland","[c]","[c]","[c]","[c]"
"Leaver CS","2022","Mixed","Office of the Secretary of State for Wales","[c]","[c]","[c]","[c]"
"Leaver CS","2022","Mixed","Scottish Government","[c]","[c]","[c]","[c]"
"Leaver CS","2022","Mixed","The National Archives","[c]","[c]","[c]","[c]"
"Leaver CS","2022","Mixed","UK Export Finance","[c]","[c]","[c]","[c]"
"Leaver CS","2022","Mixed","UK Statistics Authority","15","[c]","[c]","[c]"
"Leaver CS","2022","Mixed","UK Supreme Court","[c]","[c]","[c]","[c]"
"Leaver CS","2022","Mixed","Water Services Regulation Authority","[c]","[c]","[c]","[c]"
"Leaver CS","2022","Mixed","Welsh Government","[c]","[c]","[c]","[c]"
"Leaver CS","2022","Other ethnicity","Attorney General's Departments","5","[c]","[c]","[c]"
"Leaver CS","2022","Other ethnicity","Cabinet Office","5","[c]","[c]","[c]"
"Leaver CS","2022","Other ethnicity","Chancellor's other departments","[c]","[c]","[c]","[c]"
"Leaver CS","2022","Other ethnicity","Charity Commission","[c]","[c]","[c]","[c]"
"Leaver CS","2022","Other ethnicity","Competition and Markets Authority","[c]","[c]","[c]","[c]"
"Leaver CS","2022","Other ethnicity","Department for Business, Energy and Industrial Strategy","5","[c]","[c]","[c]"
"Leaver CS","2022","Other ethnicity","Department for Digital, Culture, Media and Sport","[c]","[c]","[c]","[c]"
"Leaver CS","2022","Other ethnicity","Department for Education","[c]","[c]","[c]","[c]"
"Leaver CS","2022","Other ethnicity","Department for Environment, Food and Rural Affairs","5","[c]","[c]","[c]"
"Leaver CS","2022","Other ethnicity","Department for International Trade","[c]","[c]","[c]","[c]"
"Leaver CS","2022","Other ethnicity","Department for Levelling Up, Housing and Communities","[c]","[c]","[c]","[c]"
"Leaver CS","2022","Other ethnicity","Department for Transport","5","[c]","[c]","[c]"
"Leaver CS","2022","Other ethnicity","Department for Work and Pensions","80","[c]","30330","29290"
"Leaver CS","2022","Other ethnicity","Department of Health and Social Care","25","[c]","[c]","[c]"
"Leaver CS","2022","Other ethnicity","Estyn","[c]","[c]","[c]","[c]"
"Leaver CS","2022","Other ethnicity","Food Standards Agency","[c]","[c]","[c]","[c]"
"Leaver CS","2022","Other ethnicity","Foreign, Commonwealth and Development Office","[c]","[c]","[c]","[c]"
"Leaver CS","2022","Other ethnicity","HM Land Registry","[c]","[c]","[c]","[c]"
"Leaver CS","2022","Other ethnicity","HM Revenue and Customs","15","[c]","[c]","[c]"
"Leaver CS","2022","Other ethnicity","HM Treasury","15","[c]","[c]","[c]"
"Leaver CS","2022","Other ethnicity","Home Office","5","[c]","[c]","[c]"
"Leaver CS","2022","Other ethnicity","Ministry of Defence","20","[c]","[c]","[c]"
"Leaver CS","2022","Other ethnicity","Ministry of Justice","35","[c]","[c]","[c]"
"Leaver CS","2022","Other ethnicity","National Crime Agency","5","[c]","[c]","[c]"
"Leaver CS","2022","Other ethnicity","Northern Ireland Office","[c]","[c]","[c]","[c]"
"Leaver CS","2022","Other ethnicity","Office for Standards in Education, Children's Services and Skills","[c]","[c]","[c]","[c]"
"Leaver CS","2022","Other ethnicity","Office of Gas and Electricity Markets","[c]","[c]","[c]","[c]"
"Leaver CS","2022","Other ethnicity","Office of Qualifications and Examinations Regulation","[c]","[c]","[c]","[c]"
"Leaver CS","2022","Other ethnicity","Office of Rail and Road","[c]","[c]","[c]","[c]"
"Leaver CS","2022","Other ethnicity","Office of the Secretary of State for Scotland","[c]","[c]","[c]","[c]"
"Leaver CS","2022","Other ethnicity","Office of the Secretary of State for Wales","[c]","[c]","[c]","[c]"
"Leaver CS","2022","Other ethnicity","Scottish Government","[c]","[c]","[c]","[c]"
"Leaver CS","2022","Other ethnicity","The National Archives","[c]","[c]","[c]","[c]"
"Leaver CS","2022","Other ethnicity","UK Export Finance","[c]","[c]","[c]","[c]"
"Leaver CS","2022","Other ethnicity","UK Statistics Authority","15","[c]","[c]","[c]"
"Leaver CS","2022","Other ethnicity","UK Supreme Court","[c]","[c]","[c]","[c]"
"Leaver CS","2022","Other ethnicity","Water Services Regulation Authority","[c]","[c]","[c]","[c]"
"Leaver CS","2022","Other ethnicity","Welsh Government","[c]","[c]","[c]","[c]"
"Leaver CS","2022","Undeclared","Attorney General's Departments","20","[c]","[c]","[c]"
"Leaver CS","2022","Undeclared","Cabinet Office","20","[c]","[c]","[c]"
"Leaver CS","2022","Undeclared","Chancellor's other departments","10","[c]","[c]","[c]"
"Leaver CS","2022","Undeclared","Charity Commission","[c]","[c]","[c]","[c]"
"Leaver CS","2022","Undeclared","Competition and Markets Authority","[c]","[c]","[c]","[c]"
"Leaver CS","2022","Undeclared","Department for Business, Energy and Industrial Strategy","35","[c]","39040","37040"
"Leaver CS","2022","Undeclared","Department for Digital, Culture, Media and Sport","5","[c]","[c]","[c]"
"Leaver CS","2022","Undeclared","Department for Education","15","[c]","[c]","[c]"
"Leaver CS","2022","Undeclared","Department for Environment, Food and Rural Affairs","35","[c]","[c]","[c]"
"Leaver CS","2022","Undeclared","Department for International Trade","5","[c]","[c]","[c]"
"Leaver CS","2022","Undeclared","Department for Levelling Up, Housing and Communities","10","[c]","[c]","[c]"
"Leaver CS","2022","Undeclared","Department for Transport","70","[c]","31160","26780"
"Leaver CS","2022","Undeclared","Department for Work and Pensions","310","[c]","28460","27570"
"Leaver CS","2022","Undeclared","Department of Health and Social Care","160","[c]","43760","39320"
"Leaver CS","2022","Undeclared","Food Standards Agency","[c]","[c]","[c]","[c]"
"Leaver CS","2022","Undeclared","Foreign, Commonwealth and Development Office","10","[c]","[c]","[c]"
"Leaver CS","2022","Undeclared","HM Land Registry","15","[c]","[c]","[c]"
"Leaver CS","2022","Undeclared","HM Revenue and Customs","225","[c]","34540","28920"
"Leaver CS","2022","Undeclared","HM Treasury","10","[c]","[c]","[c]"
"Leaver CS","2022","Undeclared","Home Office","130","[c]","33000","29870"
"Leaver CS","2022","Undeclared","Ministry of Defence","290","[c]","35490","34490"
"Leaver CS","2022","Undeclared","Ministry of Justice","210","[c]","27840","21190"
"Leaver CS","2022","Undeclared","National Crime Agency","10","[c]","[c]","[c]"
"Leaver CS","2022","Undeclared","Northern Ireland Office","[c]","[c]","[c]","[c]"
"Leaver CS","2022","Undeclared","Office for Standards in Education, Children's Services and Skills","[c]","[c]","[c]","[c]"
"Leaver CS","2022","Undeclared","Office of Qualifications and Examinations Regulation","[c]","[c]","[c]","[c]"
"Leaver CS","2022","Undeclared","Office of Rail and Road","[c]","[c]","[c]","[c]"
"Leaver CS","2022","Undeclared","Scottish Government","45","[c]","33680","35000"
"Leaver CS","2022","Undeclared","UK Export Finance","[c]","[c]","[c]","[c]"
"Leaver CS","2022","Undeclared","UK Statistics Authority","140","[c]","26490","23050"
"Leaver CS","2022","Undeclared","UK Supreme Court","[c]","[c]","[c]","[c]"
"Leaver CS","2022","Undeclared","Water Services Regulation Authority","[c]","[c]","[c]","[c]"
"Leaver CS","2022","Undeclared","Welsh Government","5","[c]","[c]","[c]"
"Leaver CS","2022","Unknown","Attorney General's Departments","75","[c]","44100","40000"
"Leaver CS","2022","Unknown","Cabinet Office","360","[c]","52090","43060"
"Leaver CS","2022","Unknown","Chancellor's other departments","[c]","[c]","[c]","[c]"
"Leaver CS","2022","Unknown","Charity Commission","20","[c]","[c]","[c]"
"Leaver CS","2022","Unknown","Competition and Markets Authority","[c]","[c]","[c]","[c]"
"Leaver CS","2022","Unknown","Department for Business, Energy and Industrial Strategy","250","[c]","32700","27680"
"Leaver CS","2022","Unknown","Department for Digital, Culture, Media and Sport","20","[c]","[c]","[c]"
"Leaver CS","2022","Unknown","Department for Education","105","[c]","36990","32940"
"Leaver CS","2022","Unknown","Department for Environment, Food and Rural Affairs","235","[c]","25300","21300"
"Leaver CS","2022","Unknown","Department for International Trade","100","[c]","[c]","[c]"
"Leaver CS","2022","Unknown","Department for Levelling Up, Housing and Communities","40","[c]","35450","30190"
"Leaver CS","2022","Unknown","Department for Transport","335","[c]","28590","26130"
"Leaver CS","2022","Unknown","Department for Work and Pensions","1165","[c]","27270","27570"
"Leaver CS","2022","Unknown","Department of Health and Social Care","645","[c]","49650","40650"
"Leaver CS","2022","Unknown","Food Standards Agency","[c]","[c]","[c]","[c]"
"Leaver CS","2022","Unknown","Foreign, Commonwealth and Development Office","90","[c]","46600","39630"
"Leaver CS","2022","Unknown","HM Land Registry","85","[c]","31460","27130"
"Leaver CS","2022","Unknown","HM Revenue and Customs","1350","[c]","27180","22080"
"Leaver CS","2022","Unknown","Home Office","315","[c]","31100","27760"
"Leaver CS","2022","Unknown","Ministry of Defence","835","[c]","31920","29670"
"Leaver CS","2022","Unknown","Ministry of Justice","2560","[c]","24570","20970"
"Leaver CS","2022","Unknown","National Crime Agency","30","[c]","47580","39830"
"Leaver CS","2022","Unknown","Northern Ireland Office","5","[c]","[c]","[c]"
"Leaver CS","2022","Unknown","Office for Standards in Education, Children's Services and Skills","[c]","[c]","[c]","[c]"
"Leaver CS","2022","Unknown","Office of Gas and Electricity Markets","15","[c]","[c]","[c]"
"Leaver CS","2022","Unknown","Office of Rail and Road","[c]","[c]","[c]","[c]"
"Leaver CS","2022","Unknown","Office of the Secretary of State for Scotland","5","[c]","[c]","[c]"
"Leaver CS","2022","Unknown","Office of the Secretary of State for Wales","[c]","[c]","[c]","[c]"
"Leaver CS","2022","Unknown","Scottish Government","605","[c]","32430","27940"
"Leaver CS","2022","Unknown","The National Archives","10","[c]","[c]","[c]"
"Leaver CS","2022","Unknown","UK Export Finance","[c]","[c]","[c]","[c]"
"Leaver CS","2022","Unknown","UK Supreme Court","[c]","[c]","[c]","[c]"
"Leaver CS","2022","Unknown","Water Services Regulation Authority","[c]","[c]","[c]","[c]"
"Leaver CS","2022","Unknown","Welsh Government","15","[c]","[c]","[c]"
"Leaver CS","2022","White","Attorney General's Departments","440","[c]","45320","50500"
"Leaver CS","2022","White","Cabinet Office","350","[c]","48140","41600"
"Leaver CS","2022","White","Chancellor's other departments","30","[c]","[c]","[c]"
"Leaver CS","2022","White","Charity Commission","40","[c]","37960","30740"
"Leaver CS","2022","White","Competition and Markets Authority","65","[c]","56340","55860"
"Leaver CS","2022","White","Department for Business, Energy and Industrial Strategy","470","[c]","40270","38000"
"Leaver CS","2022","White","Department for Digital, Culture, Media and Sport","95","[c]","41570","34660"
"Leaver CS","2022","White","Department for Education","255","[c]","45000","40200"
"Leaver CS","2022","White","Department for Environment, Food and Rural Affairs","570","[c]","30230","25330"
"Leaver CS","2022","White","Department for International Trade","80","[c]","[c]","[c]"
"Leaver CS","2022","White","Department for Levelling Up, Housing and Communities","155","[c]","45080","41020"
"Leaver CS","2022","White","Department for Transport","795","[c]","31670","26780"
"Leaver CS","2022","White","Department for Work and Pensions","6075","[c]","27050","27570"
"Leaver CS","2022","White","Department of Health and Social Care","1810","[c]","43050","38200"
"Leaver CS","2022","White","Estyn","10","[c]","[c]","[c]"
"Leaver CS","2022","White","Food Standards Agency","55","[c]","36460","31390"
"Leaver CS","2022","White","Foreign, Commonwealth and Development Office","260","[c]","48420","45050"
"Leaver CS","2022","White","HM Land Registry","260","[c]","33400","27130"
"Leaver CS","2022","White","HM Revenue and Customs","2935","[c]","31500","26820"
"Leaver CS","2022","White","HM Treasury","150","[c]","[c]","[c]"
"Leaver CS","2022","White","Home Office","1340","[c]","32080","26160"
"Leaver CS","2022","White","Ministry of Defence","3660","[c]","32530","29230"
"Leaver CS","2022","White","Ministry of Justice","6110","[c]","27980","21180"
"Leaver CS","2022","White","National Crime Agency","250","[c]","42440","39840"
"Leaver CS","2022","White","Northern Ireland Office","5","[c]","[c]","[c]"
"Leaver CS","2022","White","Office for Standards in Education, Children's Services and Skills","155","[c]","54700","51360"
"Leaver CS","2022","White","Office of Gas and Electricity Markets","170","[c]","45620","37710"
"Leaver CS","2022","White","Office of Qualifications and Examinations Regulation","20","[c]","[c]","[c]"
"Leaver CS","2022","White","Office of Rail and Road","25","[c]","[c]","[c]"
"Leaver CS","2022","White","Office of the Secretary of State for Scotland","[c]","[c]","[c]","[c]"
"Leaver CS","2022","White","Office of the Secretary of State for Wales","[c]","[c]","[c]","[c]"
"Leaver CS","2022","White","Scottish Government","770","[c]","37990","34600"
"Leaver CS","2022","White","The National Archives","45","[c]","33310","28460"
"Leaver CS","2022","White","UK Export Finance","30","[c]","56900","47000"
"Leaver CS","2022","White","UK Statistics Authority","375","[c]","29400","23630"
"Leaver CS","2022","White","UK Supreme Court","10","[c]","[c]","[c]"
"Leaver CS","2022","White","Water Services Regulation Authority","30","[c]","55840","53310"
"Leaver CS","2022","White","Welsh Government","220","[c]","42940","37410"
"Leaver Dept.","2022","Asian","Attorney General's Departments","40","[c]","38290","30720"
"Leaver Dept.","2022","Asian","Cabinet Office","100","[c]","43230","35590"
"Leaver Dept.","2022","Asian","Chancellor's other departments","[c]","[c]","[c]","[c]"
"Leaver Dept.","2022","Asian","Charity Commission","[c]","[c]","[c]","[c]"
"Leaver Dept.","2022","Asian","Competition and Markets Authority","15","[c]","[c]","[c]"
"Leaver Dept.","2022","Asian","Department for Business, Energy and Industrial Strategy","85","[c]","41110","35680"
"Leaver Dept.","2022","Asian","Department for Digital, Culture, Media and Sport","10","[c]","[c]","[c]"
"Leaver Dept.","2022","Asian","Department for Education","60","[c]","37190","36500"
"Leaver Dept.","2022","Asian","Department for Environment, Food and Rural Affairs","25","[c]","[c]","[c]"
"Leaver Dept.","2022","Asian","Department for International Trade","25","[c]","[c]","[c]"
"Leaver Dept.","2022","Asian","Department for Levelling Up, Housing and Communities","35","[c]","37240","33210"
"Leaver Dept.","2022","Asian","Department for Transport","50","[c]","41050","35430"
"Leaver Dept.","2022","Asian","Department for Work and Pensions","440","[c]","29130","27570"
"Leaver Dept.","2022","Asian","Department of Health and Social Care","850","[c]","41100","32650"
"Leaver Dept.","2022","Asian","Estyn","[c]","[c]","[c]","[c]"
"Leaver Dept.","2022","Asian","Food Standards Agency","[c]","[c]","[c]","[c]"
"Leaver Dept.","2022","Asian","Foreign, Commonwealth and Development Office","25","[c]","[c]","[c]"
"Leaver Dept.","2022","Asian","HM Revenue and Customs","115","[c]","[c]","[c]"
"Leaver Dept.","2022","Asian","HM Treasury","30","[c]","[c]","[c]"
"Leaver Dept.","2022","Asian","Home Office","180","[c]","33400","28850"
"Leaver Dept.","2022","Asian","Ministry of Defence","70","[c]","35940","37000"
"Leaver Dept.","2022","Asian","Ministry of Justice","220","[c]","28510","23720"
"Leaver Dept.","2022","Asian","National Crime Agency","5","[c]","[c]","[c]"
"Leaver Dept.","2022","Asian","Northern Ireland Office","[c]","[c]","[c]","[c]"
"Leaver Dept.","2022","Asian","Office for Standards in Education, Children's Services and Skills","5","[c]","[c]","[c]"
"Leaver Dept.","2022","Asian","Office of Gas and Electricity Markets","5","[c]","[c]","[c]"
"Leaver Dept.","2022","Asian","Office of Qualifications and Examinations Regulation","[c]","[c]","[c]","[c]"
"Leaver Dept.","2022","Asian","Office of Rail and Road","[c]","[c]","[c]","[c]"
"Leaver Dept.","2022","Asian","Office of the Secretary of State for Scotland","[c]","[c]","[c]","[c]"
"Leaver Dept.","2022","Asian","Office of the Secretary of State for Wales","[c]","[c]","[c]","[c]"
"Leaver Dept.","2022","Asian","Scottish Government","[c]","[c]","[c]","[c]"
"Leaver Dept.","2022","Asian","The National Archives","[c]","[c]","[c]","[c]"
"Leaver Dept.","2022","Asian","UK Export Finance","[c]","[c]","[c]","[c]"
"Leaver Dept.","2022","Asian","UK Statistics Authority","20","[c]","[c]","[c]"
"Leaver Dept.","2022","Asian","Water Services Regulation Authority","[c]","[c]","[c]","[c]"
"Leaver Dept.","2022","Asian","Welsh Government","[c]","[c]","[c]","[c]"
"Leaver Dept.","2022","Black","Attorney General's Departments","25","[c]","[c]","[c]"
"Leaver Dept.","2022","Black","Cabinet Office","60","[c]","40530","35070"
"Leaver Dept.","2022","Black","Chancellor's other departments","[c]","[c]","[c]","[c]"
"Leaver Dept.","2022","Black","Charity Commission","[c]","[c]","[c]","[c]"
"Leaver Dept.","2022","Black","Competition and Markets Authority","[c]","[c]","[c]","[c]"
"Leaver Dept.","2022","Black","Department for Business, Energy and Industrial Strategy","40","[c]","38420","34490"
"Leaver Dept.","2022","Black","Department for Digital, Culture, Media and Sport","15","[c]","[c]","[c]"
"Leaver Dept.","2022","Black","Department for Education","20","[c]","[c]","[c]"
"Leaver Dept.","2022","Black","Department for Environment, Food and Rural Affairs","10","[c]","[c]","[c]"
"Leaver Dept.","2022","Black","Department for International Trade","10","[c]","[c]","[c]"
"Leaver Dept.","2022","Black","Department for Levelling Up, Housing and Communities","20","[c]","[c]","[c]"
"Leaver Dept.","2022","Black","Department for Transport","20","[c]","[c]","[c]"
"Leaver Dept.","2022","Black","Department for Work and Pensions","210","[c]","29720","29290"
"Leaver Dept.","2022","Black","Department of Health and Social Care","515","[c]","39010","32650"
"Leaver Dept.","2022","Black","Estyn","[c]","[c]","[c]","[c]"
"Leaver Dept.","2022","Black","Food Standards Agency","[c]","[c]","[c]","[c]"
"Leaver Dept.","2022","Black","Foreign, Commonwealth and Development Office","10","[c]","[c]","[c]"
"Leaver Dept.","2022","Black","HM Revenue and Customs","50","[c]","[c]","[c]"
"Leaver Dept.","2022","Black","HM Treasury","[c]","[c]","[c]","[c]"
"Leaver Dept.","2022","Black","Home Office","70","[c]","36240","33290"
"Leaver Dept.","2022","Black","Ministry of Defence","30","[c]","[c]","[c]"
"Leaver Dept.","2022","Black","Ministry of Justice","115","[c]","31320","30210"
"Leaver Dept.","2022","Black","National Crime Agency","[c]","[c]","[c]","[c]"
"Leaver Dept.","2022","Black","Northern Ireland Office","[c]","[c]","[c]","[c]"
"Leaver Dept.","2022","Black","Office for Standards in Education, Children's Services and Skills","[c]","[c]","[c]","[c]"
"Leaver Dept.","2022","Black","Office of Gas and Electricity Markets","5","[c]","[c]","[c]"
"Leaver Dept.","2022","Black","Office of Qualifications and Examinations Regulation","[c]","[c]","[c]","[c]"
"Leaver Dept.","2022","Black","Office of Rail and Road","[c]","[c]","[c]","[c]"
"Leaver Dept.","2022","Black","Office of the Secretary of State for Scotland","[c]","[c]","[c]","[c]"
"Leaver Dept.","2022","Black","Office of the Secretary of State for Wales","[c]","[c]","[c]","[c]"
"Leaver Dept.","2022","Black","Scottish Government","[c]","[c]","[c]","[c]"
"Leaver Dept.","2022","Black","The National Archives","[c]","[c]","[c]","[c]"
"Leaver Dept.","2022","Black","UK Export Finance","[c]","[c]","[c]","[c]"
"Leaver Dept.","2022","Black","UK Statistics Authority","[c]","[c]","[c]","[c]"
"Leaver Dept.","2022","Black","Water Services Regulation Authority","[c]","[c]","[c]","[c]"
"Leaver Dept.","2022","Black","Welsh Government","[c]","[c]","[c]","[c]"
"Leaver Dept.","2022","Mixed","Attorney General's Departments","5","[c]","[c]","[c]"
"Leaver Dept.","2022","Mixed","Cabinet Office","35","[c]","39750","34550"
"Leaver Dept.","2022","Mixed","Chancellor's other departments","[c]","[c]","[c]","[c]"
"Leaver Dept.","2022","Mixed","Charity Commission","[c]","[c]","[c]","[c]"
"Leaver Dept.","2022","Mixed","Competition and Markets Authority","[c]","[c]","[c]","[c]"
"Leaver Dept.","2022","Mixed","Department for Business, Energy and Industrial Strategy","30","[c]","46490","40050"
"Leaver Dept.","2022","Mixed","Department for Digital, Culture, Media and Sport","10","[c]","[c]","[c]"
"Leaver Dept.","2022","Mixed","Department for Education","25","[c]","[c]","[c]"
"Leaver Dept.","2022","Mixed","Department for Environment, Food and Rural Affairs","20","[c]","[c]","[c]"
"Leaver Dept.","2022","Mixed","Department for International Trade","15","[c]","[c]","[c]"
"Leaver Dept.","2022","Mixed","Department for Levelling Up, Housing and Communities","25","[c]","[c]","[c]"
"Leaver Dept.","2022","Mixed","Department for Transport","15","[c]","[c]","[c]"
"Leaver Dept.","2022","Mixed","Department for Work and Pensions","85","[c]","30390","27570"
"Leaver Dept.","2022","Mixed","Department of Health and Social Care","190","[c]","38760","32490"
"Leaver Dept.","2022","Mixed","Estyn","[c]","[c]","[c]","[c]"
"Leaver Dept.","2022","Mixed","Food Standards Agency","[c]","[c]","[c]","[c]"
"Leaver Dept.","2022","Mixed","Foreign, Commonwealth and Development Office","20","[c]","[c]","[c]"
"Leaver Dept.","2022","Mixed","HM Revenue and Customs","25","[c]","[c]","[c]"
"Leaver Dept.","2022","Mixed","HM Treasury","5","[c]","[c]","[c]"
"Leaver Dept.","2022","Mixed","Home Office","40","[c]","34790","31490"
"Leaver Dept.","2022","Mixed","Ministry of Defence","30","[c]","34510","33300"
"Leaver Dept.","2022","Mixed","Ministry of Justice","45","[c]","36900","32970"
"Leaver Dept.","2022","Mixed","National Crime Agency","[c]","[c]","[c]","[c]"
"Leaver Dept.","2022","Mixed","Northern Ireland Office","[c]","[c]","[c]","[c]"
"Leaver Dept.","2022","Mixed","Office for Standards in Education, Children's Services and Skills","[c]","[c]","[c]","[c]"
"Leaver Dept.","2022","Mixed","Office of Gas and Electricity Markets","5","[c]","[c]","[c]"
"Leaver Dept.","2022","Mixed","Office of Qualifications and Examinations Regulation","[c]","[c]","[c]","[c]"
"Leaver Dept.","2022","Mixed","Office of Rail and Road","[c]","[c]","[c]","[c]"
"Leaver Dept.","2022","Mixed","Office of the Secretary of State for Scotland","[c]","[c]","[c]","[c]"
"Leaver Dept.","2022","Mixed","Office of the Secretary of State for Wales","[c]","[c]","[c]","[c]"
"Leaver Dept.","2022","Mixed","Scottish Government","[c]","[c]","[c]","[c]"
"Leaver Dept.","2022","Mixed","The National Archives","[c]","[c]","[c]","[c]"
"Leaver Dept.","2022","Mixed","UK Export Finance","[c]","[c]","[c]","[c]"
"Leaver Dept.","2022","Mixed","UK Statistics Authority","[c]","[c]","[c]","[c]"
"Leaver Dept.","2022","Mixed","Water Services Regulation Authority","[c]","[c]","[c]","[c]"
"Leaver Dept.","2022","Mixed","Welsh Government","[c]","[c]","[c]","[c]"
"Leaver Dept.","2022","Other ethnicity","Attorney General's Departments","[c]","[c]","[c]","[c]"
"Leaver Dept.","2022","Other ethnicity","Cabinet Office","15","[c]","[c]","[c]"
"Leaver Dept.","2022","Other ethnicity","Chancellor's other departments","[c]","[c]","[c]","[c]"
"Leaver Dept.","2022","Other ethnicity","Charity Commission","[c]","[c]","[c]","[c]"
"Leaver Dept.","2022","Other ethnicity","Competition and Markets Authority","[c]","[c]","[c]","[c]"
"Leaver Dept.","2022","Other ethnicity","Department for Business, Energy and Industrial Strategy","5","[c]","[c]","[c]"
"Leaver Dept.","2022","Other ethnicity","Department for Digital, Culture, Media and Sport","[c]","[c]","[c]","[c]"
"Leaver Dept.","2022","Other ethnicity","Department for Education","5","[c]","[c]","[c]"
"Leaver Dept.","2022","Other ethnicity","Department for Environment, Food and Rural Affairs","[c]","[c]","[c]","[c]"
"Leaver Dept.","2022","Other ethnicity","Department for International Trade","[c]","[c]","[c]","[c]"
"Leaver Dept.","2022","Other ethnicity","Department for Levelling Up, Housing and Communities","[c]","[c]","[c]","[c]"
"Leaver Dept.","2022","Other ethnicity","Department for Transport","[c]","[c]","[c]","[c]"
"Leaver Dept.","2022","Other ethnicity","Department for Work and Pensions","15","[c]","[c]","[c]"
"Leaver Dept.","2022","Other ethnicity","Department of Health and Social Care","80","[c]","46020","37270"
"Leaver Dept.","2022","Other ethnicity","Estyn","[c]","[c]","[c]","[c]"
"Leaver Dept.","2022","Other ethnicity","Food Standards Agency","[c]","[c]","[c]","[c]"
"Leaver Dept.","2022","Other ethnicity","Foreign, Commonwealth and Development Office","[c]","[c]","[c]","[c]"
"Leaver Dept.","2022","Other ethnicity","HM Revenue and Customs","5","[c]","[c]","[c]"
"Leaver Dept.","2022","Other ethnicity","HM Treasury","15","[c]","[c]","[c]"
"Leaver Dept.","2022","Other ethnicity","Home Office","10","[c]","[c]","[c]"
"Leaver Dept.","2022","Other ethnicity","Ministry of Defence","5","[c]","[c]","[c]"
"Leaver Dept.","2022","Other ethnicity","Ministry of Justice","10","[c]","[c]","[c]"
"Leaver Dept.","2022","Other ethnicity","National Crime Agency","[c]","[c]","[c]","[c]"
"Leaver Dept.","2022","Other ethnicity","Northern Ireland Office","[c]","[c]","[c]","[c]"
"Leaver Dept.","2022","Other ethnicity","Office for Standards in Education, Children's Services and Skills","[c]","[c]","[c]","[c]"
"Leaver Dept.","2022","Other ethnicity","Office of Gas and Electricity Markets","[c]","[c]","[c]","[c]"
"Leaver Dept.","2022","Other ethnicity","Office of Qualifications and Examinations Regulation","[c]","[c]","[c]","[c]"
"Leaver Dept.","2022","Other ethnicity","Office of Rail and Road","[c]","[c]","[c]","[c]"
"Leaver Dept.","2022","Other ethnicity","Office of the Secretary of State for Scotland","[c]","[c]","[c]","[c]"
"Leaver Dept.","2022","Other ethnicity","Office of the Secretary of State for Wales","[c]","[c]","[c]","[c]"
"Leaver Dept.","2022","Other ethnicity","Scottish Government","[c]","[c]","[c]","[c]"
"Leaver Dept.","2022","Other ethnicity","The National Archives","[c]","[c]","[c]","[c]"
"Leaver Dept.","2022","Other ethnicity","UK Export Finance","[c]","[c]","[c]","[c]"
"Leaver Dept.","2022","Other ethnicity","UK Statistics Authority","[c]","[c]","[c]","[c]"
"Leaver Dept.","2022","Other ethnicity","Water Services Regulation Authority","[c]","[c]","[c]","[c]"
"Leaver Dept.","2022","Other ethnicity","Welsh Government","[c]","[c]","[c]","[c]"
"Leaver Dept.","2022","Undeclared","Attorney General's Departments","[c]","[c]","[c]","[c]"
"Leaver Dept.","2022","Undeclared","Cabinet Office","45","[c]","45380","41730"
"Leaver Dept.","2022","Undeclared","Competition and Markets Authority","[c]","[c]","[c]","[c]"
"Leaver Dept.","2022","Undeclared","Department for Business, Energy and Industrial Strategy","40","[c]","42860","40050"
"Leaver Dept.","2022","Undeclared","Department for Digital, Culture, Media and Sport","5","[c]","[c]","[c]"
"Leaver Dept.","2022","Undeclared","Department for Education","20","[c]","[c]","[c]"
"Leaver Dept.","2022","Undeclared","Department for Environment, Food and Rural Affairs","20","[c]","[c]","[c]"
"Leaver Dept.","2022","Undeclared","Department for Levelling Up, Housing and Communities","5","[c]","[c]","[c]"
"Leaver Dept.","2022","Undeclared","Department for Transport","30","[c]","30780","28790"
"Leaver Dept.","2022","Undeclared","Department for Work and Pensions","110","[c]","32060","27570"
"Leaver Dept.","2022","Undeclared","Department of Health and Social Care","480","[c]","46420","40790"
"Leaver Dept.","2022","Undeclared","Foreign, Commonwealth and Development Office","15","[c]","[c]","[c]"
"Leaver Dept.","2022","Undeclared","HM Revenue and Customs","25","[c]","[c]","[c]"
"Leaver Dept.","2022","Undeclared","HM Treasury","5","[c]","[c]","[c]"
"Leaver Dept.","2022","Undeclared","Home Office","55","[c]","36090","33900"
"Leaver Dept.","2022","Undeclared","Ministry of Defence","75","[c]","38570","38560"
"Leaver Dept.","2022","Undeclared","Ministry of Justice","55","[c]","33400","30850"
"Leaver Dept.","2022","Undeclared","National Crime Agency","5","[c]","[c]","[c]"
"Leaver Dept.","2022","Undeclared","Office for Standards in Education, Children's Services and Skills","[c]","[c]","[c]","[c]"
"Leaver Dept.","2022","Undeclared","Office of Rail and Road","[c]","[c]","[c]","[c]"
"Leaver Dept.","2022","Undeclared","Scottish Government","[c]","[c]","[c]","[c]"
"Leaver Dept.","2022","Undeclared","UK Export Finance","[c]","[c]","[c]","[c]"
"Leaver Dept.","2022","Undeclared","UK Statistics Authority","75","[c]","33530","30210"
"Leaver Dept.","2022","Undeclared","Welsh Government","[c]","[c]","[c]","[c]"
"Leaver Dept.","2022","Unknown","Attorney General's Departments","60","[c]","45840","42940"
"Leaver Dept.","2022","Unknown","Cabinet Office","840","[c]","38170","32000"
"Leaver Dept.","2022","Unknown","Chancellor's other departments","[c]","[c]","[c]","[c]"
"Leaver Dept.","2022","Unknown","Charity Commission","10","[c]","[c]","[c]"
"Leaver Dept.","2022","Unknown","Department for Business, Energy and Industrial Strategy","135","[c]","36350","33570"
"Leaver Dept.","2022","Unknown","Department for Digital, Culture, Media and Sport","25","[c]","[c]","[c]"
"Leaver Dept.","2022","Unknown","Department for Education","70","[c]","43430","40230"
"Leaver Dept.","2022","Unknown","Department for Environment, Food and Rural Affairs","95","[c]","[c]","[c]"
"Leaver Dept.","2022","Unknown","Department for International Trade","75","[c]","[c]","[c]"
"Leaver Dept.","2022","Unknown","Department for Levelling Up, Housing and Communities","55","[c]","40360","33210"
"Leaver Dept.","2022","Unknown","Department for Transport","155","[c]","35780","31040"
"Leaver Dept.","2022","Unknown","Department for Work and Pensions","310","[c]","31690","27570"
"Leaver Dept.","2022","Unknown","Department of Health and Social Care","1190","[c]","48780","41650"
"Leaver Dept.","2022","Unknown","Food Standards Agency","10","[c]","[c]","[c]"
"Leaver Dept.","2022","Unknown","Foreign, Commonwealth and Development Office","120","[c]","41230","39630"
"Leaver Dept.","2022","Unknown","HM Revenue and Customs","465","[c]","[c]","[c]"
"Leaver Dept.","2022","Unknown","Home Office","205","[c]","34330","30100"
"Leaver Dept.","2022","Unknown","Ministry of Defence","105","[c]","37820","36730"
"Leaver Dept.","2022","Unknown","Ministry of Justice","305","[c]","29530","23700"
"Leaver Dept.","2022","Unknown","National Crime Agency","10","[c]","[c]","[c]"
"Leaver Dept.","2022","Unknown","Northern Ireland Office","5","[c]","[c]","[c]"
"Leaver Dept.","2022","Unknown","Office for Standards in Education, Children's Services and Skills","[c]","[c]","[c]","[c]"
"Leaver Dept.","2022","Unknown","Office of Gas and Electricity Markets","10","[c]","[c]","[c]"
"Leaver Dept.","2022","Unknown","Office of the Secretary of State for Scotland","5","[c]","[c]","[c]"
"Leaver Dept.","2022","Unknown","Scottish Government","45","[c]","36300","31300"
"Leaver Dept.","2022","Unknown","The National Archives","[c]","[c]","[c]","[c]"
"Leaver Dept.","2022","Unknown","Welsh Government","10","[c]","[c]","[c]"
"Leaver Dept.","2022","White","Attorney General's Departments","135","[c]","44140","39020"
"Leaver Dept.","2022","White","Cabinet Office","785","[c]","46190","40590"
"Leaver Dept.","2022","White","Chancellor's other departments","[c]","[c]","[c]","[c]"
"Leaver Dept.","2022","White","Charity Commission","20","[c]","[c]","[c]"
"Leaver Dept.","2022","White","Competition and Markets Authority","20","[c]","[c]","[c]"
"Leaver Dept.","2022","White","Department for Business, Energy and Industrial Strategy","460","[c]","43930","40050"
"Leaver Dept.","2022","White","Department for Digital, Culture, Media and Sport","145","[c]","46200","40520"
"Leaver Dept.","2022","White","Department for Education","310","[c]","44090","40230"
"Leaver Dept.","2022","White","Department for Environment, Food and Rural Affairs","345","[c]","29480","25190"
"Leaver Dept.","2022","White","Department for International Trade","100","[c]","[c]","[c]"
"Leaver Dept.","2022","White","Department for Levelling Up, Housing and Communities","240","[c]","41770","36340"
"Leaver Dept.","2022","White","Department for Transport","380","[c]","36320","33350"
"Leaver Dept.","2022","White","Department for Work and Pensions","1935","[c]","29690","27570"
"Leaver Dept.","2022","White","Department of Health and Social Care","4570","[c]","43340","38200"
"Leaver Dept.","2022","White","Estyn","[c]","[c]","[c]","[c]"
"Leaver Dept.","2022","White","Food Standards Agency","50","[c]","40940","38330"
"Leaver Dept.","2022","White","Foreign, Commonwealth and Development Office","230","[c]","44000","39630"
"Leaver Dept.","2022","White","HM Revenue and Customs","715","[c]","34410","29370"
"Leaver Dept.","2022","White","HM Treasury","155","[c]","[c]","[c]"
"Leaver Dept.","2022","White","Home Office","845","[c]","36180","28670"
"Leaver Dept.","2022","White","Ministry of Defence","795","[c]","36340","33300"
"Leaver Dept.","2022","White","Ministry of Justice","1000","[c]","32860","29240"
"Leaver Dept.","2022","White","National Crime Agency","80","[c]","44240","40170"
"Leaver Dept.","2022","White","Northern Ireland Office","10","[c]","[c]","[c]"
"Leaver Dept.","2022","White","Office for Standards in Education, Children's Services and Skills","40","[c]","42260","36820"
"Leaver Dept.","2022","White","Office of Gas and Electricity Markets","75","[c]","37440","31720"
"Leaver Dept.","2022","White","Office of Qualifications and Examinations Regulation","15","[c]","[c]","[c]"
"Leaver Dept.","2022","White","Office of Rail and Road","15","[c]","[c]","[c]"
"Leaver Dept.","2022","White","Office of the Secretary of State for Scotland","5","[c]","[c]","[c]"
"Leaver Dept.","2022","White","Office of the Secretary of State for Wales","10","[c]","[c]","[c]"
"Leaver Dept.","2022","White","Scottish Government","85","[c]","39360","33070"
"Leaver Dept.","2022","White","The National Archives","5","[c]","[c]","[c]"
"Leaver Dept.","2022","White","UK Export Finance","10","[c]","[c]","[c]"
"Leaver Dept.","2022","White","UK Statistics Authority","135","[c]","37470","32540"
"Leaver Dept.","2022","White","Water Services Regulation Authority","[c]","[c]","[c]","[c]"
"Leaver Dept.","2022","White","Welsh Government","45","[c]","40210","37410"
"New entrant CS","2022","Asian","Attorney General's Departments","170","[c]","35730","29280"
"New entrant CS","2022","Asian","Cabinet Office","90","[c]","36720","32950"
"New entrant CS","2022","Asian","Chancellor's other departments","[c]","[c]","[c]","[c]"
"New entrant CS","2022","Asian","Charity Commission","[c]","[c]","[c]","[c]"
"New entrant CS","2022","Asian","Competition and Markets Authority","25","[c]","[c]","[c]"
"New entrant CS","2022","Asian","Department for Business, Energy and Industrial Strategy","115","[c]","34410","33570"
"New entrant CS","2022","Asian","Department for Digital, Culture, Media and Sport","35","[c]","34610","34020"
"New entrant CS","2022","Asian","Department for Education","110","[c]","32350","29360"
"New entrant CS","2022","Asian","Department for Environment, Food and Rural Affairs","145","[c]","33870","32560"
"New entrant CS","2022","Asian","Department for International Trade","45","[c]","35090","31800"
"New entrant CS","2022","Asian","Department for Levelling Up, Housing and Communities","65","[c]","32810","30190"
"New entrant CS","2022","Asian","Department for Transport","160","[c]","30950","26480"
"New entrant CS","2022","Asian","Department for Work and Pensions","1390","[c]","27300","27570"
"New entrant CS","2022","Asian","Department of Health and Social Care","340","[c]","33630","28590"
"New entrant CS","2022","Asian","Estyn","[c]","[c]","[c]","[c]"
"New entrant CS","2022","Asian","Food Standards Agency","10","[c]","[c]","[c]"
"New entrant CS","2022","Asian","Foreign, Commonwealth and Development Office","[c]","[c]","[c]","[c]"
"New entrant CS","2022","Asian","HM Land Registry","35","[c]","30400","27130"
"New entrant CS","2022","Asian","HM Revenue and Customs","1020","[c]","27390","26590"
"New entrant CS","2022","Asian","HM Treasury","55","[c]","34470","32320"
"New entrant CS","2022","Asian","Home Office","90","[c]","28920","26570"
"New entrant CS","2022","Asian","Ministry of Defence","150","[c]","32290","27990"
"New entrant CS","2022","Asian","Ministry of Justice","705","[c]","27430","24090"
"New entrant CS","2022","Asian","National Crime Agency","35","[c]","37770","33730"
"New entrant CS","2022","Asian","Northern Ireland Office","[c]","[c]","[c]","[c]"
"New entrant CS","2022","Asian","Office for Standards in Education, Children's Services and Skills","20","[c]","[c]","[c]"
"New entrant CS","2022","Asian","Office of Gas and Electricity Markets","65","[c]","35810","26380"
"New entrant CS","2022","Asian","Office of Qualifications and Examinations Regulation","5","[c]","[c]","[c]"
"New entrant CS","2022","Asian","Office of Rail and Road","5","[c]","[c]","[c]"
"New entrant CS","2022","Asian","Office of the Secretary of State for Scotland","[c]","[c]","[c]","[c]"
"New entrant CS","2022","Asian","Office of the Secretary of State for Wales","[c]","[c]","[c]","[c]"
"New entrant CS","2022","Asian","Scottish Government","100","[c]","29440","27230"
"New entrant CS","2022","Asian","The National Archives","10","[c]","[c]","[c]"
"New entrant CS","2022","Asian","UK Export Finance","30","[c]","[c]","[c]"
"New entrant CS","2022","Asian","UK Statistics Authority","80","[c]","28900","23880"
"New entrant CS","2022","Asian","UK Supreme Court","[c]","[c]","[c]","[c]"
"New entrant CS","2022","Asian","Water Services Regulation Authority","10","[c]","[c]","[c]"
"New entrant CS","2022","Asian","Welsh Government","5","[c]","[c]","[c]"
"New entrant CS","2022","Black","Attorney General's Departments","80","[c]","30940","26950"
"New entrant CS","2022","Black","Cabinet Office","45","[c]","35850","34550"
"New entrant CS","2022","Black","Chancellor's other departments","[c]","[c]","[c]","[c]"
"New entrant CS","2022","Black","Charity Commission","[c]","[c]","[c]","[c]"
"New entrant CS","2022","Black","Competition and Markets Authority","10","[c]","[c]","[c]"
"New entrant CS","2022","Black","Department for Business, Energy and Industrial Strategy","65","[c]","33790","32830"
"New entrant CS","2022","Black","Department for Digital, Culture, Media and Sport","35","[c]","34960","34020"
"New entrant CS","2022","Black","Department for Education","50","[c]","35660","32910"
"New entrant CS","2022","Black","Department for Environment, Food and Rural Affairs","80","[c]","34400","32560"
"New entrant CS","2022","Black","Department for International Trade","15","[c]","[c]","[c]"
"New entrant CS","2022","Black","Department for Levelling Up, Housing and Communities","45","[c]","34340","33210"
"New entrant CS","2022","Black","Department for Transport","50","[c]","33090","32040"
"New entrant CS","2022","Black","Department for Work and Pensions","670","[c]","28030","27570"
"New entrant CS","2022","Black","Department of Health and Social Care","220","[c]","31660","28690"
"New entrant CS","2022","Black","Estyn","[c]","[c]","[c]","[c]"
"New entrant CS","2022","Black","Food Standards Agency","[c]","[c]","[c]","[c]"
"New entrant CS","2022","Black","Foreign, Commonwealth and Development Office","[c]","[c]","[c]","[c]"
"New entrant CS","2022","Black","HM Land Registry","10","[c]","[c]","[c]"
"New entrant CS","2022","Black","HM Revenue and Customs","310","[c]","28690","26590"
"New entrant CS","2022","Black","HM Treasury","10","[c]","[c]","[c]"
"New entrant CS","2022","Black","Home Office","30","[c]","[c]","[c]"
"New entrant CS","2022","Black","Ministry of Defence","70","[c]","30770","28790"
"New entrant CS","2022","Black","Ministry of Justice","760","[c]","29180","27980"
"New entrant CS","2022","Black","National Crime Agency","10","[c]","[c]","[c]"
"New entrant CS","2022","Black","Northern Ireland Office","[c]","[c]","[c]","[c]"
"New entrant CS","2022","Black","Office for Standards in Education, Children's Services and Skills","10","[c]","[c]","[c]"
"New entrant CS","2022","Black","Office of Gas and Electricity Markets","45","[c]","34700","32320"
"New entrant CS","2022","Black","Office of Qualifications and Examinations Regulation","5","[c]","[c]","[c]"
"New entrant CS","2022","Black","Office of Rail and Road","5","[c]","[c]","[c]"
"New entrant CS","2022","Black","Office of the Secretary of State for Scotland","[c]","[c]","[c]","[c]"
"New entrant CS","2022","Black","Office of the Secretary of State for Wales","[c]","[c]","[c]","[c]"
"New entrant CS","2022","Black","Scottish Government","35","[c]","29830","27230"
"New entrant CS","2022","Black","The National Archives","[c]","[c]","[c]","[c]"
"New entrant CS","2022","Black","UK Export Finance","20","[c]","[c]","[c]"
"New entrant CS","2022","Black","UK Statistics Authority","25","[c]","[c]","[c]"
"New entrant CS","2022","Black","UK Supreme Court","[c]","[c]","[c]","[c]"
"New entrant CS","2022","Black","Water Services Regulation Authority","[c]","[c]","[c]","[c]"
"New entrant CS","2022","Black","Welsh Government","[c]","[c]","[c]","[c]"
"New entrant CS","2022","Mixed","Attorney General's Departments","40","[c]","32730","26950"
"New entrant CS","2022","Mixed","Cabinet Office","55","[c]","36240","34550"
"New entrant CS","2022","Mixed","Chancellor's other departments","[c]","[c]","[c]","[c]"
"New entrant CS","2022","Mixed","Charity Commission","[c]","[c]","[c]","[c]"
"New entrant CS","2022","Mixed","Competition and Markets Authority","5","[c]","[c]","[c]"
"New entrant CS","2022","Mixed","Department for Business, Energy and Industrial Strategy","45","[c]","34520","33570"
"New entrant CS","2022","Mixed","Department for Digital, Culture, Media and Sport","20","[c]","[c]","[c]"
"New entrant CS","2022","Mixed","Department for Education","35","[c]","30220","28500"
"New entrant CS","2022","Mixed","Department for Environment, Food and Rural Affairs","75","[c]","31640","29180"
"New entrant CS","2022","Mixed","Department for International Trade","20","[c]","[c]","[c]"
"New entrant CS","2022","Mixed","Department for Levelling Up, Housing and Communities","30","[c]","[c]","[c]"
"New entrant CS","2022","Mixed","Department for Transport","55","[c]","32600","26130"
"New entrant CS","2022","Mixed","Department for Work and Pensions","295","[c]","26210","27570"
"New entrant CS","2022","Mixed","Department of Health and Social Care","95","[c]","35860","32330"
"New entrant CS","2022","Mixed","Estyn","[c]","[c]","[c]","[c]"
"New entrant CS","2022","Mixed","Food Standards Agency","10","[c]","[c]","[c]"
"New entrant CS","2022","Mixed","Foreign, Commonwealth and Development Office","[c]","[c]","[c]","[c]"
"New entrant CS","2022","Mixed","HM Land Registry","10","[c]","[c]","[c]"
"New entrant CS","2022","Mixed","HM Revenue and Customs","165","[c]","28890","26590"
"New entrant CS","2022","Mixed","HM Treasury","15","[c]","[c]","[c]"
"New entrant CS","2022","Mixed","Home Office","20","[c]","[c]","[c]"
"New entrant CS","2022","Mixed","Ministry of Defence","70","[c]","28010","26350"
"New entrant CS","2022","Mixed","Ministry of Justice","450","[c]","27620","24800"
"New entrant CS","2022","Mixed","National Crime Agency","15","[c]","[c]","[c]"
"New entrant CS","2022","Mixed","Northern Ireland Office","[c]","[c]","[c]","[c]"
"New entrant CS","2022","Mixed","Office for Standards in Education, Children's Services and Skills","[c]","[c]","[c]","[c]"
"New entrant CS","2022","Mixed","Office of Gas and Electricity Markets","25","[c]","[c]","[c]"
"New entrant CS","2022","Mixed","Office of Qualifications and Examinations Regulation","[c]","[c]","[c]","[c]"
"New entrant CS","2022","Mixed","Office of Rail and Road","[c]","[c]","[c]","[c]"
"New entrant CS","2022","Mixed","Office of the Secretary of State for Scotland","[c]","[c]","[c]","[c]"
"New entrant CS","2022","Mixed","Office of the Secretary of State for Wales","[c]","[c]","[c]","[c]"
"New entrant CS","2022","Mixed","Scottish Government","35","[c]","29950","27230"
"New entrant CS","2022","Mixed","The National Archives","5","[c]","[c]","[c]"
"New entrant CS","2022","Mixed","UK Export Finance","5","[c]","[c]","[c]"
"New entrant CS","2022","Mixed","UK Statistics Authority","25","[c]","[c]","[c]"
"New entrant CS","2022","Mixed","UK Supreme Court","[c]","[c]","[c]","[c]"
"New entrant CS","2022","Mixed","Water Services Regulation Authority","[c]","[c]","[c]","[c]"
"New entrant CS","2022","Mixed","Welsh Government","[c]","[c]","[c]","[c]"
"New entrant CS","2022","Other ethnicity","Attorney General's Departments","10","[c]","[c]","[c]"
"New entrant CS","2022","Other ethnicity","Cabinet Office","5","[c]","[c]","[c]"
"New entrant CS","2022","Other ethnicity","Chancellor's other departments","[c]","[c]","[c]","[c]"
"New entrant CS","2022","Other ethnicity","Charity Commission","[c]","[c]","[c]","[c]"
"New entrant CS","2022","Other ethnicity","Competition and Markets Authority","[c]","[c]","[c]","[c]"
"New entrant CS","2022","Other ethnicity","Department for Business, Energy and Industrial Strategy","10","[c]","[c]","[c]"
"New entrant CS","2022","Other ethnicity","Department for Digital, Culture, Media and Sport","10","[c]","[c]","[c]"
"New entrant CS","2022","Other ethnicity","Department for Education","10","[c]","[c]","[c]"
"New entrant CS","2022","Other ethnicity","Department for Environment, Food and Rural Affairs","20","[c]","[c]","[c]"
"New entrant CS","2022","Other ethnicity","Department for International Trade","[c]","[c]","[c]","[c]"
"New entrant CS","2022","Other ethnicity","Department for Levelling Up, Housing and Communities","5","[c]","[c]","[c]"
"New entrant CS","2022","Other ethnicity","Department for Transport","15","[c]","[c]","[c]"
"New entrant CS","2022","Other ethnicity","Department for Work and Pensions","80","[c]","26840","27570"
"New entrant CS","2022","Other ethnicity","Department of Health and Social Care","30","[c]","29740","27270"
"New entrant CS","2022","Other ethnicity","Estyn","[c]","[c]","[c]","[c]"
"New entrant CS","2022","Other ethnicity","Food Standards Agency","[c]","[c]","[c]","[c]"
"New entrant CS","2022","Other ethnicity","Foreign, Commonwealth and Development Office","[c]","[c]","[c]","[c]"
"New entrant CS","2022","Other ethnicity","HM Land Registry","[c]","[c]","[c]","[c]"
"New entrant CS","2022","Other ethnicity","HM Revenue and Customs","40","[c]","29150","26590"
"New entrant CS","2022","Other ethnicity","HM Treasury","10","[c]","[c]","[c]"
"New entrant CS","2022","Other ethnicity","Home Office","10","[c]","[c]","[c]"
"New entrant CS","2022","Other ethnicity","Ministry of Defence","10","[c]","[c]","[c]"
"New entrant CS","2022","Other ethnicity","Ministry of Justice","105","[c]","28370","27980"
"New entrant CS","2022","Other ethnicity","National Crime Agency","[c]","[c]","[c]","[c]"
"New entrant CS","2022","Other ethnicity","Northern Ireland Office","[c]","[c]","[c]","[c]"
"New entrant CS","2022","Other ethnicity","Office for Standards in Education, Children's Services and Skills","[c]","[c]","[c]","[c]"
"New entrant CS","2022","Other ethnicity","Office of Gas and Electricity Markets","5","[c]","[c]","[c]"
"New entrant CS","2022","Other ethnicity","Office of Qualifications and Examinations Regulation","5","[c]","[c]","[c]"
"New entrant CS","2022","Other ethnicity","Office of Rail and Road","[c]","[c]","[c]","[c]"
"New entrant CS","2022","Other ethnicity","Office of the Secretary of State for Scotland","[c]","[c]","[c]","[c]"
"New entrant CS","2022","Other ethnicity","Office of the Secretary of State for Wales","[c]","[c]","[c]","[c]"
"New entrant CS","2022","Other ethnicity","Scottish Government","15","[c]","[c]","[c]"
"New entrant CS","2022","Other ethnicity","The National Archives","5","[c]","[c]","[c]"
"New entrant CS","2022","Other ethnicity","UK Export Finance","[c]","[c]","[c]","[c]"
"New entrant CS","2022","Other ethnicity","UK Statistics Authority","[c]","[c]","[c]","[c]"
"New entrant CS","2022","Other ethnicity","UK Supreme Court","[c]","[c]","[c]","[c]"
"New entrant CS","2022","Other ethnicity","Water Services Regulation Authority","[c]","[c]","[c]","[c]"
"New entrant CS","2022","Other ethnicity","Welsh Government","[c]","[c]","[c]","[c]"
"New entrant CS","2022","Undeclared","Attorney General's Departments","10","[c]","[c]","[c]"
"New entrant CS","2022","Undeclared","Cabinet Office","25","[c]","[c]","[c]"
"New entrant CS","2022","Undeclared","Chancellor's other departments","[c]","[c]","[c]","[c]"
"New entrant CS","2022","Undeclared","Competition and Markets Authority","5","[c]","[c]","[c]"
"New entrant CS","2022","Undeclared","Department for Business, Energy and Industrial Strategy","25","[c]","[c]","[c]"
"New entrant CS","2022","Undeclared","Department for Digital, Culture, Media and Sport","5","[c]","[c]","[c]"
"New entrant CS","2022","Undeclared","Department for Education","15","[c]","[c]","[c]"
"New entrant CS","2022","Undeclared","Department for Environment, Food and Rural Affairs","75","[c]","35250","34030"
"New entrant CS","2022","Undeclared","Department for International Trade","5","[c]","[c]","[c]"
"New entrant CS","2022","Undeclared","Department for Levelling Up, Housing and Communities","10","[c]","[c]","[c]"
"New entrant CS","2022","Undeclared","Department for Transport","55","[c]","32930","29970"
"New entrant CS","2022","Undeclared","Department for Work and Pensions","220","[c]","27990","27570"
"New entrant CS","2022","Undeclared","Department of Health and Social Care","85","[c]","37110","32790"
"New entrant CS","2022","Undeclared","Food Standards Agency","5","[c]","[c]","[c]"
"New entrant CS","2022","Undeclared","HM Land Registry","[c]","[c]","[c]","[c]"
"New entrant CS","2022","Undeclared","HM Revenue and Customs","45","[c]","27770","26590"
"New entrant CS","2022","Undeclared","HM Treasury","15","[c]","[c]","[c]"
"New entrant CS","2022","Undeclared","Home Office","5","[c]","[c]","[c]"
"New entrant CS","2022","Undeclared","Ministry of Defence","50","[c]","33770","31000"
"New entrant CS","2022","Undeclared","Ministry of Justice","235","[c]","30440","28140"
"New entrant CS","2022","Undeclared","National Crime Agency","10","[c]","[c]","[c]"
"New entrant CS","2022","Undeclared","Office for Standards in Education, Children's Services and Skills","[c]","[c]","[c]","[c]"
"New entrant CS","2022","Undeclared","Office of Qualifications and Examinations Regulation","[c]","[c]","[c]","[c]"
"New entrant CS","2022","Undeclared","Office of Rail and Road","[c]","[c]","[c]","[c]"
"New entrant CS","2022","Undeclared","Office of the Secretary of State for Scotland","[c]","[c]","[c]","[c]"
"New entrant CS","2022","Undeclared","Scottish Government","40","[c]","30830","27580"
"New entrant CS","2022","Undeclared","UK Export Finance","[c]","[c]","[c]","[c]"
"New entrant CS","2022","Undeclared","UK Statistics Authority","25","[c]","[c]","[c]"
"New entrant CS","2022","Undeclared","Water Services Regulation Authority","[c]","[c]","[c]","[c]"
"New entrant CS","2022","Undeclared","Welsh Government","5","[c]","[c]","[c]"
"New entrant CS","2022","Unknown","Attorney General's Departments","40","[c]","36400","30720"
"New entrant CS","2022","Unknown","Cabinet Office","1020","[c]","39300","28000"
"New entrant CS","2022","Unknown","Chancellor's other departments","20","[c]","[c]","[c]"
"New entrant CS","2022","Unknown","Charity Commission","60","[c]","28420","26000"
"New entrant CS","2022","Unknown","Competition and Markets Authority","[c]","[c]","[c]","[c]"
"New entrant CS","2022","Unknown","Department for Business, Energy and Industrial Strategy","305","[c]","30280","26200"
"New entrant CS","2022","Unknown","Department for Digital, Culture, Media and Sport","15","[c]","[c]","[c]"
"New entrant CS","2022","Unknown","Department for Education","220","[c]","35090","32940"
"New entrant CS","2022","Unknown","Department for Environment, Food and Rural Affairs","810","[c]","28960","24370"
"New entrant CS","2022","Unknown","Department for International Trade","150","[c]","36090","31800"
"New entrant CS","2022","Unknown","Department for Levelling Up, Housing and Communities","150","[c]","34250","32780"
"New entrant CS","2022","Unknown","Department for Transport","840","[c]","29610","26130"
"New entrant CS","2022","Unknown","Department for Work and Pensions","1545","[c]","26560","27570"
"New entrant CS","2022","Unknown","Department of Health and Social Care","1010","[c]","42250","36330"
"New entrant CS","2022","Unknown","Food Standards Agency","10","[c]","[c]","[c]"
"New entrant CS","2022","Unknown","Foreign, Commonwealth and Development Office","[c]","[c]","[c]","[c]"
"New entrant CS","2022","Unknown","HM Land Registry","180","[c]","27450","25850"
"New entrant CS","2022","Unknown","HM Revenue and Customs","2880","[c]","26100","21750"
"New entrant CS","2022","Unknown","HM Treasury","10","[c]","[c]","[c]"
"New entrant CS","2022","Unknown","Home Office","1870","[c]","29650","25630"
"New entrant CS","2022","Unknown","Ministry of Defence","1600","[c]","29090","25540"
"New entrant CS","2022","Unknown","Ministry of Justice","6700","[c]","26490","24620"
"New entrant CS","2022","Unknown","National Crime Agency","50","[c]","37260","32260"
"New entrant CS","2022","Unknown","Northern Ireland Office","15","[c]","[c]","[c]"
"New entrant CS","2022","Unknown","Office for Standards in Education, Children's Services and Skills","10","[c]","[c]","[c]"
"New entrant CS","2022","Unknown","Office of Gas and Electricity Markets","30","[c]","[c]","[c]"
"New entrant CS","2022","Unknown","Office of Rail and Road","[c]","[c]","[c]","[c]"
"New entrant CS","2022","Unknown","Office of the Secretary of State for Scotland","15","[c]","[c]","[c]"
"New entrant CS","2022","Unknown","Office of the Secretary of State for Wales","[c]","[c]","[c]","[c]"
"New entrant CS","2022","Unknown","Scottish Government","1900","[c]","29210","27230"
"New entrant CS","2022","Unknown","The National Archives","5","[c]","[c]","[c]"
"New entrant CS","2022","Unknown","UK Export Finance","[c]","[c]","[c]","[c]"
"New entrant CS","2022","Unknown","UK Statistics Authority","95","[c]","25860","19860"
"New entrant CS","2022","Unknown","UK Supreme Court","[c]","[c]","[c]","[c]"
"New entrant CS","2022","Unknown","Welsh Government","40","[c]","30580","31210"
"New entrant CS","2022","White","Attorney General's Departments","695","[c]","34400","26970"
"New entrant CS","2022","White","Cabinet Office","730","[c]","38290","32000"
"New entrant CS","2022","White","Chancellor's other departments","30","[c]","42650","43350"
"New entrant CS","2022","White","Charity Commission","30","[c]","[c]","[c]"
"New entrant CS","2022","White","Competition and Markets Authority","85","[c]","48770","37210"
"New entrant CS","2022","White","Department for Business, Energy and Industrial Strategy","900","[c]","33200","30930"
"New entrant CS","2022","White","Department for Digital, Culture, Media and Sport","280","[c]","35740","34020"
"New entrant CS","2022","White","Department for Education","660","[c]","35030","32870"
"New entrant CS","2022","White","Department for Environment, Food and Rural Affairs","1745","[c]","33260","29920"
"New entrant CS","2022","White","Department for International Trade","200","[c]","37980","31800"
"New entrant CS","2022","White","Department for Levelling Up, Housing and Communities","395","[c]","36320","33210"
"New entrant CS","2022","White","Department for Transport","1075","[c]","31050","26130"
"New entrant CS","2022","White","Department for Work and Pensions","6365","[c]","26030","27570"
"New entrant CS","2022","White","Department of Health and Social Care","1550","[c]","36940","32330"
"New entrant CS","2022","White","Estyn","10","[c]","[c]","[c]"
"New entrant CS","2022","White","Food Standards Agency","160","[c]","33270","30350"
"New entrant CS","2022","White","Foreign, Commonwealth and Development Office","10","[c]","[c]","[c]"
"New entrant CS","2022","White","HM Land Registry","275","[c]","26370","22600"
"New entrant CS","2022","White","HM Revenue and Customs","4055","[c]","27310","26590"
"New entrant CS","2022","White","HM Treasury","245","[c]","35490","28500"
"New entrant CS","2022","White","Home Office","540","[c]","29980","24880"
"New entrant CS","2022","White","Ministry of Defence","3040","[c]","30770","26740"
"New entrant CS","2022","White","Ministry of Justice","9225","[c]","26920","24090"
"New entrant CS","2022","White","National Crime Agency","395","[c]","37060","36200"
"New entrant CS","2022","White","Northern Ireland Office","25","[c]","[c]","[c]"
"New entrant CS","2022","White","Office for Standards in Education, Children's Services and Skills","200","[c]","50880","46360"
"New entrant CS","2022","White","Office of Gas and Electricity Markets","290","[c]","36590","29520"
"New entrant CS","2022","White","Office of Qualifications and Examinations Regulation","45","[c]","37910","38000"
"New entrant CS","2022","White","Office of Rail and Road","30","[c]","[c]","[c]"
"New entrant CS","2022","White","Office of the Secretary of State for Scotland","[c]","[c]","[c]","[c]"
"New entrant CS","2022","White","Office of the Secretary of State for Wales","5","[c]","[c]","[c]"
"New entrant CS","2022","White","Scottish Government","2385","[c]","30180","27230"
"New entrant CS","2022","White","The National Archives","70","[c]","32830","28040"
"New entrant CS","2022","White","UK Export Finance","65","[c]","44860","42500"
"New entrant CS","2022","White","UK Statistics Authority","765","[c]","29760","30210"
"New entrant CS","2022","White","UK Supreme Court","10","[c]","[c]","[c]"
"New entrant CS","2022","White","Water Services Regulation Authority","40","[c]","48130","39000"
"New entrant CS","2022","White","Welsh Government","305","[c]","35220","31210"
"Notes","Summary figures are suppressed when information relates to less than 5 civil servants for FTE or Headcount, and less than 10 civil servants for median and mean salary (shown as [c]). Zero responses and salaries for less than 30 civil servants have been suppressed for GPDR special category data. FTE figures are not shown for entrants or leavers due to data quality concerns for these groups. Figures are rounded to the nearest 5, or 10 as appropriate.","","","","","",""
"Data source","All figures are aggregated from the Cabinet Office Annual Civil Service Employment Survey collection. https://www.gov.uk/government/collections/civil-service-statistics","","","","","",""
"Version","Generated on 2023-02-14, with GIT 71a76ea.","","","","","",""
"Data column","Description","","","","","",""
"Status","Employment status of the civil servants.","","","","","",""
"","In post - includes staff that were in post on the reference date (31 March).","","","","","",""
"","New entrant CS - includes new entrants to the Civil Service over the year (1 April to 31 March).","","","","","",""
"","Leaver CS - includes leavers from the Civil Service over the year (1 April to 31 March). This includes employees who have an Unknown leaving cause.","","","","","",""
"","Leaver Dept. - includes leavers from the department over the year (1 April to 31 March), who did not leave the Civil Service.","","","","","",""
"","Five organisations do not report when their employees first entered the Civil Service and so entrants data for these organisations is not available . These are as follows: Foreign Commonwealth and Development Office (excl. agencies), Foreign Commonwealth and Development Office Services, Defence Electronics and Components Agency, Scottish Forestry and Forest and Land Scotland. A further three organisations also could not provide entrants data in 2021. These are as follows: Department for International Development, Foreign and Commonwealth Office (excl. agencies) and Royal Fleet Auxiliary.","","","","","",""
"","Organisation specific notes on status: In late June 2021 around 7,000 employees from Community Rehabilitation Companies were transferred in from the private sector to HM Prison and Probation Service, counting as entrants. HM Land Registry do not record where their departing employees transfer to and so are unable to identify those that transfer to another Civil Service department.","","","","","",""
"Year","Year of data collection (as at 31 March).","","","","","",""
"Parent_department","Government Department, total figures for both Ministerial and Non-Ministerial Departments include all of their Executive Agencies.","","","","","",""
"","On 30 September 2021, the Ministry for Housing, Communities and Local Government changed its name to the Department for Levelling Up, Housing and Communities.","","","","","",""
"Ethnicity","Self reported ethnicity. ""Undeclared"" accounts for employees who have actively declared that they do not want to disclose their ethnicity and ""Unknown"" accounts for employees who have not made an active declaration about their ethnicity.","","","","","",""
"Headcount","Total number of civil servants (rounded to nearest 5).","","","","","",""
"FTE","Total full-time equivalent (FTE) employment numbers (rounded to nearest 5).","","","","","",""
"","FTE figures are not shown for entrants or leavers due to data quality concerns for these groups.","","","","","",""
"Mean_salary","Average salary (mean, rounded to nearest 10). For part-time employees, salaries represent the full-time equivalent earnings, while for full-time employees they are the actual annual gross salaries.","","","","","",""
"","These figures should be interpreted with caution when the total number of employees in a group is small, as they will tend to show more variability than larger groups (i.e. may be much higher or lower than can be explained by the data shown).","","","","","",""
"Median_salary","Median salary (rounded to nearest 10). For part-time employees, salaries represent the full-time equivalent earnings, while for full-time employees they are the actual annual gross salaries.","","","","","",""
"","These figures should be interpreted with caution when the total number of employees in a group is small, as they will tend to show more variability than larger groups (i.e. may be much higher or lower than can be explained by the data shown).","","","","","",""
