"Status","Year","Age","Disability","Region_london","Headcount","FTE","Mean_salary","Median_salary"
"In post","2022","16-19","Declared disabled","London","[c]","[c]","[c]","[c]"
"In post","2022","16-19","Declared disabled","Outside London","45","40","21070","21050"
"In post","2022","16-19","Declared disabled","Unknown","[c]","[c]","[c]","[c]"
"In post","2022","16-19","Declared non-disabled","London","80","75","25030","25060"
"In post","2022","16-19","Declared non-disabled","Outside London","590","575","21570","21260"
"In post","2022","16-19","Declared non-disabled","Unknown","[c]","[c]","[c]","[c]"
"In post","2022","16-19","Undeclared","London","[c]","[c]","[c]","[c]"
"In post","2022","16-19","Undeclared","Outside London","10","10","[c]","[c]"
"In post","2022","16-19","Unknown","London","60","60","26280","25630"
"In post","2022","16-19","Unknown","Outside London","455","435","21280","21250"
"In post","2022","16-19","Unknown","Unknown","35","35","17940","16450"
"In post","2022","20-29","Declared disabled","London","1680","1665","35960","33570"
"In post","2022","20-29","Declared disabled","Outside London","4060","3975","26880","26100"
"In post","2022","20-29","Declared disabled","Overseas","20","20","[c]","[c]"
"In post","2022","20-29","Declared disabled","Unknown","20","20","[c]","[c]"
"In post","2022","20-29","Declared non-disabled","London","13325","13235","37160","34260"
"In post","2022","20-29","Declared non-disabled","Outside London","36680","36095","27080","26370"
"In post","2022","20-29","Declared non-disabled","Overseas","220","220","34230","32750"
"In post","2022","20-29","Declared non-disabled","Unknown","160","160","30080","28000"
"In post","2022","20-29","Undeclared","London","805","795","37450","34550"
"In post","2022","20-29","Undeclared","Outside London","1620","1595","27370","26820"
"In post","2022","20-29","Undeclared","Overseas","5","5","[c]","[c]"
"In post","2022","20-29","Undeclared","Unknown","5","5","[c]","[c]"
"In post","2022","20-29","Unknown","London","8145","8105","35850","32940"
"In post","2022","20-29","Unknown","Outside London","17130","16825","26660","25000"
"In post","2022","20-29","Unknown","Overseas","80","80","39250","38090"
"In post","2022","20-29","Unknown","Unknown","615","615","29130","28980"
"In post","2022","30-39","Declared disabled","London","1895","1835","44710","40960"
"In post","2022","30-39","Declared disabled","Outside London","6910","6525","30410","27570"
"In post","2022","30-39","Declared disabled","Overseas","75","75","48810","51500"
"In post","2022","30-39","Declared disabled","Unknown","25","25","[c]","[c]"
"In post","2022","30-39","Declared non-disabled","London","16425","15930","46270","42780"
"In post","2022","30-39","Declared non-disabled","Outside London","56195","53050","31810","28030"
"In post","2022","30-39","Declared non-disabled","Overseas","625","620","45710","47040"
"In post","2022","30-39","Declared non-disabled","Unknown","150","145","34370","31060"
"In post","2022","30-39","Undeclared","London","1175","1140","45580","41950"
"In post","2022","30-39","Undeclared","Outside London","3945","3745","31320","27570"
"In post","2022","30-39","Undeclared","Overseas","40","40","43920","42200"
"In post","2022","30-39","Undeclared","Unknown","5","5","[c]","[c]"
"In post","2022","30-39","Unknown","London","5710","5590","46670","43320"
"In post","2022","30-39","Unknown","Outside London","17570","16795","31810","28010"
"In post","2022","30-39","Unknown","Overseas","290","290","49110","51500"
"In post","2022","30-39","Unknown","Unknown","485","485","37670","34260"
"In post","2022","40-49","Declared disabled","London","2145","2035","44550","38920"
"In post","2022","40-49","Declared disabled","Outside London","10225","9445","31420","27570"
"In post","2022","40-49","Declared disabled","Overseas","65","65","48050","53470"
"In post","2022","40-49","Declared disabled","Unknown","35","30","33470","27570"
"In post","2022","40-49","Declared non-disabled","London","15565","14765","49150","43850"
"In post","2022","40-49","Declared non-disabled","Outside London","62790","58620","34380","29750"
"In post","2022","40-49","Declared non-disabled","Overseas","715","715","52890","54470"
"In post","2022","40-49","Declared non-disabled","Unknown","195","190","35440","31060"
"In post","2022","40-49","Undeclared","London","1200","1155","45790","41500"
"In post","2022","40-49","Undeclared","Outside London","5190","4905","33100","30980"
"In post","2022","40-49","Undeclared","Overseas","40","40","47010","42030"
"In post","2022","40-49","Undeclared","Unknown","20","15","[c]","[c]"
"In post","2022","40-49","Unknown","London","3865","3715","51650","49700"
"In post","2022","40-49","Unknown","Outside London","13700","12950","35410","31260"
"In post","2022","40-49","Unknown","Overseas","330","325","53720","52430"
"In post","2022","40-49","Unknown","Unknown","410","405","41690","35380"
"In post","2022","50-59","Declared disabled","London","3005","2880","41680","35590"
"In post","2022","50-59","Declared disabled","Outside London","16285","14985","30950","27570"
"In post","2022","50-59","Declared disabled","Overseas","60","60","49320","40580"
"In post","2022","50-59","Declared disabled","Unknown","55","50","32940","28330"
"In post","2022","50-59","Declared non-disabled","London","16195","15625","45180","38230"
"In post","2022","50-59","Declared non-disabled","Outside London","78590","73525","33700","28200"
"In post","2022","50-59","Declared non-disabled","Overseas","640","635","51810","50420"
"In post","2022","50-59","Declared non-disabled","Unknown","240","230","33480","30330"
"In post","2022","50-59","Undeclared","London","1605","1560","42670","36850"
"In post","2022","50-59","Undeclared","Outside London","8115","7650","32430","31180"
"In post","2022","50-59","Undeclared","Overseas","55","55","49800","48570"
"In post","2022","50-59","Undeclared","Unknown","15","15","[c]","[c]"
"In post","2022","50-59","Unknown","London","3340","3240","50000","42870"
"In post","2022","50-59","Unknown","Outside London","14075","13155","34820","30450"
"In post","2022","50-59","Unknown","Overseas","215","215","56290","55920"
"In post","2022","50-59","Unknown","Unknown","555","550","42820","38310"
"In post","2022","60-64","Declared disabled","London","865","770","36890","31880"
"In post","2022","60-64","Declared disabled","Outside London","5240","4190","28830","27570"
"In post","2022","60-64","Declared disabled","Overseas","10","10","[c]","[c]"
"In post","2022","60-64","Declared disabled","Unknown","15","15","[c]","[c]"
"In post","2022","60-64","Declared non-disabled","London","4165","3725","41150","33700"
"In post","2022","60-64","Declared non-disabled","Outside London","22555","18445","30710","27570"
"In post","2022","60-64","Declared non-disabled","Overseas","130","130","56990","53580"
"In post","2022","60-64","Declared non-disabled","Unknown","80","65","33040","29200"
"In post","2022","60-64","Undeclared","London","395","350","40000","34260"
"In post","2022","60-64","Undeclared","Outside London","2370","1925","30090","27570"
"In post","2022","60-64","Undeclared","Overseas","15","15","[c]","[c]"
"In post","2022","60-64","Undeclared","Unknown","5","5","[c]","[c]"
"In post","2022","60-64","Unknown","London","755","685","46010","40650"
"In post","2022","60-64","Unknown","Outside London","3820","3150","31620","26900"
"In post","2022","60-64","Unknown","Overseas","20","20","[c]","[c]"
"In post","2022","60-64","Unknown","Unknown","130","125","40090","37300"
"In post","2022","65+","Declared disabled","London","335","275","35660","31060"
"In post","2022","65+","Declared disabled","Outside London","1535","1140","27750","26310"
"In post","2022","65+","Declared disabled","Overseas","[c]","[c]","[c]","[c]"
"In post","2022","65+","Declared disabled","Unknown","[c]","[c]","[c]","[c]"
"In post","2022","65+","Declared non-disabled","London","1615","1345","36780","30780"
"In post","2022","65+","Declared non-disabled","Outside London","6705","5075","29840","26780"
"In post","2022","65+","Declared non-disabled","Overseas","20","20","[c]","[c]"
"In post","2022","65+","Declared non-disabled","Unknown","25","20","[c]","[c]"
"In post","2022","65+","Undeclared","London","170","135","35780","31060"
"In post","2022","65+","Undeclared","Outside London","675","515","28850","26670"
"In post","2022","65+","Undeclared","Overseas","[c]","[c]","[c]","[c]"
"In post","2022","65+","Undeclared","Unknown","[c]","[c]","[c]","[c]"
"In post","2022","65+","Unknown","London","305","250","46480","35980"
"In post","2022","65+","Unknown","Outside London","1160","880","30850","26350"
"In post","2022","65+","Unknown","Overseas","5","5","[c]","[c]"
"In post","2022","65+","Unknown","Unknown","25","25","[c]","[c]"
"In post","2022","Unknown","Declared disabled","London","[c]","[c]","[c]","[c]"
"In post","2022","Unknown","Declared disabled","Outside London","[c]","[c]","[c]","[c]"
"In post","2022","Unknown","Declared non-disabled","London","[c]","[c]","[c]","[c]"
"In post","2022","Unknown","Declared non-disabled","Outside London","15","10","[c]","[c]"
"In post","2022","Unknown","Unknown","Outside London","[c]","[c]","[c]","[c]"
"Leaver CS","2022","16-19","Declared disabled","London","[c]","[c]","[c]","[c]"
"Leaver CS","2022","16-19","Declared disabled","Outside London","5","[c]","[c]","[c]"
"Leaver CS","2022","16-19","Declared disabled","Unknown","[c]","[c]","[c]","[c]"
"Leaver CS","2022","16-19","Declared non-disabled","London","10","[c]","[c]","[c]"
"Leaver CS","2022","16-19","Declared non-disabled","Outside London","75","[c]","21240","21260"
"Leaver CS","2022","16-19","Declared non-disabled","Unknown","10","[c]","[c]","[c]"
"Leaver CS","2022","16-19","Undeclared","Outside London","[c]","[c]","[c]","[c]"
"Leaver CS","2022","16-19","Unknown","London","10","[c]","[c]","[c]"
"Leaver CS","2022","16-19","Unknown","Outside London","70","[c]","20240","20870"
"Leaver CS","2022","16-19","Unknown","Unknown","10","[c]","[c]","[c]"
"Leaver CS","2022","20-29","Declared disabled","London","220","[c]","31120","30200"
"Leaver CS","2022","20-29","Declared disabled","Outside London","525","[c]","24050","21260"
"Leaver CS","2022","20-29","Declared disabled","Overseas","[c]","[c]","[c]","[c]"
"Leaver CS","2022","20-29","Declared disabled","Unknown","[c]","[c]","[c]","[c]"
"Leaver CS","2022","20-29","Declared non-disabled","London","1515","[c]","31880","31060"
"Leaver CS","2022","20-29","Declared non-disabled","Outside London","4175","[c]","24690","22600"
"Leaver CS","2022","20-29","Declared non-disabled","Overseas","[c]","[c]","[c]","[c]"
"Leaver CS","2022","20-29","Declared non-disabled","Unknown","90","[c]","23450","21840"
"Leaver CS","2022","20-29","Undeclared","London","100","[c]","33190","31060"
"Leaver CS","2022","20-29","Undeclared","Outside London","220","[c]","25700","23050"
"Leaver CS","2022","20-29","Undeclared","Unknown","5","[c]","[c]","[c]"
"Leaver CS","2022","20-29","Unknown","London","1245","[c]","29800","28500"
"Leaver CS","2022","20-29","Unknown","Outside London","2380","[c]","24360","21680"
"Leaver CS","2022","20-29","Unknown","Overseas","[c]","[c]","[c]","[c]"
"Leaver CS","2022","20-29","Unknown","Unknown","200","[c]","26260","21840"
"Leaver CS","2022","30-39","Declared disabled","London","150","[c]","39900","35060"
"Leaver CS","2022","30-39","Declared disabled","Outside London","450","[c]","27040","25880"
"Leaver CS","2022","30-39","Declared disabled","Overseas","[c]","[c]","[c]","[c]"
"Leaver CS","2022","30-39","Declared disabled","Unknown","10","[c]","[c]","[c]"
"Leaver CS","2022","30-39","Declared non-disabled","London","1275","[c]","42470","39100"
"Leaver CS","2022","30-39","Declared non-disabled","Outside London","3340","[c]","30310","27570"
"Leaver CS","2022","30-39","Declared non-disabled","Overseas","15","[c]","[c]","[c]"
"Leaver CS","2022","30-39","Declared non-disabled","Unknown","105","[c]","29460","25190"
"Leaver CS","2022","30-39","Undeclared","London","85","[c]","45370","44250"
"Leaver CS","2022","30-39","Undeclared","Outside London","250","[c]","29290","26760"
"Leaver CS","2022","30-39","Undeclared","Unknown","5","[c]","[c]","[c]"
"Leaver CS","2022","30-39","Unknown","London","670","[c]","43260","40170"
"Leaver CS","2022","30-39","Unknown","Outside London","1540","[c]","31220","27570"
"Leaver CS","2022","30-39","Unknown","Overseas","10","[c]","[c]","[c]"
"Leaver CS","2022","30-39","Unknown","Unknown","170","[c]","32900","30480"
"Leaver CS","2022","40-49","Declared disabled","London","115","[c]","39600","31650"
"Leaver CS","2022","40-49","Declared disabled","Outside London","395","[c]","29700","27570"
"Leaver CS","2022","40-49","Declared disabled","Overseas","[c]","[c]","[c]","[c]"
"Leaver CS","2022","40-49","Declared disabled","Unknown","5","[c]","[c]","[c]"
"Leaver CS","2022","40-49","Declared non-disabled","London","815","[c]","50200","45780"
"Leaver CS","2022","40-49","Declared non-disabled","Outside London","2640","[c]","33300","27570"
"Leaver CS","2022","40-49","Declared non-disabled","Overseas","10","[c]","[c]","[c]"
"Leaver CS","2022","40-49","Declared non-disabled","Unknown","70","[c]","30740","26130"
"Leaver CS","2022","40-49","Undeclared","London","60","[c]","48250","47490"
"Leaver CS","2022","40-49","Undeclared","Outside London","205","[c]","31180","27570"
"Leaver CS","2022","40-49","Undeclared","Overseas","[c]","[c]","[c]","[c]"
"Leaver CS","2022","40-49","Undeclared","Unknown","5","[c]","[c]","[c]"
"Leaver CS","2022","40-49","Unknown","London","415","[c]","51090","50590"
"Leaver CS","2022","40-49","Unknown","Outside London","1060","[c]","34770","27570"
"Leaver CS","2022","40-49","Unknown","Overseas","25","[c]","[c]","[c]"
"Leaver CS","2022","40-49","Unknown","Unknown","100","[c]","37760","32700"
"Leaver CS","2022","50-59","Declared disabled","London","130","[c]","44290","35200"
"Leaver CS","2022","50-59","Declared disabled","Outside London","840","[c]","30930","27570"
"Leaver CS","2022","50-59","Declared disabled","Overseas","[c]","[c]","[c]","[c]"
"Leaver CS","2022","50-59","Declared disabled","Unknown","10","[c]","[c]","[c]"
"Leaver CS","2022","50-59","Declared non-disabled","London","830","[c]","48150","40540"
"Leaver CS","2022","50-59","Declared non-disabled","Outside London","4085","[c]","33440","27570"
"Leaver CS","2022","50-59","Declared non-disabled","Overseas","15","[c]","[c]","[c]"
"Leaver CS","2022","50-59","Declared non-disabled","Unknown","50","[c]","32380","27570"
"Leaver CS","2022","50-59","Undeclared","London","75","[c]","41370","35470"
"Leaver CS","2022","50-59","Undeclared","Outside London","425","[c]","32710","27570"
"Leaver CS","2022","50-59","Undeclared","Overseas","[c]","[c]","[c]","[c]"
"Leaver CS","2022","50-59","Undeclared","Unknown","10","[c]","[c]","[c]"
"Leaver CS","2022","50-59","Unknown","London","345","[c]","54250","48860"
"Leaver CS","2022","50-59","Unknown","Outside London","1265","[c]","35790","27570"
"Leaver CS","2022","50-59","Unknown","Overseas","10","[c]","[c]","[c]"
"Leaver CS","2022","50-59","Unknown","Unknown","110","[c]","46610","37000"
"Leaver CS","2022","60-64","Declared disabled","London","110","[c]","37920","31060"
"Leaver CS","2022","60-64","Declared disabled","Outside London","710","[c]","32200","27570"
"Leaver CS","2022","60-64","Declared disabled","Overseas","[c]","[c]","[c]","[c]"
"Leaver CS","2022","60-64","Declared disabled","Unknown","20","[c]","[c]","[c]"
"Leaver CS","2022","60-64","Declared non-disabled","London","620","[c]","48730","40060"
"Leaver CS","2022","60-64","Declared non-disabled","Outside London","3305","[c]","33720","27570"
"Leaver CS","2022","60-64","Declared non-disabled","Overseas","25","[c]","[c]","[c]"
"Leaver CS","2022","60-64","Declared non-disabled","Unknown","55","[c]","29680","21840"
"Leaver CS","2022","60-64","Undeclared","London","55","[c]","44750","38780"
"Leaver CS","2022","60-64","Undeclared","Outside London","365","[c]","31770","27570"
"Leaver CS","2022","60-64","Undeclared","Overseas","[c]","[c]","[c]","[c]"
"Leaver CS","2022","60-64","Undeclared","Unknown","10","[c]","[c]","[c]"
"Leaver CS","2022","60-64","Unknown","London","135","[c]","53010","44960"
"Leaver CS","2022","60-64","Unknown","Outside London","775","[c]","35970","31530"
"Leaver CS","2022","60-64","Unknown","Overseas","5","[c]","[c]","[c]"
"Leaver CS","2022","60-64","Unknown","Unknown","60","[c]","45270","39040"
"Leaver CS","2022","65+","Declared disabled","London","75","[c]","36760","30050"
"Leaver CS","2022","65+","Declared disabled","Outside London","680","[c]","26860","25330"
"Leaver CS","2022","65+","Declared disabled","Overseas","[c]","[c]","[c]","[c]"
"Leaver CS","2022","65+","Declared disabled","Unknown","10","[c]","[c]","[c]"
"Leaver CS","2022","65+","Declared non-disabled","London","435","[c]","36710","30780"
"Leaver CS","2022","65+","Declared non-disabled","Outside London","2620","[c]","29320","26680"
"Leaver CS","2022","65+","Declared non-disabled","Overseas","5","[c]","[c]","[c]"
"Leaver CS","2022","65+","Declared non-disabled","Unknown","45","[c]","25380","21840"
"Leaver CS","2022","65+","Undeclared","London","30","[c]","[c]","[c]"
"Leaver CS","2022","65+","Undeclared","Outside London","305","[c]","27840","23960"
"Leaver CS","2022","65+","Undeclared","Unknown","5","[c]","[c]","[c]"
"Leaver CS","2022","65+","Unknown","London","105","[c]","50420","39140"
"Leaver CS","2022","65+","Unknown","Outside London","490","[c]","31500","26210"
"Leaver CS","2022","65+","Unknown","Overseas","[c]","[c]","[c]","[c]"
"Leaver CS","2022","65+","Unknown","Unknown","30","[c]","[c]","[c]"
"Leaver CS","2022","Unknown","Declared disabled","Outside London","[c]","[c]","[c]","[c]"
"Leaver CS","2022","Unknown","Declared disabled","Overseas","[c]","[c]","[c]","[c]"
"Leaver CS","2022","Unknown","Declared disabled","Unknown","[c]","[c]","[c]","[c]"
"Leaver CS","2022","Unknown","Declared non-disabled","Outside London","[c]","[c]","[c]","[c]"
"Leaver CS","2022","Unknown","Declared non-disabled","Overseas","[c]","[c]","[c]","[c]"
"Leaver CS","2022","Unknown","Declared non-disabled","Unknown","[c]","[c]","[c]","[c]"
"Leaver CS","2022","Unknown","Unknown","Outside London","5","[c]","[c]","[c]"
"Leaver CS","2022","Unknown","Unknown","Overseas","[c]","[c]","[c]","[c]"
"Leaver CS","2022","Unknown","Unknown","Unknown","30","[c]","[c]","[c]"
"Leaver Dept.","2022","16-19","Declared disabled","London","[c]","[c]","[c]","[c]"
"Leaver Dept.","2022","16-19","Declared disabled","Outside London","[c]","[c]","[c]","[c]"
"Leaver Dept.","2022","16-19","Declared non-disabled","London","5","[c]","[c]","[c]"
"Leaver Dept.","2022","16-19","Declared non-disabled","Outside London","10","[c]","[c]","[c]"
"Leaver Dept.","2022","16-19","Unknown","London","[c]","[c]","[c]","[c]"
"Leaver Dept.","2022","16-19","Unknown","Outside London","5","[c]","[c]","[c]"
"Leaver Dept.","2022","20-29","Declared disabled","London","240","[c]","33090","31060"
"Leaver Dept.","2022","20-29","Declared disabled","Outside London","250","[c]","27100","27570"
"Leaver Dept.","2022","20-29","Declared disabled","Overseas","[c]","[c]","[c]","[c]"
"Leaver Dept.","2022","20-29","Declared disabled","Unknown","15","[c]","[c]","[c]"
"Leaver Dept.","2022","20-29","Declared non-disabled","London","2060","[c]","34620","32650"
"Leaver Dept.","2022","20-29","Declared non-disabled","Outside London","2120","[c]","26360","25120"
"Leaver Dept.","2022","20-29","Declared non-disabled","Overseas","[c]","[c]","[c]","[c]"
"Leaver Dept.","2022","20-29","Declared non-disabled","Unknown","90","[c]","32040","31370"
"Leaver Dept.","2022","20-29","Undeclared","London","130","[c]","34430","33240"
"Leaver Dept.","2022","20-29","Undeclared","Outside London","115","[c]","28000","27570"
"Leaver Dept.","2022","20-29","Undeclared","Unknown","[c]","[c]","[c]","[c]"
"Leaver Dept.","2022","20-29","Unknown","London","1215","[c]","34310","32000"
"Leaver Dept.","2022","20-29","Unknown","Outside London","720","[c]","26810","26090"
"Leaver Dept.","2022","20-29","Unknown","Overseas","10","[c]","[c]","[c]"
"Leaver Dept.","2022","20-29","Unknown","Unknown","195","[c]","32160","32000"
"Leaver Dept.","2022","30-39","Declared disabled","London","215","[c]","43680","40480"
"Leaver Dept.","2022","30-39","Declared disabled","Outside London","300","[c]","30750","27570"
"Leaver Dept.","2022","30-39","Declared disabled","Overseas","[c]","[c]","[c]","[c]"
"Leaver Dept.","2022","30-39","Declared disabled","Unknown","15","[c]","[c]","[c]"
"Leaver Dept.","2022","30-39","Declared non-disabled","London","1910","[c]","44900","41250"
"Leaver Dept.","2022","30-39","Declared non-disabled","Outside London","2350","[c]","32370","27570"
"Leaver Dept.","2022","30-39","Declared non-disabled","Overseas","10","[c]","[c]","[c]"
"Leaver Dept.","2022","30-39","Declared non-disabled","Unknown","105","[c]","39540","33250"
"Leaver Dept.","2022","30-39","Undeclared","London","120","[c]","43420","40600"
"Leaver Dept.","2022","30-39","Undeclared","Outside London","155","[c]","32070","29600"
"Leaver Dept.","2022","30-39","Undeclared","Unknown","[c]","[c]","[c]","[c]"
"Leaver Dept.","2022","30-39","Unknown","London","800","[c]","44380","40290"
"Leaver Dept.","2022","30-39","Unknown","Outside London","710","[c]","33280","30870"
"Leaver Dept.","2022","30-39","Unknown","Overseas","15","[c]","[c]","[c]"
"Leaver Dept.","2022","30-39","Unknown","Unknown","90","[c]","41290","33250"
"Leaver Dept.","2022","40-49","Declared disabled","London","130","[c]","47740","41850"
"Leaver Dept.","2022","40-49","Declared disabled","Outside London","280","[c]","34550","30070"
"Leaver Dept.","2022","40-49","Declared disabled","Overseas","[c]","[c]","[c]","[c]"
"Leaver Dept.","2022","40-49","Declared disabled","Unknown","10","[c]","[c]","[c]"
"Leaver Dept.","2022","40-49","Declared non-disabled","London","1185","[c]","52140","52610"
"Leaver Dept.","2022","40-49","Declared non-disabled","Outside London","1980","[c]","37320","31990"
"Leaver Dept.","2022","40-49","Declared non-disabled","Overseas","5","[c]","[c]","[c]"
"Leaver Dept.","2022","40-49","Declared non-disabled","Unknown","55","[c]","39930","32180"
"Leaver Dept.","2022","40-49","Undeclared","London","55","[c]","48900","41340"
"Leaver Dept.","2022","40-49","Undeclared","Outside London","125","[c]","34200","31660"
"Leaver Dept.","2022","40-49","Undeclared","Overseas","[c]","[c]","[c]","[c]"
"Leaver Dept.","2022","40-49","Undeclared","Unknown","[c]","[c]","[c]","[c]"
"Leaver Dept.","2022","40-49","Unknown","London","585","[c]","52650","52610"
"Leaver Dept.","2022","40-49","Unknown","Outside London","695","[c]","42250","38960"
"Leaver Dept.","2022","40-49","Unknown","Overseas","[c]","[c]","[c]","[c]"
"Leaver Dept.","2022","40-49","Unknown","Unknown","70","[c]","[c]","[c]"
"Leaver Dept.","2022","50-59","Declared disabled","London","115","[c]","50240","41590"
"Leaver Dept.","2022","50-59","Declared disabled","Outside London","220","[c]","33300","27570"
"Leaver Dept.","2022","50-59","Declared disabled","Overseas","[c]","[c]","[c]","[c]"
"Leaver Dept.","2022","50-59","Declared disabled","Unknown","5","[c]","[c]","[c]"
"Leaver Dept.","2022","50-59","Declared non-disabled","London","690","[c]","51740","45790"
"Leaver Dept.","2022","50-59","Declared non-disabled","Outside London","1365","[c]","39070","32310"
"Leaver Dept.","2022","50-59","Declared non-disabled","Overseas","5","[c]","[c]","[c]"
"Leaver Dept.","2022","50-59","Declared non-disabled","Unknown","25","[c]","[c]","[c]"
"Leaver Dept.","2022","50-59","Undeclared","London","35","[c]","[c]","[c]"
"Leaver Dept.","2022","50-59","Undeclared","Outside London","95","[c]","35510","31990"
"Leaver Dept.","2022","50-59","Undeclared","Unknown","5","[c]","[c]","[c]"
"Leaver Dept.","2022","50-59","Unknown","London","445","[c]","55470","50420"
"Leaver Dept.","2022","50-59","Unknown","Outside London","560","[c]","50030","42480"
"Leaver Dept.","2022","50-59","Unknown","Overseas","[c]","[c]","[c]","[c]"
"Leaver Dept.","2022","50-59","Unknown","Unknown","40","[c]","[c]","[c]"
"Leaver Dept.","2022","60-64","Declared disabled","London","15","[c]","[c]","[c]"
"Leaver Dept.","2022","60-64","Declared disabled","Outside London","35","[c]","[c]","[c]"
"Leaver Dept.","2022","60-64","Declared disabled","Overseas","[c]","[c]","[c]","[c]"
"Leaver Dept.","2022","60-64","Declared disabled","Unknown","[c]","[c]","[c]","[c]"
"Leaver Dept.","2022","60-64","Declared non-disabled","London","105","[c]","56960","50810"
"Leaver Dept.","2022","60-64","Declared non-disabled","Outside London","210","[c]","43520","36330"
"Leaver Dept.","2022","60-64","Declared non-disabled","Overseas","[c]","[c]","[c]","[c]"
"Leaver Dept.","2022","60-64","Declared non-disabled","Unknown","[c]","[c]","[c]","[c]"
"Leaver Dept.","2022","60-64","Undeclared","London","[c]","[c]","[c]","[c]"
"Leaver Dept.","2022","60-64","Undeclared","Outside London","15","[c]","[c]","[c]"
"Leaver Dept.","2022","60-64","Unknown","London","105","[c]","55680","41350"
"Leaver Dept.","2022","60-64","Unknown","Outside London","145","[c]","55640","44160"
"Leaver Dept.","2022","60-64","Unknown","Overseas","[c]","[c]","[c]","[c]"
"Leaver Dept.","2022","60-64","Unknown","Unknown","5","[c]","[c]","[c]"
"Leaver Dept.","2022","65+","Declared disabled","London","5","[c]","[c]","[c]"
"Leaver Dept.","2022","65+","Declared disabled","Outside London","5","[c]","[c]","[c]"
"Leaver Dept.","2022","65+","Declared disabled","Overseas","[c]","[c]","[c]","[c]"
"Leaver Dept.","2022","65+","Declared disabled","Unknown","[c]","[c]","[c]","[c]"
"Leaver Dept.","2022","65+","Declared non-disabled","London","40","[c]","56960","54230"
"Leaver Dept.","2022","65+","Declared non-disabled","Outside London","75","[c]","42230","31230"
"Leaver Dept.","2022","65+","Declared non-disabled","Overseas","[c]","[c]","[c]","[c]"
"Leaver Dept.","2022","65+","Declared non-disabled","Unknown","[c]","[c]","[c]","[c]"
"Leaver Dept.","2022","65+","Undeclared","London","[c]","[c]","[c]","[c]"
"Leaver Dept.","2022","65+","Unknown","London","50","[c]","56700","39130"
"Leaver Dept.","2022","65+","Unknown","Outside London","40","[c]","43310","34530"
"Leaver Dept.","2022","65+","Unknown","Unknown","[c]","[c]","[c]","[c]"
"Leaver Dept.","2022","Unknown","Declared disabled","London","[c]","[c]","[c]","[c]"
"Leaver Dept.","2022","Unknown","Declared disabled","Outside London","[c]","[c]","[c]","[c]"
"Leaver Dept.","2022","Unknown","Declared non-disabled","London","[c]","[c]","[c]","[c]"
"Leaver Dept.","2022","Unknown","Declared non-disabled","Outside London","[c]","[c]","[c]","[c]"
"Leaver Dept.","2022","Unknown","Undeclared","Outside London","[c]","[c]","[c]","[c]"
"Leaver Dept.","2022","Unknown","Unknown","London","[c]","[c]","[c]","[c]"
"Leaver Dept.","2022","Unknown","Unknown","Outside London","[c]","[c]","[c]","[c]"
"New entrant CS","2022","16-19","Declared disabled","London","[c]","[c]","[c]","[c]"
"New entrant CS","2022","16-19","Declared disabled","Outside London","35","[c]","21170","21250"
"New entrant CS","2022","16-19","Declared disabled","Unknown","[c]","[c]","[c]","[c]"
"New entrant CS","2022","16-19","Declared non-disabled","London","65","[c]","24660","24300"
"New entrant CS","2022","16-19","Declared non-disabled","Outside London","450","[c]","21690","21260"
"New entrant CS","2022","16-19","Declared non-disabled","Unknown","[c]","[c]","[c]","[c]"
"New entrant CS","2022","16-19","Undeclared","London","[c]","[c]","[c]","[c]"
"New entrant CS","2022","16-19","Undeclared","Outside London","5","[c]","[c]","[c]"
"New entrant CS","2022","16-19","Unknown","London","55","[c]","26250","25630"
"New entrant CS","2022","16-19","Unknown","Outside London","375","[c]","21060","21250"
"New entrant CS","2022","16-19","Unknown","Unknown","20","[c]","[c]","[c]"
"New entrant CS","2022","20-29","Declared disabled","London","480","[c]","31090","30750"
"New entrant CS","2022","20-29","Declared disabled","Outside London","1355","[c]","24730","23170"
"New entrant CS","2022","20-29","Declared disabled","Overseas","[c]","[c]","[c]","[c]"
"New entrant CS","2022","20-29","Declared disabled","Unknown","5","[c]","[c]","[c]"
"New entrant CS","2022","20-29","Declared non-disabled","London","3315","[c]","32020","31060"
"New entrant CS","2022","20-29","Declared non-disabled","Outside London","11480","[c]","25080","23170"
"New entrant CS","2022","20-29","Declared non-disabled","Overseas","5","[c]","[c]","[c]"
"New entrant CS","2022","20-29","Declared non-disabled","Unknown","85","[c]","28550","28000"
"New entrant CS","2022","20-29","Undeclared","London","220","[c]","32520","31060"
"New entrant CS","2022","20-29","Undeclared","Outside London","460","[c]","25460","24430"
"New entrant CS","2022","20-29","Undeclared","Unknown","5","[c]","[c]","[c]"
"New entrant CS","2022","20-29","Unknown","London","2985","[c]","31350","28650"
"New entrant CS","2022","20-29","Unknown","Outside London","7325","[c]","24860","23170"
"New entrant CS","2022","20-29","Unknown","Overseas","5","[c]","[c]","[c]"
"New entrant CS","2022","20-29","Unknown","Unknown","255","[c]","24130","27000"
"New entrant CS","2022","30-39","Declared disabled","London","195","[c]","37420","32790"
"New entrant CS","2022","30-39","Declared disabled","Outside London","920","[c]","27870","26310"
"New entrant CS","2022","30-39","Declared disabled","Overseas","[c]","[c]","[c]","[c]"
"New entrant CS","2022","30-39","Declared disabled","Unknown","5","[c]","[c]","[c]"
"New entrant CS","2022","30-39","Declared non-disabled","London","1635","[c]","39940","36580"
"New entrant CS","2022","30-39","Declared non-disabled","Outside London","7565","[c]","29050","26590"
"New entrant CS","2022","30-39","Declared non-disabled","Overseas","[c]","[c]","[c]","[c]"
"New entrant CS","2022","30-39","Declared non-disabled","Unknown","60","[c]","33950","31060"
"New entrant CS","2022","30-39","Undeclared","London","105","[c]","38810","36650"
"New entrant CS","2022","30-39","Undeclared","Outside London","365","[c]","28520","27280"
"New entrant CS","2022","30-39","Undeclared","Unknown","[c]","[c]","[c]","[c]"
"New entrant CS","2022","30-39","Unknown","London","1185","[c]","40170","35050"
"New entrant CS","2022","30-39","Unknown","Outside London","4895","[c]","29000","26130"
"New entrant CS","2022","30-39","Unknown","Overseas","15","[c]","[c]","[c]"
"New entrant CS","2022","30-39","Unknown","Unknown","125","[c]","27110","24920"
"New entrant CS","2022","40-49","Declared disabled","London","145","[c]","39920","36580"
"New entrant CS","2022","40-49","Declared disabled","Outside London","805","[c]","30400","27570"
"New entrant CS","2022","40-49","Declared disabled","Overseas","[c]","[c]","[c]","[c]"
"New entrant CS","2022","40-49","Declared disabled","Unknown","10","[c]","[c]","[c]"
"New entrant CS","2022","40-49","Declared non-disabled","London","930","[c]","43560","38550"
"New entrant CS","2022","40-49","Declared non-disabled","Outside London","5275","[c]","31280","27570"
"New entrant CS","2022","40-49","Declared non-disabled","Overseas","[c]","[c]","[c]","[c]"
"New entrant CS","2022","40-49","Declared non-disabled","Unknown","55","[c]","34290","28200"
"New entrant CS","2022","40-49","Undeclared","London","60","[c]","40090","39600"
"New entrant CS","2022","40-49","Undeclared","Outside London","260","[c]","31700","27570"
"New entrant CS","2022","40-49","Undeclared","Unknown","[c]","[c]","[c]","[c]"
"New entrant CS","2022","40-49","Unknown","London","710","[c]","43650","37610"
"New entrant CS","2022","40-49","Unknown","Outside London","3095","[c]","31900","27020"
"New entrant CS","2022","40-49","Unknown","Overseas","15","[c]","[c]","[c]"
"New entrant CS","2022","40-49","Unknown","Unknown","75","[c]","40410","30340"
"New entrant CS","2022","50-59","Declared disabled","London","130","[c]","39180","33700"
"New entrant CS","2022","50-59","Declared disabled","Outside London","800","[c]","29480","27230"
"New entrant CS","2022","50-59","Declared disabled","Overseas","[c]","[c]","[c]","[c]"
"New entrant CS","2022","50-59","Declared disabled","Unknown","10","[c]","[c]","[c]"
"New entrant CS","2022","50-59","Declared non-disabled","London","630","[c]","42310","36570"
"New entrant CS","2022","50-59","Declared non-disabled","Outside London","4085","[c]","30590","27240"
"New entrant CS","2022","50-59","Declared non-disabled","Overseas","[c]","[c]","[c]","[c]"
"New entrant CS","2022","50-59","Declared non-disabled","Unknown","35","[c]","33530","31060"
"New entrant CS","2022","50-59","Undeclared","London","40","[c]","37280","33700"
"New entrant CS","2022","50-59","Undeclared","Outside London","250","[c]","28630","26590"
"New entrant CS","2022","50-59","Undeclared","Unknown","5","[c]","[c]","[c]"
"New entrant CS","2022","50-59","Unknown","London","500","[c]","43960","36200"
"New entrant CS","2022","50-59","Unknown","Outside London","2720","[c]","30740","27020"
"New entrant CS","2022","50-59","Unknown","Overseas","10","[c]","[c]","[c]"
"New entrant CS","2022","50-59","Unknown","Unknown","70","[c]","41350","32160"
"New entrant CS","2022","60-64","Declared disabled","London","30","[c]","[c]","[c]"
"New entrant CS","2022","60-64","Declared disabled","Outside London","220","[c]","29140","27570"
"New entrant CS","2022","60-64","Declared disabled","Overseas","[c]","[c]","[c]","[c]"
"New entrant CS","2022","60-64","Declared disabled","Unknown","[c]","[c]","[c]","[c]"
"New entrant CS","2022","60-64","Declared non-disabled","London","120","[c]","43730","35240"
"New entrant CS","2022","60-64","Declared non-disabled","Outside London","840","[c]","28440","24920"
"New entrant CS","2022","60-64","Declared non-disabled","Overseas","[c]","[c]","[c]","[c]"
"New entrant CS","2022","60-64","Declared non-disabled","Unknown","10","[c]","[c]","[c]"
"New entrant CS","2022","60-64","Undeclared","London","15","[c]","[c]","[c]"
"New entrant CS","2022","60-64","Undeclared","Outside London","60","[c]","28390","28200"
"New entrant CS","2022","60-64","Unknown","London","120","[c]","40590","34630"
"New entrant CS","2022","60-64","Unknown","Outside London","595","[c]","29300","27420"
"New entrant CS","2022","60-64","Unknown","Unknown","15","[c]","[c]","[c]"
"New entrant CS","2022","65+","Declared disabled","London","15","[c]","[c]","[c]"
"New entrant CS","2022","65+","Declared disabled","Outside London","65","[c]","30910","28200"
"New entrant CS","2022","65+","Declared disabled","Unknown","[c]","[c]","[c]","[c]"
"New entrant CS","2022","65+","Declared non-disabled","London","30","[c]","36590","36580"
"New entrant CS","2022","65+","Declared non-disabled","Outside London","225","[c]","30680","26580"
"New entrant CS","2022","65+","Declared non-disabled","Unknown","[c]","[c]","[c]","[c]"
"New entrant CS","2022","65+","Undeclared","London","5","[c]","[c]","[c]"
"New entrant CS","2022","65+","Undeclared","Outside London","10","[c]","[c]","[c]"
"New entrant CS","2022","65+","Unknown","London","30","[c]","[c]","[c]"
"New entrant CS","2022","65+","Unknown","Outside London","180","[c]","28550","26350"
"New entrant CS","2022","65+","Unknown","Unknown","10","[c]","[c]","[c]"
"New entrant CS","2022","Unknown","Declared disabled","London","[c]","[c]","[c]","[c]"
"New entrant CS","2022","Unknown","Declared disabled","Outside London","[c]","[c]","[c]","[c]"
"New entrant CS","2022","Unknown","Declared non-disabled","London","[c]","[c]","[c]","[c]"
"New entrant CS","2022","Unknown","Declared non-disabled","Outside London","[c]","[c]","[c]","[c]"
"New entrant CS","2022","Unknown","Unknown","London","[c]","[c]","[c]","[c]"
"New entrant CS","2022","Unknown","Unknown","Outside London","[c]","[c]","[c]","[c]"
"Notes","Summary figures are suppressed when information relates to less than 5 civil servants for FTE or Headcount, and less than 10 civil servants for median and mean salary (shown as [c]). Zero responses and salaries for less than 30 civil servants have been suppressed for GPDR special category data. FTE figures are not shown for entrants or leavers due to data quality concerns for these groups. Figures are rounded to the nearest 5, or £10 as appropriate.","","","","","","",""
"Data source","All figures are aggregated from the Cabinet Office Annual Civil Service Employment Survey collection. https://www.gov.uk/government/collections/civil-service-statistics","","","","","","",""
"Version","Generated on 2023-02-14, with GIT 71a76ea.","","","","","","",""
"Data column","Description","","","","","","",""
"Status","Employment status of the civil servants.","","","","","","",""
"","In post - includes staff that were in post on the reference date (31 March).","","","","","","",""
"","New entrant CS - includes new entrants to the Civil Service over the year (1 April to 31 March).","","","","","","",""
"","Leaver CS - includes leavers from the Civil Service over the year (1 April to 31 March). This includes employees who have an Unknown leaving cause.","","","","","","",""
"","Leaver Dept. - includes leavers from the department over the year (1 April to 31 March), who did not leave the Civil Service.","","","","","","",""
"","Five organisations do not report when their employees first entered the Civil Service and so entrants data for these organisations is not available . These are as follows: Foreign Commonwealth and Development Office (excl. agencies), Foreign Commonwealth and Development Office Services, Defence Electronics and Components Agency, Scottish Forestry and Forest and Land Scotland. A further three organisations also could not provide entrants data in 2021. These are as follows: Department for International Development, Foreign and Commonwealth Office (excl. agencies) and Royal Fleet Auxiliary.","","","","","","",""
"","Organisation specific notes on status: In late June 2021 around 7,000 employees from Community Rehabilitation Companies were transferred in from the private sector to HM Prison and Probation Service, counting as entrants. HM Land Registry do not record where their departing employees transfer to and so are unable to identify those that transfer to another Civil Service department.","","","","","","",""
"Year","Year of data collection (as at 31 March).","","","","","","",""
"Region_london","Workplace postcode data are used to derive geographical information using the International Territorial Level (ITL) classification standard.","","","","","","",""
"","Region_london groups the ITL classifications into ""London"", ""Outside London"": all UK regions excluding London, ""Overseas"", and ""Unknown"".","","","","","","",""
"Disability","Self reported disability.","","","","","","",""
"","""Undeclared"" accounts for employees who have actively declared that they do not want to disclose their disability status and ""Unknown"" accounts for employees who have not made an active declaration about their disability status.","","","","","","",""
"Age","Age in 10 year bands. Age is calculated as at the reference date in each year (31st March), so entrants or leavers may have been up to one year younger at the date of exit or entry.","","","","","","",""
"Headcount","Total number of civil servants (rounded to nearest 5).","","","","","","",""
"FTE","Total full-time equivalent (FTE) employment numbers (rounded to nearest 5).","","","","","","",""
"","FTE figures are not shown for entrants or leavers due to data quality concerns for these groups.","","","","","","",""
"Mean_salary","Average salary (mean, rounded to nearest £10). For part-time employees, salaries represent the full-time equivalent earnings, while for full-time employees they are the actual annual gross salaries.","","","","","","",""
"","These figures should be interpreted with caution when the total number of employees in a group is small, as they will tend to show more variability than larger groups (i.e. may be much higher or lower than can be explained by the data shown).","","","","","","",""
"Median_salary","Median salary (rounded to nearest £10). For part-time employees, salaries represent the full-time equivalent earnings, while for full-time employees they are the actual annual gross salaries.","","","","","","",""
"","These figures should be interpreted with caution when the total number of employees in a group is small, as they will tend to show more variability than larger groups (i.e. may be much higher or lower than can be explained by the data shown).","","","","","","",""
