"Status","Year","Parent_department","Sexual_orientation","Headcount","FTE","Mean_salary","Median_salary"
"In post","2022","Attorney General's Departments","Heterosexual / straight","7245","6810","44190","48080"
"In post","2022","Attorney General's Departments","LGBO","475","460","44240","43920"
"In post","2022","Attorney General's Departments","Undeclared","430","405","46370","50500"
"In post","2022","Attorney General's Departments","Unknown","2060","1860","47990","52100"
"In post","2022","Cabinet Office","Heterosexual / straight","5520","5380","47120","40600"
"In post","2022","Cabinet Office","LGBO","570","565","44150","40600"
"In post","2022","Cabinet Office","Undeclared","570","560","47770","42040"
"In post","2022","Cabinet Office","Unknown","4385","4340","46610","34550"
"In post","2022","Chancellor's other departments","Heterosexual / straight","305","295","59810","51150"
"In post","2022","Chancellor's other departments","LGBO","15","15","[c]","[c]"
"In post","2022","Chancellor's other departments","Undeclared","80","75","61080","53500"
"In post","2022","Chancellor's other departments","Unknown","25","20","[c]","[c]"
"In post","2022","Charity Commission","Heterosexual / straight","245","230","34960","29160"
"In post","2022","Charity Commission","LGBO","20","20","[c]","[c]"
"In post","2022","Charity Commission","Undeclared","15","10","[c]","[c]"
"In post","2022","Charity Commission","Unknown","190","180","32890","29160"
"In post","2022","Competition and Markets Authority","Heterosexual / straight","700","675","60890","56630"
"In post","2022","Competition and Markets Authority","LGBO","60","60","59140","56110"
"In post","2022","Competition and Markets Authority","Undeclared","70","65","63140","60850"
"In post","2022","Competition and Markets Authority","Unknown","30","30","70220","62980"
"In post","2022","Department for Business, Energy and Industrial Strategy","Heterosexual / straight","9775","9375","42500","40040"
"In post","2022","Department for Business, Energy and Industrial Strategy","LGBO","860","845","41740","40050"
"In post","2022","Department for Business, Energy and Industrial Strategy","Undeclared","1320","1260","43450","40050"
"In post","2022","Department for Business, Energy and Industrial Strategy","Unknown","2120","2020","35850","31880"
"In post","2022","Department for Digital, Culture, Media and Sport","Heterosexual / straight","1490","1465","47390","51730"
"In post","2022","Department for Digital, Culture, Media and Sport","LGBO","215","215","45920","51400"
"In post","2022","Department for Digital, Culture, Media and Sport","Undeclared","145","145","44510","38020"
"In post","2022","Department for Digital, Culture, Media and Sport","Unknown","160","155","46680","49300"
"In post","2022","Department for Education","Heterosexual / straight","6315","6085","43580","40230"
"In post","2022","Department for Education","LGBO","520","510","42940","37100"
"In post","2022","Department for Education","Undeclared","610","590","44030","40300"
"In post","2022","Department for Education","Unknown","1250","1205","43510","40230"
"In post","2022","Department for Environment, Food and Rural Affairs","Heterosexual / straight","8275","7885","36880","33090"
"In post","2022","Department for Environment, Food and Rural Affairs","LGBO","695","675","36210","32560"
"In post","2022","Department for Environment, Food and Rural Affairs","Undeclared","980","930","36520","33720"
"In post","2022","Department for Environment, Food and Rural Affairs","Unknown","2840","2670","32240","28270"
"In post","2022","Department for International Trade","Heterosexual / straight","1740","1715","47330","44030"
"In post","2022","Department for International Trade","LGBO","200","200","45830","40600"
"In post","2022","Department for International Trade","Undeclared","150","145","46560","44030"
"In post","2022","Department for International Trade","Unknown","790","790","45180","39440"
"In post","2022","Department for Levelling Up, Housing and Communities","Heterosexual / straight","2970","2860","45750","42130"
"In post","2022","Department for Levelling Up, Housing and Communities","LGBO","330","330","43760","39600"
"In post","2022","Department for Levelling Up, Housing and Communities","Undeclared","285","275","45190","42060"
"In post","2022","Department for Levelling Up, Housing and Communities","Unknown","570","540","42740","38330"
"In post","2022","Department for Transport","Heterosexual / straight","10435","9780","34350","29460"
"In post","2022","Department for Transport","LGBO","660","640","35560","30730"
"In post","2022","Department for Transport","Undeclared","2720","2380","30360","26780"
"In post","2022","Department for Transport","Unknown","2580","2445","31080","26700"
"In post","2022","Department for Work and Pensions","Heterosexual / straight","64140","58070","28760","27570"
"In post","2022","Department for Work and Pensions","LGBO","4025","3850","28470","27570"
"In post","2022","Department for Work and Pensions","Undeclared","7815","6975","28370","27570"
"In post","2022","Department for Work and Pensions","Unknown","18175","15760","27660","27570"
"In post","2022","Department of Health and Social Care","Heterosexual / straight","6825","6425","43910","40060"
"In post","2022","Department of Health and Social Care","LGBO","605","585","42660","38020"
"In post","2022","Department of Health and Social Care","Undeclared","2270","2160","45910","40650"
"In post","2022","Department of Health and Social Care","Unknown","2110","2020","49330","42480"
"In post","2022","Estyn","Heterosexual / straight","95","90","59530","75480"
"In post","2022","Estyn","LGBO","5","5","[c]","[c]"
"In post","2022","Estyn","Undeclared","[c]","[c]","[c]","[c]"
"In post","2022","Estyn","Unknown","10","10","[c]","[c]"
"In post","2022","Food Standards Agency","Heterosexual / straight","1025","1000","38430","37350"
"In post","2022","Food Standards Agency","LGBO","70","70","40540","37350"
"In post","2022","Food Standards Agency","Undeclared","125","125","38870","37350"
"In post","2022","Food Standards Agency","Unknown","235","225","32490","27990"
"In post","2022","Foreign, Commonwealth and Development Office","Heterosexual / straight","5760","5620","47820","43300"
"In post","2022","Foreign, Commonwealth and Development Office","LGBO","405","405","47880","44770"
"In post","2022","Foreign, Commonwealth and Development Office","Undeclared","635","620","48970","44640"
"In post","2022","Foreign, Commonwealth and Development Office","Unknown","1445","1415","47730","48500"
"In post","2022","HM Land Registry","Heterosexual / straight","3965","3605","32240","27130"
"In post","2022","HM Land Registry","LGBO","175","170","30220","27130"
"In post","2022","HM Land Registry","Undeclared","650","570","33080","31740"
"In post","2022","HM Land Registry","Unknown","1840","1695","28790","27130"
"In post","2022","HM Revenue and Customs","Heterosexual / straight","41800","38960","34750","33080"
"In post","2022","HM Revenue and Customs","LGBO","2820","2725","33880","31900"
"In post","2022","HM Revenue and Customs","Undeclared","4955","4525","35250","33370"
"In post","2022","HM Revenue and Customs","Unknown","21795","20120","30330","26820"
"In post","2022","HM Treasury","Heterosexual / straight","2090","2030","48280","49500"
"In post","2022","HM Treasury","LGBO","210","205","46210","44940"
"In post","2022","HM Treasury","Undeclared","290","285","45810","43160"
"In post","2022","HM Treasury","Unknown","180","175","55110","50440"
"In post","2022","Home Office","Heterosexual / straight","27015","25200","32580","28650"
"In post","2022","Home Office","LGBO","1185","1145","33810","28670"
"In post","2022","Home Office","Undeclared","3905","3595","33220","28850"
"In post","2022","Home Office","Unknown","4435","4285","32340","27370"
"In post","2022","Ministry of Defence","Heterosexual / straight","40315","38935","34130","32630"
"In post","2022","Ministry of Defence","LGBO","1455","1430","33580","31600"
"In post","2022","Ministry of Defence","Undeclared","5905","5695","35430","33300"
"In post","2022","Ministry of Defence","Unknown","10150","9840","36810","34460"
"In post","2022","Ministry of Justice","Heterosexual / straight","60730","56995","30660","27980"
"In post","2022","Ministry of Justice","LGBO","4250","4140","30890","28010"
"In post","2022","Ministry of Justice","Undeclared","6795","6310","31580","28800"
"In post","2022","Ministry of Justice","Unknown","15125","14035","29020","26950"
"In post","2022","National Crime Agency","Heterosexual / straight","4265","4155","40750","37790"
"In post","2022","National Crime Agency","LGBO","220","215","37860","36410"
"In post","2022","National Crime Agency","Undeclared","360","355","39640","37390"
"In post","2022","National Crime Agency","Unknown","705","680","41710","39840"
"In post","2022","Northern Ireland Office","Heterosexual / straight","105","105","46390","41750"
"In post","2022","Northern Ireland Office","LGBO","5","5","[c]","[c]"
"In post","2022","Northern Ireland Office","Undeclared","5","5","[c]","[c]"
"In post","2022","Northern Ireland Office","Unknown","60","60","45090","39230"
"In post","2022","Office for Standards in Education, Children's Services and Skills","Heterosexual / straight","1505","1455","51180","51360"
"In post","2022","Office for Standards in Education, Children's Services and Skills","LGBO","125","120","49730","46360"
"In post","2022","Office for Standards in Education, Children's Services and Skills","Undeclared","100","95","47480","39850"
"In post","2022","Office for Standards in Education, Children's Services and Skills","Unknown","100","95","40710","35010"
"In post","2022","Office of Gas and Electricity Markets","Heterosexual / straight","705","690","41730","35050"
"In post","2022","Office of Gas and Electricity Markets","LGBO","95","95","36120","30950"
"In post","2022","Office of Gas and Electricity Markets","Undeclared","75","75","42610","38500"
"In post","2022","Office of Gas and Electricity Markets","Unknown","475","465","47720","43650"
"In post","2022","Office of Qualifications and Examinations Regulation","Heterosexual / straight","195","190","43980","38760"
"In post","2022","Office of Qualifications and Examinations Regulation","LGBO","10","10","[c]","[c]"
"In post","2022","Office of Qualifications and Examinations Regulation","Undeclared","25","25","[c]","[c]"
"In post","2022","Office of Qualifications and Examinations Regulation","Unknown","60","55","49740","46660"
"In post","2022","Office of Rail and Road","Heterosexual / straight","220","210","52910","51660"
"In post","2022","Office of Rail and Road","LGBO","25","25","[c]","[c]"
"In post","2022","Office of Rail and Road","Undeclared","35","35","53220","55430"
"In post","2022","Office of Rail and Road","Unknown","70","70","59670","60020"
"In post","2022","Office of the Secretary of State for Scotland","Heterosexual / straight","55","50","50770","49860"
"In post","2022","Office of the Secretary of State for Scotland","LGBO","5","5","[c]","[c]"
"In post","2022","Office of the Secretary of State for Scotland","Undeclared","5","5","[c]","[c]"
"In post","2022","Office of the Secretary of State for Scotland","Unknown","55","55","45540","41750"
"In post","2022","Office of the Secretary of State for Wales","Heterosexual / straight","30","25","[c]","[c]"
"In post","2022","Office of the Secretary of State for Wales","LGBO","5","5","[c]","[c]"
"In post","2022","Office of the Secretary of State for Wales","Undeclared","[c]","[c]","[c]","[c]"
"In post","2022","Office of the Secretary of State for Wales","Unknown","10","10","[c]","[c]"
"In post","2022","Scottish Government","Heterosexual / straight","13765","13150","39560","35000"
"In post","2022","Scottish Government","LGBO","1125","1100","36430","31540"
"In post","2022","Scottish Government","Undeclared","875","835","40760","36130"
"In post","2022","Scottish Government","Unknown","9565","9005","33950","30450"
"In post","2022","The National Archives","Heterosexual / straight","250","240","37280","34260"
"In post","2022","The National Archives","LGBO","40","40","30820","29350"
"In post","2022","The National Archives","Undeclared","60","60","35260","30830"
"In post","2022","The National Archives","Unknown","225","215","34990","32640"
"In post","2022","UK Export Finance","Heterosexual / straight","410","405","52180","47190"
"In post","2022","UK Export Finance","LGBO","25","25","[c]","[c]"
"In post","2022","UK Export Finance","Undeclared","30","30","55000","49200"
"In post","2022","UK Export Finance","Unknown","25","25","[c]","[c]"
"In post","2022","UK Statistics Authority","Heterosexual / straight","3960","3535","34020","30710"
"In post","2022","UK Statistics Authority","LGBO","285","270","34390","30710"
"In post","2022","UK Statistics Authority","Undeclared","250","225","33690","30810"
"In post","2022","UK Statistics Authority","Unknown","1390","1240","33000","30210"
"In post","2022","UK Supreme Court","Heterosexual / straight","40","35","40730","32230"
"In post","2022","UK Supreme Court","LGBO","[c]","[c]","[c]","[c]"
"In post","2022","UK Supreme Court","Undeclared","[c]","[c]","[c]","[c]"
"In post","2022","UK Supreme Court","Unknown","5","5","[c]","[c]"
"In post","2022","Water Services Regulation Authority","Heterosexual / straight","160","155","55160","49970"
"In post","2022","Water Services Regulation Authority","LGBO","10","10","[c]","[c]"
"In post","2022","Water Services Regulation Authority","Undeclared","20","20","[c]","[c]"
"In post","2022","Water Services Regulation Authority","Unknown","65","60","53260","48270"
"In post","2022","Welsh Government","Heterosexual / straight","4800","4530","41770","38160"
"In post","2022","Welsh Government","LGBO","240","230","42590","38160"
"In post","2022","Welsh Government","Undeclared","695","655","43120","38160"
"In post","2022","Welsh Government","Unknown","230","220","41670","35180"
"Leaver CS","2022","Attorney General's Departments","Heterosexual / straight","460","[c]","42930","40800"
"Leaver CS","2022","Attorney General's Departments","LGBO","40","[c]","39940","36530"
"Leaver CS","2022","Attorney General's Departments","Undeclared","35","[c]","48150","52300"
"Leaver CS","2022","Attorney General's Departments","Unknown","130","[c]","48240","51790"
"Leaver CS","2022","Cabinet Office","Heterosexual / straight","380","[c]","47630","40600"
"Leaver CS","2022","Cabinet Office","LGBO","40","[c]","48810","43890"
"Leaver CS","2022","Cabinet Office","Undeclared","35","[c]","47580","52630"
"Leaver CS","2022","Cabinet Office","Unknown","360","[c]","51850","43080"
"Leaver CS","2022","Chancellor's other departments","Heterosexual / straight","35","[c]","52650","46640"
"Leaver CS","2022","Chancellor's other departments","LGBO","5","[c]","[c]","[c]"
"Leaver CS","2022","Chancellor's other departments","Undeclared","10","[c]","[c]","[c]"
"Leaver CS","2022","Chancellor's other departments","Unknown","[c]","[c]","[c]","[c]"
"Leaver CS","2022","Charity Commission","Heterosexual / straight","25","[c]","[c]","[c]"
"Leaver CS","2022","Charity Commission","LGBO","[c]","[c]","[c]","[c]"
"Leaver CS","2022","Charity Commission","Unknown","35","[c]","36740","29380"
"Leaver CS","2022","Competition and Markets Authority","Heterosexual / straight","80","[c]","53800","54320"
"Leaver CS","2022","Competition and Markets Authority","LGBO","10","[c]","[c]","[c]"
"Leaver CS","2022","Competition and Markets Authority","Undeclared","5","[c]","[c]","[c]"
"Leaver CS","2022","Competition and Markets Authority","Unknown","[c]","[c]","[c]","[c]"
"Leaver CS","2022","Department for Business, Energy and Industrial Strategy","Heterosexual / straight","445","[c]","40520","38040"
"Leaver CS","2022","Department for Business, Energy and Industrial Strategy","LGBO","50","[c]","40090","33610"
"Leaver CS","2022","Department for Business, Energy and Industrial Strategy","Undeclared","95","[c]","39730","38310"
"Leaver CS","2022","Department for Business, Energy and Industrial Strategy","Unknown","245","[c]","31940","26200"
"Leaver CS","2022","Department for Digital, Culture, Media and Sport","Heterosexual / straight","105","[c]","42550","36000"
"Leaver CS","2022","Department for Digital, Culture, Media and Sport","LGBO","15","[c]","[c]","[c]"
"Leaver CS","2022","Department for Digital, Culture, Media and Sport","Undeclared","10","[c]","[c]","[c]"
"Leaver CS","2022","Department for Digital, Culture, Media and Sport","Unknown","25","[c]","[c]","[c]"
"Leaver CS","2022","Department for Education","Heterosexual / straight","280","[c]","43320","36980"
"Leaver CS","2022","Department for Education","LGBO","25","[c]","[c]","[c]"
"Leaver CS","2022","Department for Education","Undeclared","30","[c]","42280","38150"
"Leaver CS","2022","Department for Education","Unknown","115","[c]","38620","35620"
"Leaver CS","2022","Department for Environment, Food and Rural Affairs","Heterosexual / straight","530","[c]","30030","25100"
"Leaver CS","2022","Department for Environment, Food and Rural Affairs","LGBO","60","[c]","[c]","[c]"
"Leaver CS","2022","Department for Environment, Food and Rural Affairs","Undeclared","65","[c]","31100","28320"
"Leaver CS","2022","Department for Environment, Food and Rural Affairs","Unknown","290","[c]","27760","24920"
"Leaver CS","2022","Department for International Trade","Heterosexual / straight","100","[c]","[c]","[c]"
"Leaver CS","2022","Department for International Trade","LGBO","10","[c]","[c]","[c]"
"Leaver CS","2022","Department for International Trade","Undeclared","10","[c]","[c]","[c]"
"Leaver CS","2022","Department for International Trade","Unknown","100","[c]","[c]","[c]"
"Leaver CS","2022","Department for Levelling Up, Housing and Communities","Heterosexual / straight","165","[c]","44910","39910"
"Leaver CS","2022","Department for Levelling Up, Housing and Communities","LGBO","20","[c]","[c]","[c]"
"Leaver CS","2022","Department for Levelling Up, Housing and Communities","Undeclared","20","[c]","[c]","[c]"
"Leaver CS","2022","Department for Levelling Up, Housing and Communities","Unknown","40","[c]","35720","30500"
"Leaver CS","2022","Department for Transport","Heterosexual / straight","660","[c]","33750","26840"
"Leaver CS","2022","Department for Transport","LGBO","50","[c]","30000","26780"
"Leaver CS","2022","Department for Transport","Undeclared","215","[c]","28710","26780"
"Leaver CS","2022","Department for Transport","Unknown","360","[c]","28130","26130"
"Leaver CS","2022","Department for Work and Pensions","Heterosexual / straight","5785","[c]","27370","27570"
"Leaver CS","2022","Department for Work and Pensions","LGBO","495","[c]","26870","27570"
"Leaver CS","2022","Department for Work and Pensions","Undeclared","635","[c]","28070","27570"
"Leaver CS","2022","Department for Work and Pensions","Unknown","1960","[c]","26970","27570"
"Leaver CS","2022","Department of Health and Social Care","Heterosexual / straight","1870","[c]","41390","36330"
"Leaver CS","2022","Department of Health and Social Care","LGBO","135","[c]","37930","29270"
"Leaver CS","2022","Department of Health and Social Care","Undeclared","730","[c]","42910","37480"
"Leaver CS","2022","Department of Health and Social Care","Unknown","475","[c]","50090","41520"
"Leaver CS","2022","Estyn","Heterosexual / straight","10","[c]","[c]","[c]"
"Leaver CS","2022","Estyn","LGBO","[c]","[c]","[c]","[c]"
"Leaver CS","2022","Food Standards Agency","Heterosexual / straight","55","[c]","35080","30810"
"Leaver CS","2022","Food Standards Agency","LGBO","5","[c]","[c]","[c]"
"Leaver CS","2022","Food Standards Agency","Undeclared","10","[c]","[c]","[c]"
"Leaver CS","2022","Food Standards Agency","Unknown","5","[c]","[c]","[c]"
"Leaver CS","2022","Foreign, Commonwealth and Development Office","Heterosexual / straight","140","[c]","46720","39600"
"Leaver CS","2022","Foreign, Commonwealth and Development Office","LGBO","5","[c]","[c]","[c]"
"Leaver CS","2022","Foreign, Commonwealth and Development Office","Undeclared","10","[c]","[c]","[c]"
"Leaver CS","2022","Foreign, Commonwealth and Development Office","Unknown","260","[c]","47700","41740"
"Leaver CS","2022","HM Land Registry","Heterosexual / straight","225","[c]","33790","30600"
"Leaver CS","2022","HM Land Registry","LGBO","15","[c]","[c]","[c]"
"Leaver CS","2022","HM Land Registry","Undeclared","30","[c]","34450","32220"
"Leaver CS","2022","HM Land Registry","Unknown","135","[c]","31200","27130"
"Leaver CS","2022","HM Revenue and Customs","Heterosexual / straight","245","[c]","31450","26820"
"Leaver CS","2022","HM Revenue and Customs","LGBO","10","[c]","[c]","[c]"
"Leaver CS","2022","HM Revenue and Customs","Undeclared","45","[c]","33350","28920"
"Leaver CS","2022","HM Revenue and Customs","Unknown","4675","[c]","28880","22080"
"Leaver CS","2022","HM Treasury","Heterosexual / straight","175","[c]","[c]","[c]"
"Leaver CS","2022","HM Treasury","LGBO","20","[c]","[c]","[c]"
"Leaver CS","2022","HM Treasury","Undeclared","30","[c]","[c]","[c]"
"Leaver CS","2022","HM Treasury","Unknown","20","[c]","[c]","[c]"
"Leaver CS","2022","Home Office","Heterosexual / straight","1445","[c]","31970","26900"
"Leaver CS","2022","Home Office","LGBO","75","[c]","31170","25630"
"Leaver CS","2022","Home Office","Undeclared","255","[c]","33000","28670"
"Leaver CS","2022","Home Office","Unknown","320","[c]","30960","27370"
"Leaver CS","2022","Ministry of Defence","Heterosexual / straight","3365","[c]","32430","29230"
"Leaver CS","2022","Ministry of Defence","LGBO","120","[c]","31480","26670"
"Leaver CS","2022","Ministry of Defence","Undeclared","575","[c]","34170","33300"
"Leaver CS","2022","Ministry of Defence","Unknown","985","[c]","32370","30370"
"Leaver CS","2022","Ministry of Justice","Heterosexual / straight","5830","[c]","27960","21490"
"Leaver CS","2022","Ministry of Justice","LGBO","515","[c]","26120","21170"
"Leaver CS","2022","Ministry of Justice","Undeclared","585","[c]","28210","21400"
"Leaver CS","2022","Ministry of Justice","Unknown","2850","[c]","24890","21090"
"Leaver CS","2022","National Crime Agency","Heterosexual / straight","245","[c]","41910","39730"
"Leaver CS","2022","National Crime Agency","LGBO","15","[c]","[c]","[c]"
"Leaver CS","2022","National Crime Agency","Undeclared","20","[c]","[c]","[c]"
"Leaver CS","2022","National Crime Agency","Unknown","45","[c]","45580","39550"
"Leaver CS","2022","Northern Ireland Office","Heterosexual / straight","5","[c]","[c]","[c]"
"Leaver CS","2022","Northern Ireland Office","LGBO","[c]","[c]","[c]","[c]"
"Leaver CS","2022","Northern Ireland Office","Unknown","5","[c]","[c]","[c]"
"Leaver CS","2022","Office for Standards in Education, Children's Services and Skills","Heterosexual / straight","145","[c]","52820","51360"
"Leaver CS","2022","Office for Standards in Education, Children's Services and Skills","LGBO","20","[c]","[c]","[c]"
"Leaver CS","2022","Office for Standards in Education, Children's Services and Skills","Undeclared","10","[c]","[c]","[c]"
"Leaver CS","2022","Office for Standards in Education, Children's Services and Skills","Unknown","15","[c]","[c]","[c]"
"Leaver CS","2022","Office of Gas and Electricity Markets","Heterosexual / straight","125","[c]","41910","36940"
"Leaver CS","2022","Office of Gas and Electricity Markets","LGBO","10","[c]","[c]","[c]"
"Leaver CS","2022","Office of Gas and Electricity Markets","Undeclared","10","[c]","[c]","[c]"
"Leaver CS","2022","Office of Gas and Electricity Markets","Unknown","85","[c]","51120","46250"
"Leaver CS","2022","Office of Qualifications and Examinations Regulation","Heterosexual / straight","10","[c]","[c]","[c]"
"Leaver CS","2022","Office of Qualifications and Examinations Regulation","LGBO","[c]","[c]","[c]","[c]"
"Leaver CS","2022","Office of Qualifications and Examinations Regulation","Undeclared","[c]","[c]","[c]","[c]"
"Leaver CS","2022","Office of Qualifications and Examinations Regulation","Unknown","15","[c]","[c]","[c]"
"Leaver CS","2022","Office of Rail and Road","Heterosexual / straight","20","[c]","[c]","[c]"
"Leaver CS","2022","Office of Rail and Road","LGBO","[c]","[c]","[c]","[c]"
"Leaver CS","2022","Office of Rail and Road","Undeclared","[c]","[c]","[c]","[c]"
"Leaver CS","2022","Office of Rail and Road","Unknown","10","[c]","[c]","[c]"
"Leaver CS","2022","Office of the Secretary of State for Scotland","Heterosexual / straight","[c]","[c]","[c]","[c]"
"Leaver CS","2022","Office of the Secretary of State for Scotland","LGBO","[c]","[c]","[c]","[c]"
"Leaver CS","2022","Office of the Secretary of State for Scotland","Unknown","5","[c]","[c]","[c]"
"Leaver CS","2022","Office of the Secretary of State for Wales","Heterosexual / straight","[c]","[c]","[c]","[c]"
"Leaver CS","2022","Office of the Secretary of State for Wales","LGBO","[c]","[c]","[c]","[c]"
"Leaver CS","2022","Scottish Government","Heterosexual / straight","525","[c]","39090","35000"
"Leaver CS","2022","Scottish Government","LGBO","40","[c]","33750","30760"
"Leaver CS","2022","Scottish Government","Undeclared","35","[c]","35110","35000"
"Leaver CS","2022","Scottish Government","Unknown","830","[c]","33370","30020"
"Leaver CS","2022","The National Archives","Heterosexual / straight","30","[c]","31110","28460"
"Leaver CS","2022","The National Archives","LGBO","5","[c]","[c]","[c]"
"Leaver CS","2022","The National Archives","Undeclared","10","[c]","[c]","[c]"
"Leaver CS","2022","The National Archives","Unknown","20","[c]","[c]","[c]"
"Leaver CS","2022","UK Export Finance","Heterosexual / straight","35","[c]","48970","47000"
"Leaver CS","2022","UK Export Finance","LGBO","[c]","[c]","[c]","[c]"
"Leaver CS","2022","UK Export Finance","Undeclared","[c]","[c]","[c]","[c]"
"Leaver CS","2022","UK Export Finance","Unknown","[c]","[c]","[c]","[c]"
"Leaver CS","2022","UK Statistics Authority","Heterosexual / straight","330","[c]","27590","23050"
"Leaver CS","2022","UK Statistics Authority","LGBO","35","[c]","34230","30460"
"Leaver CS","2022","UK Statistics Authority","Undeclared","30","[c]","28730","23880"
"Leaver CS","2022","UK Statistics Authority","Unknown","180","[c]","28320","23630"
"Leaver CS","2022","UK Supreme Court","Heterosexual / straight","15","[c]","[c]","[c]"
"Leaver CS","2022","UK Supreme Court","LGBO","[c]","[c]","[c]","[c]"
"Leaver CS","2022","UK Supreme Court","Unknown","[c]","[c]","[c]","[c]"
"Leaver CS","2022","Water Services Regulation Authority","Heterosexual / straight","25","[c]","[c]","[c]"
"Leaver CS","2022","Water Services Regulation Authority","LGBO","[c]","[c]","[c]","[c]"
"Leaver CS","2022","Water Services Regulation Authority","Undeclared","[c]","[c]","[c]","[c]"
"Leaver CS","2022","Water Services Regulation Authority","Unknown","20","[c]","[c]","[c]"
"Leaver CS","2022","Welsh Government","Heterosexual / straight","200","[c]","42130","37410"
"Leaver CS","2022","Welsh Government","LGBO","[c]","[c]","[c]","[c]"
"Leaver CS","2022","Welsh Government","Undeclared","25","[c]","[c]","[c]"
"Leaver CS","2022","Welsh Government","Unknown","20","[c]","[c]","[c]"
"Leaver Dept.","2022","Attorney General's Departments","Heterosexual / straight","175","[c]","41520","31600"
"Leaver Dept.","2022","Attorney General's Departments","LGBO","20","[c]","[c]","[c]"
"Leaver Dept.","2022","Attorney General's Departments","Undeclared","15","[c]","[c]","[c]"
"Leaver Dept.","2022","Attorney General's Departments","Unknown","65","[c]","46240","50500"
"Leaver Dept.","2022","Cabinet Office","Heterosexual / straight","850","[c]","45890","40410"
"Leaver Dept.","2022","Cabinet Office","LGBO","90","[c]","42080","37300"
"Leaver Dept.","2022","Cabinet Office","Undeclared","100","[c]","42650","34850"
"Leaver Dept.","2022","Cabinet Office","Unknown","835","[c]","38090","32000"
"Leaver Dept.","2022","Chancellor's other departments","Heterosexual / straight","[c]","[c]","[c]","[c]"
"Leaver Dept.","2022","Chancellor's other departments","LGBO","[c]","[c]","[c]","[c]"
"Leaver Dept.","2022","Chancellor's other departments","Unknown","[c]","[c]","[c]","[c]"
"Leaver Dept.","2022","Charity Commission","Heterosexual / straight","10","[c]","[c]","[c]"
"Leaver Dept.","2022","Charity Commission","LGBO","[c]","[c]","[c]","[c]"
"Leaver Dept.","2022","Charity Commission","Undeclared","[c]","[c]","[c]","[c]"
"Leaver Dept.","2022","Charity Commission","Unknown","20","[c]","[c]","[c]"
"Leaver Dept.","2022","Competition and Markets Authority","Heterosexual / straight","35","[c]","36220","31320"
"Leaver Dept.","2022","Competition and Markets Authority","LGBO","[c]","[c]","[c]","[c]"
"Leaver Dept.","2022","Competition and Markets Authority","Undeclared","[c]","[c]","[c]","[c]"
"Leaver Dept.","2022","Department for Business, Energy and Industrial Strategy","Heterosexual / straight","515","[c]","43770","40050"
"Leaver Dept.","2022","Department for Business, Energy and Industrial Strategy","LGBO","80","[c]","42230","40050"
"Leaver Dept.","2022","Department for Business, Energy and Industrial Strategy","Undeclared","60","[c]","42750","40050"
"Leaver Dept.","2022","Department for Business, Energy and Industrial Strategy","Unknown","140","[c]","36030","33570"
"Leaver Dept.","2022","Department for Digital, Culture, Media and Sport","Heterosexual / straight","150","[c]","44840","38150"
"Leaver Dept.","2022","Department for Digital, Culture, Media and Sport","LGBO","20","[c]","[c]","[c]"
"Leaver Dept.","2022","Department for Digital, Culture, Media and Sport","Undeclared","10","[c]","[c]","[c]"
"Leaver Dept.","2022","Department for Digital, Culture, Media and Sport","Unknown","25","[c]","[c]","[c]"
"Leaver Dept.","2022","Department for Education","Heterosexual / straight","345","[c]","42040","36960"
"Leaver Dept.","2022","Department for Education","LGBO","45","[c]","42060","39780"
"Leaver Dept.","2022","Department for Education","Undeclared","30","[c]","44140","40940"
"Leaver Dept.","2022","Department for Education","Unknown","85","[c]","44190","40230"
"Leaver Dept.","2022","Department for Environment, Food and Rural Affairs","Heterosexual / straight","345","[c]","28390","25100"
"Leaver Dept.","2022","Department for Environment, Food and Rural Affairs","LGBO","30","[c]","[c]","[c]"
"Leaver Dept.","2022","Department for Environment, Food and Rural Affairs","Undeclared","35","[c]","[c]","[c]"
"Leaver Dept.","2022","Department for Environment, Food and Rural Affairs","Unknown","105","[c]","28010","25190"
"Leaver Dept.","2022","Department for International Trade","Heterosexual / straight","115","[c]","[c]","[c]"
"Leaver Dept.","2022","Department for International Trade","LGBO","25","[c]","[c]","[c]"
"Leaver Dept.","2022","Department for International Trade","Undeclared","15","[c]","[c]","[c]"
"Leaver Dept.","2022","Department for International Trade","Unknown","70","[c]","[c]","[c]"
"Leaver Dept.","2022","Department for Levelling Up, Housing and Communities","Heterosexual / straight","270","[c]","41000","36340"
"Leaver Dept.","2022","Department for Levelling Up, Housing and Communities","LGBO","40","[c]","43010","39790"
"Leaver Dept.","2022","Department for Levelling Up, Housing and Communities","Undeclared","20","[c]","[c]","[c]"
"Leaver Dept.","2022","Department for Levelling Up, Housing and Communities","Unknown","55","[c]","39620","33210"
"Leaver Dept.","2022","Department for Transport","Heterosexual / straight","390","[c]","36820","34000"
"Leaver Dept.","2022","Department for Transport","LGBO","40","[c]","37020","35060"
"Leaver Dept.","2022","Department for Transport","Undeclared","65","[c]","35170","32180"
"Leaver Dept.","2022","Department for Transport","Unknown","160","[c]","35680","31200"
"Leaver Dept.","2022","Department for Work and Pensions","Heterosexual / straight","2200","[c]","29600","27570"
"Leaver Dept.","2022","Department for Work and Pensions","LGBO","190","[c]","28940","27570"
"Leaver Dept.","2022","Department for Work and Pensions","Undeclared","220","[c]","30790","27570"
"Leaver Dept.","2022","Department for Work and Pensions","Unknown","495","[c]","31450","27570"
"Leaver Dept.","2022","Department of Health and Social Care","Heterosexual / straight","4745","[c]","41210","36330"
"Leaver Dept.","2022","Department of Health and Social Care","LGBO","370","[c]","39460","32650"
"Leaver Dept.","2022","Department of Health and Social Care","Undeclared","1700","[c]","44330","39400"
"Leaver Dept.","2022","Department of Health and Social Care","Unknown","1055","[c]","50900","44430"
"Leaver Dept.","2022","Estyn","Heterosexual / straight","[c]","[c]","[c]","[c]"
"Leaver Dept.","2022","Estyn","LGBO","[c]","[c]","[c]","[c]"
"Leaver Dept.","2022","Food Standards Agency","Heterosexual / straight","50","[c]","39480","37910"
"Leaver Dept.","2022","Food Standards Agency","LGBO","[c]","[c]","[c]","[c]"
"Leaver Dept.","2022","Food Standards Agency","Undeclared","[c]","[c]","[c]","[c]"
"Leaver Dept.","2022","Food Standards Agency","Unknown","10","[c]","[c]","[c]"
"Leaver Dept.","2022","Foreign, Commonwealth and Development Office","Heterosexual / straight","75","[c]","42960","39630"
"Leaver Dept.","2022","Foreign, Commonwealth and Development Office","LGBO","10","[c]","[c]","[c]"
"Leaver Dept.","2022","Foreign, Commonwealth and Development Office","Undeclared","5","[c]","[c]","[c]"
"Leaver Dept.","2022","Foreign, Commonwealth and Development Office","Unknown","335","[c]","45740","42200"
"Leaver Dept.","2022","HM Revenue and Customs","Heterosexual / straight","40","[c]","35160","27720"
"Leaver Dept.","2022","HM Revenue and Customs","LGBO","[c]","[c]","[c]","[c]"
"Leaver Dept.","2022","HM Revenue and Customs","Undeclared","[c]","[c]","[c]","[c]"
"Leaver Dept.","2022","HM Revenue and Customs","Unknown","1350","[c]","27980","25250"
"Leaver Dept.","2022","HM Treasury","Heterosexual / straight","160","[c]","[c]","[c]"
"Leaver Dept.","2022","HM Treasury","LGBO","25","[c]","[c]","[c]"
"Leaver Dept.","2022","HM Treasury","Undeclared","30","[c]","[c]","[c]"
"Leaver Dept.","2022","HM Treasury","Unknown","[c]","[c]","[c]","[c]"
"Leaver Dept.","2022","Home Office","Heterosexual / straight","1010","[c]","35500","28810"
"Leaver Dept.","2022","Home Office","LGBO","75","[c]","36610","30820"
"Leaver Dept.","2022","Home Office","Undeclared","105","[c]","37160","33190"
"Leaver Dept.","2022","Home Office","Unknown","210","[c]","34060","29380"
"Leaver Dept.","2022","Ministry of Defence","Heterosexual / straight","820","[c]","36060","33300"
"Leaver Dept.","2022","Ministry of Defence","LGBO","50","[c]","34090","33000"
"Leaver Dept.","2022","Ministry of Defence","Undeclared","120","[c]","38310","38150"
"Leaver Dept.","2022","Ministry of Defence","Unknown","125","[c]","38350","37320"
"Leaver Dept.","2022","Ministry of Justice","Heterosexual / straight","1230","[c]","31810","26550"
"Leaver Dept.","2022","Ministry of Justice","LGBO","90","[c]","31760","28310"
"Leaver Dept.","2022","Ministry of Justice","Undeclared","130","[c]","34100","30850"
"Leaver Dept.","2022","Ministry of Justice","Unknown","295","[c]","29310","23700"
"Leaver Dept.","2022","National Crime Agency","Heterosexual / straight","85","[c]","43670","40170"
"Leaver Dept.","2022","National Crime Agency","LGBO","10","[c]","[c]","[c]"
"Leaver Dept.","2022","National Crime Agency","Undeclared","[c]","[c]","[c]","[c]"
"Leaver Dept.","2022","National Crime Agency","Unknown","10","[c]","[c]","[c]"
"Leaver Dept.","2022","Northern Ireland Office","Heterosexual / straight","10","[c]","[c]","[c]"
"Leaver Dept.","2022","Northern Ireland Office","LGBO","[c]","[c]","[c]","[c]"
"Leaver Dept.","2022","Northern Ireland Office","Undeclared","[c]","[c]","[c]","[c]"
"Leaver Dept.","2022","Northern Ireland Office","Unknown","10","[c]","[c]","[c]"
"Leaver Dept.","2022","Office for Standards in Education, Children's Services and Skills","Heterosexual / straight","35","[c]","39170","35010"
"Leaver Dept.","2022","Office for Standards in Education, Children's Services and Skills","LGBO","10","[c]","[c]","[c]"
"Leaver Dept.","2022","Office for Standards in Education, Children's Services and Skills","Undeclared","5","[c]","[c]","[c]"
"Leaver Dept.","2022","Office for Standards in Education, Children's Services and Skills","Unknown","[c]","[c]","[c]","[c]"
"Leaver Dept.","2022","Office of Gas and Electricity Markets","Heterosexual / straight","50","[c]","35780","31720"
"Leaver Dept.","2022","Office of Gas and Electricity Markets","LGBO","10","[c]","[c]","[c]"
"Leaver Dept.","2022","Office of Gas and Electricity Markets","Undeclared","5","[c]","[c]","[c]"
"Leaver Dept.","2022","Office of Gas and Electricity Markets","Unknown","35","[c]","40190","32100"
"Leaver Dept.","2022","Office of Qualifications and Examinations Regulation","Heterosexual / straight","10","[c]","[c]","[c]"
"Leaver Dept.","2022","Office of Qualifications and Examinations Regulation","LGBO","[c]","[c]","[c]","[c]"
"Leaver Dept.","2022","Office of Qualifications and Examinations Regulation","Undeclared","[c]","[c]","[c]","[c]"
"Leaver Dept.","2022","Office of Qualifications and Examinations Regulation","Unknown","5","[c]","[c]","[c]"
"Leaver Dept.","2022","Office of Rail and Road","Heterosexual / straight","10","[c]","[c]","[c]"
"Leaver Dept.","2022","Office of Rail and Road","LGBO","[c]","[c]","[c]","[c]"
"Leaver Dept.","2022","Office of Rail and Road","Undeclared","[c]","[c]","[c]","[c]"
"Leaver Dept.","2022","Office of Rail and Road","Unknown","[c]","[c]","[c]","[c]"
"Leaver Dept.","2022","Office of the Secretary of State for Scotland","Heterosexual / straight","[c]","[c]","[c]","[c]"
"Leaver Dept.","2022","Office of the Secretary of State for Scotland","LGBO","[c]","[c]","[c]","[c]"
"Leaver Dept.","2022","Office of the Secretary of State for Scotland","Unknown","5","[c]","[c]","[c]"
"Leaver Dept.","2022","Office of the Secretary of State for Wales","Heterosexual / straight","10","[c]","[c]","[c]"
"Leaver Dept.","2022","Office of the Secretary of State for Wales","LGBO","[c]","[c]","[c]","[c]"
"Leaver Dept.","2022","Office of the Secretary of State for Wales","Undeclared","[c]","[c]","[c]","[c]"
"Leaver Dept.","2022","Office of the Secretary of State for Wales","Unknown","[c]","[c]","[c]","[c]"
"Leaver Dept.","2022","Scottish Government","Heterosexual / straight","65","[c]","37950","31540"
"Leaver Dept.","2022","Scottish Government","LGBO","10","[c]","[c]","[c]"
"Leaver Dept.","2022","Scottish Government","Undeclared","[c]","[c]","[c]","[c]"
"Leaver Dept.","2022","Scottish Government","Unknown","55","[c]","40170","33840"
"Leaver Dept.","2022","The National Archives","Heterosexual / straight","[c]","[c]","[c]","[c]"
"Leaver Dept.","2022","The National Archives","LGBO","[c]","[c]","[c]","[c]"
"Leaver Dept.","2022","The National Archives","Undeclared","[c]","[c]","[c]","[c]"
"Leaver Dept.","2022","The National Archives","Unknown","[c]","[c]","[c]","[c]"
"Leaver Dept.","2022","UK Export Finance","Heterosexual / straight","15","[c]","[c]","[c]"
"Leaver Dept.","2022","UK Export Finance","LGBO","[c]","[c]","[c]","[c]"
"Leaver Dept.","2022","UK Export Finance","Undeclared","[c]","[c]","[c]","[c]"
"Leaver Dept.","2022","UK Export Finance","Unknown","[c]","[c]","[c]","[c]"
"Leaver Dept.","2022","UK Statistics Authority","Heterosexual / straight","125","[c]","36000","31130"
"Leaver Dept.","2022","UK Statistics Authority","LGBO","20","[c]","[c]","[c]"
"Leaver Dept.","2022","UK Statistics Authority","Undeclared","5","[c]","[c]","[c]"
"Leaver Dept.","2022","UK Statistics Authority","Unknown","85","[c]","34700","30810"
"Leaver Dept.","2022","Water Services Regulation Authority","Heterosexual / straight","[c]","[c]","[c]","[c]"
"Leaver Dept.","2022","Water Services Regulation Authority","LGBO","[c]","[c]","[c]","[c]"
"Leaver Dept.","2022","Water Services Regulation Authority","Unknown","[c]","[c]","[c]","[c]"
"Leaver Dept.","2022","Welsh Government","Heterosexual / straight","40","[c]","40590","37410"
"Leaver Dept.","2022","Welsh Government","LGBO","5","[c]","[c]","[c]"
"Leaver Dept.","2022","Welsh Government","Undeclared","[c]","[c]","[c]","[c]"
"Leaver Dept.","2022","Welsh Government","Unknown","10","[c]","[c]","[c]"
"New entrant CS","2022","Attorney General's Departments","Heterosexual / straight","880","[c]","34940","27010"
"New entrant CS","2022","Attorney General's Departments","LGBO","75","[c]","28610","25480"
"New entrant CS","2022","Attorney General's Departments","Undeclared","55","[c]","31540","26950"
"New entrant CS","2022","Attorney General's Departments","Unknown","35","[c]","36990","31140"
"New entrant CS","2022","Cabinet Office","Heterosexual / straight","775","[c]","38070","32000"
"New entrant CS","2022","Cabinet Office","LGBO","100","[c]","34700","32000"
"New entrant CS","2022","Cabinet Office","Undeclared","70","[c]","40430","34550"
"New entrant CS","2022","Cabinet Office","Unknown","1025","[c]","39300","28000"
"New entrant CS","2022","Chancellor's other departments","Heterosexual / straight","40","[c]","45220","45490"
"New entrant CS","2022","Chancellor's other departments","LGBO","[c]","[c]","[c]","[c]"
"New entrant CS","2022","Chancellor's other departments","Undeclared","[c]","[c]","[c]","[c]"
"New entrant CS","2022","Chancellor's other departments","Unknown","20","[c]","[c]","[c]"
"New entrant CS","2022","Charity Commission","Heterosexual / straight","25","[c]","[c]","[c]"
"New entrant CS","2022","Charity Commission","LGBO","[c]","[c]","[c]","[c]"
"New entrant CS","2022","Charity Commission","Unknown","65","[c]","28350","27570"
"New entrant CS","2022","Competition and Markets Authority","Heterosexual / straight","105","[c]","44990","33120"
"New entrant CS","2022","Competition and Markets Authority","LGBO","15","[c]","[c]","[c]"
"New entrant CS","2022","Competition and Markets Authority","Undeclared","15","[c]","[c]","[c]"
"New entrant CS","2022","Competition and Markets Authority","Unknown","[c]","[c]","[c]","[c]"
"New entrant CS","2022","Department for Business, Energy and Industrial Strategy","Heterosexual / straight","950","[c]","33510","31000"
"New entrant CS","2022","Department for Business, Energy and Industrial Strategy","LGBO","125","[c]","30870","30360"
"New entrant CS","2022","Department for Business, Energy and Industrial Strategy","Undeclared","105","[c]","35090","31390"
"New entrant CS","2022","Department for Business, Energy and Industrial Strategy","Unknown","290","[c]","31000","27680"
"New entrant CS","2022","Department for Digital, Culture, Media and Sport","Heterosexual / straight","295","[c]","36040","34020"
"New entrant CS","2022","Department for Digital, Culture, Media and Sport","LGBO","40","[c]","35300","34020"
"New entrant CS","2022","Department for Digital, Culture, Media and Sport","Undeclared","40","[c]","32060","34020"
"New entrant CS","2022","Department for Digital, Culture, Media and Sport","Unknown","20","[c]","[c]","[c]"
"New entrant CS","2022","Department for Education","Heterosexual / straight","725","[c]","34640","30000"
"New entrant CS","2022","Department for Education","LGBO","85","[c]","32480","29360"
"New entrant CS","2022","Department for Education","Undeclared","65","[c]","35200","32870"
"New entrant CS","2022","Department for Education","Unknown","220","[c]","35170","32940"
"New entrant CS","2022","Department for Environment, Food and Rural Affairs","Heterosexual / straight","1685","[c]","33610","30320"
"New entrant CS","2022","Department for Environment, Food and Rural Affairs","LGBO","235","[c]","33170","30290"
"New entrant CS","2022","Department for Environment, Food and Rural Affairs","Undeclared","165","[c]","33860","32560"
"New entrant CS","2022","Department for Environment, Food and Rural Affairs","Unknown","865","[c]","28790","24920"
"New entrant CS","2022","Department for International Trade","Heterosexual / straight","235","[c]","37150","31800"
"New entrant CS","2022","Department for International Trade","LGBO","35","[c]","31800","31800"
"New entrant CS","2022","Department for International Trade","Undeclared","15","[c]","[c]","[c]"
"New entrant CS","2022","Department for International Trade","Unknown","150","[c]","36440","31800"
"New entrant CS","2022","Department for Levelling Up, Housing and Communities","Heterosexual / straight","440","[c]","36130","33210"
"New entrant CS","2022","Department for Levelling Up, Housing and Communities","LGBO","85","[c]","33230","30190"
"New entrant CS","2022","Department for Levelling Up, Housing and Communities","Undeclared","40","[c]","32960","33210"
"New entrant CS","2022","Department for Levelling Up, Housing and Communities","Unknown","130","[c]","34250","32780"
"New entrant CS","2022","Department for Transport","Heterosexual / straight","1155","[c]","31070","26130"
"New entrant CS","2022","Department for Transport","LGBO","145","[c]","31810","26840"
"New entrant CS","2022","Department for Transport","Undeclared","85","[c]","33000","29970"
"New entrant CS","2022","Department for Transport","Unknown","860","[c]","29560","26130"
"New entrant CS","2022","Department for Work and Pensions","Heterosexual / straight","7815","[c]","26510","27570"
"New entrant CS","2022","Department for Work and Pensions","LGBO","755","[c]","25500","27570"
"New entrant CS","2022","Department for Work and Pensions","Undeclared","470","[c]","26560","27570"
"New entrant CS","2022","Department for Work and Pensions","Unknown","1525","[c]","26590","27570"
"New entrant CS","2022","Department of Health and Social Care","Heterosexual / straight","1765","[c]","35780","32330"
"New entrant CS","2022","Department of Health and Social Care","LGBO","215","[c]","34030","29490"
"New entrant CS","2022","Department of Health and Social Care","Undeclared","825","[c]","36020","32330"
"New entrant CS","2022","Department of Health and Social Care","Unknown","525","[c]","45420","38730"
"New entrant CS","2022","Estyn","Heterosexual / straight","10","[c]","[c]","[c]"
"New entrant CS","2022","Estyn","LGBO","[c]","[c]","[c]","[c]"
"New entrant CS","2022","Food Standards Agency","Heterosexual / straight","150","[c]","33660","31320"
"New entrant CS","2022","Food Standards Agency","LGBO","15","[c]","[c]","[c]"
"New entrant CS","2022","Food Standards Agency","Undeclared","15","[c]","[c]","[c]"
"New entrant CS","2022","Food Standards Agency","Unknown","20","[c]","[c]","[c]"
"New entrant CS","2022","Foreign, Commonwealth and Development Office","Heterosexual / straight","10","[c]","[c]","[c]"
"New entrant CS","2022","Foreign, Commonwealth and Development Office","LGBO","[c]","[c]","[c]","[c]"
"New entrant CS","2022","Foreign, Commonwealth and Development Office","Undeclared","[c]","[c]","[c]","[c]"
"New entrant CS","2022","HM Land Registry","Heterosexual / straight","265","[c]","27110","22600"
"New entrant CS","2022","HM Land Registry","LGBO","20","[c]","[c]","[c]"
"New entrant CS","2022","HM Land Registry","Undeclared","5","[c]","[c]","[c]"
"New entrant CS","2022","HM Land Registry","Unknown","220","[c]","27150","22600"
"New entrant CS","2022","HM Revenue and Customs","Heterosexual / straight","4190","[c]","27430","26590"
"New entrant CS","2022","HM Revenue and Customs","LGBO","460","[c]","26900","26590"
"New entrant CS","2022","HM Revenue and Customs","Undeclared","235","[c]","28130","26590"
"New entrant CS","2022","HM Revenue and Customs","Unknown","3625","[c]","26360","22010"
"New entrant CS","2022","HM Treasury","Heterosexual / straight","255","[c]","35100","29320"
"New entrant CS","2022","HM Treasury","LGBO","40","[c]","32020","28500"
"New entrant CS","2022","HM Treasury","Undeclared","45","[c]","36250","31660"
"New entrant CS","2022","HM Treasury","Unknown","20","[c]","[c]","[c]"
"New entrant CS","2022","Home Office","Heterosexual / straight","545","[c]","30120","24880"
"New entrant CS","2022","Home Office","LGBO","60","[c]","29910","24880"
"New entrant CS","2022","Home Office","Undeclared","20","[c]","[c]","[c]"
"New entrant CS","2022","Home Office","Unknown","1945","[c]","29660","24880"
"New entrant CS","2022","Ministry of Defence","Heterosexual / straight","2830","[c]","31010","27200"
"New entrant CS","2022","Ministry of Defence","LGBO","175","[c]","29460","26750"
"New entrant CS","2022","Ministry of Defence","Undeclared","140","[c]","31950","28000"
"New entrant CS","2022","Ministry of Defence","Unknown","1840","[c]","29080","26030"
"New entrant CS","2022","Ministry of Justice","Heterosexual / straight","9945","[c]","27160","24430"
"New entrant CS","2022","Ministry of Justice","LGBO","985","[c]","26740","23900"
"New entrant CS","2022","Ministry of Justice","Undeclared","580","[c]","29030","26310"
"New entrant CS","2022","Ministry of Justice","Unknown","6665","[c]","26480","24620"
"New entrant CS","2022","National Crime Agency","Heterosexual / straight","410","[c]","37020","34140"
"New entrant CS","2022","National Crime Agency","LGBO","30","[c]","36050","36410"
"New entrant CS","2022","National Crime Agency","Undeclared","25","[c]","[c]","[c]"
"New entrant CS","2022","National Crime Agency","Unknown","50","[c]","37160","32260"
"New entrant CS","2022","Northern Ireland Office","Heterosexual / straight","25","[c]","[c]","[c]"
"New entrant CS","2022","Northern Ireland Office","LGBO","[c]","[c]","[c]","[c]"
"New entrant CS","2022","Northern Ireland Office","Unknown","15","[c]","[c]","[c]"
"New entrant CS","2022","Office for Standards in Education, Children's Services and Skills","Heterosexual / straight","220","[c]","49060","46360"
"New entrant CS","2022","Office for Standards in Education, Children's Services and Skills","LGBO","15","[c]","[c]","[c]"
"New entrant CS","2022","Office for Standards in Education, Children's Services and Skills","Undeclared","5","[c]","[c]","[c]"
"New entrant CS","2022","Office of Gas and Electricity Markets","Heterosexual / straight","365","[c]","36620","30000"
"New entrant CS","2022","Office of Gas and Electricity Markets","LGBO","50","[c]","31890","25750"
"New entrant CS","2022","Office of Gas and Electricity Markets","Undeclared","35","[c]","36150","34240"
"New entrant CS","2022","Office of Gas and Electricity Markets","Unknown","5","[c]","[c]","[c]"
"New entrant CS","2022","Office of Qualifications and Examinations Regulation","Heterosexual / straight","45","[c]","38620","38000"
"New entrant CS","2022","Office of Qualifications and Examinations Regulation","LGBO","[c]","[c]","[c]","[c]"
"New entrant CS","2022","Office of Qualifications and Examinations Regulation","Undeclared","10","[c]","[c]","[c]"
"New entrant CS","2022","Office of Qualifications and Examinations Regulation","Unknown","10","[c]","[c]","[c]"
"New entrant CS","2022","Office of Rail and Road","Heterosexual / straight","35","[c]","44520","42670"
"New entrant CS","2022","Office of Rail and Road","LGBO","[c]","[c]","[c]","[c]"
"New entrant CS","2022","Office of Rail and Road","Undeclared","5","[c]","[c]","[c]"
"New entrant CS","2022","Office of the Secretary of State for Scotland","Heterosexual / straight","[c]","[c]","[c]","[c]"
"New entrant CS","2022","Office of the Secretary of State for Scotland","LGBO","[c]","[c]","[c]","[c]"
"New entrant CS","2022","Office of the Secretary of State for Scotland","Unknown","15","[c]","[c]","[c]"
"New entrant CS","2022","Office of the Secretary of State for Wales","Heterosexual / straight","[c]","[c]","[c]","[c]"
"New entrant CS","2022","Office of the Secretary of State for Wales","LGBO","[c]","[c]","[c]","[c]"
"New entrant CS","2022","Office of the Secretary of State for Wales","Undeclared","[c]","[c]","[c]","[c]"
"New entrant CS","2022","Office of the Secretary of State for Wales","Unknown","[c]","[c]","[c]","[c]"
"New entrant CS","2022","Scottish Government","Heterosexual / straight","2140","[c]","30220","27230"
"New entrant CS","2022","Scottish Government","LGBO","320","[c]","29450","27230"
"New entrant CS","2022","Scottish Government","Undeclared","140","[c]","30880","27230"
"New entrant CS","2022","Scottish Government","Unknown","1905","[c]","29190","27230"
"New entrant CS","2022","The National Archives","Heterosexual / straight","55","[c]","34170","29200"
"New entrant CS","2022","The National Archives","LGBO","15","[c]","[c]","[c]"
"New entrant CS","2022","The National Archives","Undeclared","20","[c]","[c]","[c]"
"New entrant CS","2022","The National Archives","Unknown","5","[c]","[c]","[c]"
"New entrant CS","2022","UK Export Finance","Heterosexual / straight","105","[c]","43380","37910"
"New entrant CS","2022","UK Export Finance","LGBO","10","[c]","[c]","[c]"
"New entrant CS","2022","UK Export Finance","Undeclared","5","[c]","[c]","[c]"
"New entrant CS","2022","UK Export Finance","Unknown","[c]","[c]","[c]","[c]"
"New entrant CS","2022","UK Statistics Authority","Heterosexual / straight","745","[c]","29560","30210"
"New entrant CS","2022","UK Statistics Authority","LGBO","80","[c]","30020","30710"
"New entrant CS","2022","UK Statistics Authority","Undeclared","70","[c]","30880","30710"
"New entrant CS","2022","UK Statistics Authority","Unknown","120","[c]","25760","19860"
"New entrant CS","2022","UK Supreme Court","Heterosexual / straight","5","[c]","[c]","[c]"
"New entrant CS","2022","UK Supreme Court","LGBO","[c]","[c]","[c]","[c]"
"New entrant CS","2022","UK Supreme Court","Undeclared","[c]","[c]","[c]","[c]"
"New entrant CS","2022","UK Supreme Court","Unknown","10","[c]","[c]","[c]"
"New entrant CS","2022","Water Services Regulation Authority","Heterosexual / straight","35","[c]","46040","38000"
"New entrant CS","2022","Water Services Regulation Authority","LGBO","5","[c]","[c]","[c]"
"New entrant CS","2022","Water Services Regulation Authority","Undeclared","5","[c]","[c]","[c]"
"New entrant CS","2022","Water Services Regulation Authority","Unknown","10","[c]","[c]","[c]"
"New entrant CS","2022","Welsh Government","Heterosexual / straight","275","[c]","36000","31210"
"New entrant CS","2022","Welsh Government","LGBO","25","[c]","[c]","[c]"
"New entrant CS","2022","Welsh Government","Undeclared","25","[c]","[c]","[c]"
"New entrant CS","2022","Welsh Government","Unknown","40","[c]","30580","31210"
"Notes","Summary figures are suppressed when information relates to less than 5 civil servants for FTE or Headcount, and less than 10 civil servants for median and mean salary (shown as [c]). Zero responses and salaries for less than 30 civil servants have been suppressed for GPDR special category data. FTE figures are not shown for entrants or leavers due to data quality concerns for these groups. Figures are rounded to the nearest 5, or 10 as appropriate.","","","","","",""
"Data source","All figures are aggregated from the Cabinet Office Annual Civil Service Employment Survey collection. https://www.gov.uk/government/collections/civil-service-statistics","","","","","",""
"Version","Generated on 2023-02-14, with GIT 71a76ea.","","","","","",""
"Data column","Description","","","","","",""
"Status","Employment status of the civil servants.","","","","","",""
"","In post - includes staff that were in post on the reference date (31 March).","","","","","",""
"","New entrant CS - includes new entrants to the Civil Service over the year (1 April to 31 March).","","","","","",""
"","Leaver CS - includes leavers from the Civil Service over the year (1 April to 31 March). This includes employees who have an Unknown leaving cause.","","","","","",""
"","Leaver Dept. - includes leavers from the department over the year (1 April to 31 March), who did not leave the Civil Service.","","","","","",""
"","Five organisations do not report when their employees first entered the Civil Service and so entrants data for these organisations is not available . These are as follows: Foreign Commonwealth and Development Office (excl. agencies), Foreign Commonwealth and Development Office Services, Defence Electronics and Components Agency, Scottish Forestry and Forest and Land Scotland. A further three organisations also could not provide entrants data in 2021. These are as follows: Department for International Development, Foreign and Commonwealth Office (excl. agencies) and Royal Fleet Auxiliary.","","","","","",""
"","Organisation specific notes on status: In late June 2021 around 7,000 employees from Community Rehabilitation Companies were transferred in from the private sector to HM Prison and Probation Service, counting as entrants. HM Land Registry do not record where their departing employees transfer to and so are unable to identify those that transfer to another Civil Service department.","","","","","",""
"Year","Year of data collection (as at 31 March).","","","","","",""
"Parent_department","Government Department, total figures for both Ministerial and Non-Ministerial Departments include all of their Executive Agencies.","","","","","",""
"","On 30 September 2021, the Ministry for Housing, Communities and Local Government changed its name to the Department for Levelling Up, Housing and Communities.","","","","","",""
"Sexual_orientation","Self reported sexual orientation.","","","","","",""
"","""Undeclared"" accounts for employees who have actively declared that they do not want to disclose their sexual orientation and ""Unknown"" accounts for employees who have not made an active declaration about their sexual orientation.","","","","","",""
"Headcount","Total number of civil servants (rounded to nearest 5).","","","","","",""
"FTE","Total full-time equivalent (FTE) employment numbers (rounded to nearest 5).","","","","","",""
"","FTE figures are not shown for entrants or leavers due to data quality concerns for these groups.","","","","","",""
"Mean_salary","Average salary (mean, rounded to nearest 10). For part-time employees, salaries represent the full-time equivalent earnings, while for full-time employees they are the actual annual gross salaries.","","","","","",""
"","These figures should be interpreted with caution when the total number of employees in a group is small, as they will tend to show more variability than larger groups (i.e. may be much higher or lower than can be explained by the data shown).","","","","","",""
"Median_salary","Median salary (rounded to nearest 10). For part-time employees, salaries represent the full-time equivalent earnings, while for full-time employees they are the actual annual gross salaries.","","","","","",""
"","These figures should be interpreted with caution when the total number of employees in a group is small, as they will tend to show more variability than larger groups (i.e. may be much higher or lower than can be explained by the data shown).","","","","","",""
