"Status","Year","Organisation","Parent_department","Headcount","FTE","Mean_salary","Median_salary"
"In post","2022","Accountant in Bankruptcy","Scottish Government","110","100","32650","30040"
"In post","2022","Advisory, Conciliation and Arbitration Service","Department for Business, Energy and Industrial Strategy","1030","955","33290","30950"
"In post","2022","Animal and Plant Health Agency","Department for Environment, Food and Rural Affairs","2910","2755","30550","27960"
"In post","2022","Attorney General's Office","Attorney General's Departments","45","45","51580","51250"
"In post","2022","Cabinet Office (excl. agencies)","Cabinet Office","9930","9745","47220","40600"
"In post","2022","Centre for Environment, Fisheries and Aquaculture Science","Department for Environment, Food and Rural Affairs","650","615","34110","30220"
"In post","2022","Charity Commission","Charity Commission","465","440","34000","29160"
"In post","2022","Companies House","Department for Business, Energy and Industrial Strategy","1175","1090","30980","25100"
"In post","2022","Competition and Markets Authority","Competition and Markets Authority","860","835","61280","57000"
"In post","2022","Criminal Injuries Compensation Authority","Ministry of Justice","320","300","27600","25120"
"In post","2022","Crown Commercial Service","Cabinet Office","810","790","40080","38600"
"In post","2022","Crown Office and Procurator Fiscal Service","Scottish Government","2350","2210","36710","31540"
"In post","2022","Crown Prosecution Service","Attorney General's Departments","7040","6565","41400","38000"
"In post","2022","Defence Electronics and Components Agency","Ministry of Defence","435","420","29380","29470"
"In post","2022","Defence Equipment and Support","Ministry of Defence","10745","10355","36770","34000"
"In post","2022","Defence Science and Technology Laboratory","Ministry of Defence","4655","4485","41080","38110"
"In post","2022","Department for Business, Energy and Industrial Strategy (excl. agencies)","Department for Business, Energy and Industrial Strategy","6010","5880","48830","49080"
"In post","2022","Department for Digital, Culture, Media and Sport","Department for Digital, Culture, Media and Sport","2010","1980","46970","51730"
"In post","2022","Department for Education (excl. agencies)","Department for Education","6300","6075","44190","40300"
"In post","2022","Department for Environment, Food and Rural Affairs (excl. agencies)","Department for Environment, Food and Rural Affairs","6490","6265","42030","38060"
"In post","2022","Department for International Trade","Department for International Trade","2880","2850","46590","42310"
"In post","2022","Department for Levelling Up, Housing and Communities (excl. agencies)","Department for Levelling Up, Housing and Communities","3310","3230","45690","40600"
"In post","2022","Department for Transport (excl. agencies)","Department for Transport","3665","3570","48480","43360"
"In post","2022","Department for Work and Pensions (excl. agencies)","Department for Work and Pensions","91450","82100","28080","27570"
"In post","2022","Department of Health and Social Care (excl. agencies)","Department of Health and Social Care","4075","3940","47460","43480"
"In post","2022","Disclosure Scotland","Scottish Government","355","335","29150","23230"
"In post","2022","Driver and Vehicle Licensing Agency","Department for Transport","6360","5640","26330","21840"
"In post","2022","Driver and Vehicle Standards Agency","Department for Transport","4925","4645","29590","26830"
"In post","2022","Education and Skills Funding Agency","Department for Education","1905","1840","41390","36960"
"In post","2022","Education Scotland","Scottish Government","330","320","57430","62170"
"In post","2022","Estyn","Estyn","115","105","59220","75480"
"In post","2022","FCDO Services","Foreign, Commonwealth and Development Office","1085","1040","40200","37480"
"In post","2022","Food Standards Agency","Food Standards Agency","1455","1415","37600","32830"
"In post","2022","Food Standards Scotland","Scottish Government","305","295","35950","31540"
"In post","2022","Foreign, Commonwealth and Development Office (excl. agencies)","Foreign, Commonwealth and Development Office","7075","6940","49220","48400"
"In post","2022","Forestry and Land Scotland","Scottish Government","1015","980","32880","31060"
"In post","2022","Government Actuary's Department","Chancellor's other departments","225","210","65910","57250"
"In post","2022","Government Internal Audit Agency","HM Treasury","455","430","48780","46370"
"In post","2022","Government Legal Department","Attorney General's Departments","2630","2450","54200","51830"
"In post","2022","Government Property Agency","Cabinet Office","310","305","50830","49700"
"In post","2022","Health and Safety Executive","Department for Work and Pensions","2705","2555","42780","39500"
"In post","2022","HM Courts and Tribunals Service","Ministry of Justice","16110","14605","26770","23720"
"In post","2022","HM Crown Prosecution Service Inspectorate","Attorney General's Departments","30","30","58800","58020"
"In post","2022","HM Land Registry","HM Land Registry","6635","6040","31310","27130"
"In post","2022","HM Prison and Probation Service","Ministry of Justice","61710","58160","30330","28200"
"In post","2022","HM Revenue and Customs (excl. agencies)","HM Revenue and Customs","67505","62710","33310","30750"
"In post","2022","HM Treasury (excl. agencies)","HM Treasury","2110","2065","47470","49500"
"In post","2022","Home Office","Home Office","36535","34230","32660","28650"
"In post","2022","Institute for Apprenticeships and Technical Education","Department for Education","280","275","48740","49960"
"In post","2022","Intellectual Property Office","Department for Business, Energy and Industrial Strategy","1715","1620","38380","32100"
"In post","2022","Legal Aid Agency","Ministry of Justice","1165","1090","30010","25120"
"In post","2022","Maritime and Coastguard Agency","Department for Transport","1235","1200","37390","34040"
"In post","2022","Medicines and Healthcare Products Regulatory Agency","Department of Health and Social Care","1130","1095","49200","42160"
"In post","2022","Met Office","Department for Business, Energy and Industrial Strategy","2165","2060","39640","39650"
"In post","2022","Ministry of Defence (excl. agencies)","Ministry of Defence","37375","36110","32920","29250"
"In post","2022","Ministry of Justice (excl. agencies)","Ministry of Justice","6160","6005","43140","41100"
"In post","2022","National Crime Agency","National Crime Agency","5545","5405","40690","37860"
"In post","2022","National Infrastructure Commission","HM Treasury","50","45","53740","52360"
"In post","2022","National Records of Scotland","Scottish Government","455","430","36140","33070"
"In post","2022","National Savings and Investments","Chancellor's other departments","200","200","50940","46110"
"In post","2022","Northern Ireland Office","Northern Ireland Office","175","175","46380","41750"
"In post","2022","Office for Budget Responsibility","HM Treasury","40","40","51460","52530"
"In post","2022","Office for Standards in Education, Children's Services and Skills","Office for Standards in Education, Children's Services and Skills","1830","1760","50310","51360"
"In post","2022","Office of Gas and Electricity Markets","Office of Gas and Electricity Markets","1350","1325","43480","37120"
"In post","2022","Office of Qualifications and Examinations Regulation","Office of Qualifications and Examinations Regulation","290","280","44640","40190"
"In post","2022","Office of Rail and Road","Office of Rail and Road","350","335","54060","54890"
"In post","2022","Office of the Public Guardian","Ministry of Justice","1435","1320","24010","20970"
"In post","2022","Office of the Scottish Charity Regulator","Scottish Government","40","40","38210","31540"
"In post","2022","Office of the Secretary of State for Scotland (incl. Office of the Advocate General for Scotland)","Office of the Secretary of State for Scotland","120","115","48480","47490"
"In post","2022","Office of the Secretary of State for Wales","Office of the Secretary of State for Wales","45","45","44720","38570"
"In post","2022","Planning Inspectorate","Department for Levelling Up, Housing and Communities","805","730","43070","41020"
"In post","2022","Queen Elizabeth II Centre","Department for Levelling Up, Housing and Communities","45","40","41240","37470"
"In post","2022","Registers of Scotland","Scottish Government","1180","1135","33920","30840"
"In post","2022","Revenue Scotland","Scottish Government","75","75","39500","36130"
"In post","2022","Royal Fleet Auxiliary","Ministry of Defence","1760","1760","37450","34160"
"In post","2022","Rural Payments Agency","Department for Environment, Food and Rural Affairs","2565","2360","26130","21300"
"In post","2022","Scottish Courts and Tribunals Service","Scottish Government","1920","1755","28590","23780"
"In post","2022","Scottish Fiscal Commission","Scottish Government","25","25","46010","39660"
"In post","2022","Scottish Forestry","Scottish Government","190","180","36060","31060"
"In post","2022","Scottish Government (excl. agencies)","Scottish Government","8845","8495","44110","39660"
"In post","2022","Scottish Housing Regulator","Scottish Government","50","50","53340","51490"
"In post","2022","Scottish Prison Service","Scottish Government","4560","4275","32780","35000"
"In post","2022","Scottish Public Pensions Agency","Scottish Government","310","285","30300","25930"
"In post","2022","Serious Fraud Office","Attorney General's Departments","460","445","47240","41370"
"In post","2022","Social Security Scotland","Scottish Government","2445","2375","30730","27230"
"In post","2022","Standards and Testing Agency","Department for Education","130","125","41970","40780"
"In post","2022","Student Awards Agency for Scotland","Scottish Government","230","220","31560","27230"
"In post","2022","Submarine Delivery Agency","Ministry of Defence","1950","1905","41060","39110"
"In post","2022","Teaching Regulation Agency","Department for Education","80","80","30800","26000"
"In post","2022","The Insolvency Service","Department for Business, Energy and Industrial Strategy","1720","1635","33110","29610"
"In post","2022","The National Archives","The National Archives","575","555","35710","33500"
"In post","2022","Transport Scotland","Scottish Government","525","510","45450","43000"
"In post","2022","UK Debt Management Office","HM Treasury","115","115","58090","51220"
"In post","2022","UK Export Finance","UK Export Finance","495","490","52780","48000"
"In post","2022","UK Health Security Agency","Department of Health and Social Care","6605","6160","43120","37450"
"In post","2022","UK Hydrographic Office","Ministry of Defence","910","870","35350","33290"
"In post","2022","UK Space Agency","Department for Business, Energy and Industrial Strategy","260","260","45940","40220"
"In post","2022","UK Statistics Authority","UK Statistics Authority","5885","5270","33790","30710"
"In post","2022","UK Supreme Court","UK Supreme Court","50","50","38660","31960"
"In post","2022","Valuation Office Agency","HM Revenue and Customs","3860","3620","34990","31630"
"In post","2022","Vehicle Certification Agency","Department for Transport","205","195","35960","34290"
"In post","2022","Veterinary Medicines Directorate","Department for Environment, Food and Rural Affairs","170","170","40360","38750"
"In post","2022","Water Services Regulation Authority","Water Services Regulation Authority","260","250","54620","48720"
"In post","2022","Welsh Government (excl. agencies)","Welsh Government","5885","5565","41930","38160"
"In post","2022","Welsh Revenue Authority","Welsh Government","80","80","43900","40100"
"In post","2022","Wilton Park","Foreign, Commonwealth and Development Office","80","75","34680","30700"
"Leaver CS","2022","Accountant in Bankruptcy","Scottish Government","[c]","[c]","[c]","[c]"
"Leaver CS","2022","Advisory, Conciliation and Arbitration Service","Department for Business, Energy and Industrial Strategy","65","[c]","32450","30550"
"Leaver CS","2022","Animal and Plant Health Agency","Department for Environment, Food and Rural Affairs","275","[c]","29600","24920"
"Leaver CS","2022","Attorney General's Office","Attorney General's Departments","[c]","[c]","[c]","[c]"
"Leaver CS","2022","Cabinet Office (excl. agencies)","Cabinet Office","720","[c]","50760","43060"
"Leaver CS","2022","Centre for Environment, Fisheries and Aquaculture Science","Department for Environment, Food and Rural Affairs","45","[c]","33880","30220"
"Leaver CS","2022","Charity Commission","Charity Commission","60","[c]","35540","29230"
"Leaver CS","2022","Companies House","Department for Business, Energy and Industrial Strategy","85","[c]","30240","24500"
"Leaver CS","2022","Competition and Markets Authority","Competition and Markets Authority","95","[c]","52500","53530"
"Leaver CS","2022","Criminal Injuries Compensation Authority","Ministry of Justice","10","[c]","[c]","[c]"
"Leaver CS","2022","Crown Commercial Service","Cabinet Office","80","[c]","38300","35940"
"Leaver CS","2022","Crown Office and Procurator Fiscal Service","Scottish Government","110","[c]","33410","23230"
"Leaver CS","2022","Crown Prosecution Service","Attorney General's Departments","415","[c]","40520","38000"
"Leaver CS","2022","Defence Electronics and Components Agency","Ministry of Defence","25","[c]","[c]","[c]"
"Leaver CS","2022","Defence Equipment and Support","Ministry of Defence","890","[c]","33430","30420"
"Leaver CS","2022","Defence Science and Technology Laboratory","Ministry of Defence","305","[c]","36490","36160"
"Leaver CS","2022","Department for Business, Energy and Industrial Strategy (excl. agencies)","Department for Business, Energy and Industrial Strategy","310","[c]","46290","40220"
"Leaver CS","2022","Department for Digital, Culture, Media and Sport","Department for Digital, Culture, Media and Sport","155","[c]","41960","36000"
"Leaver CS","2022","Department for Education (excl. agencies)","Department for Education","360","[c]","40810","36500"
"Leaver CS","2022","Department for Environment, Food and Rural Affairs (excl. agencies)","Department for Environment, Food and Rural Affairs","435","[c]","[c]","[c]"
"Leaver CS","2022","Department for International Trade","Department for International Trade","220","[c]","[c]","[c]"
"Leaver CS","2022","Department for Levelling Up, Housing and Communities (excl. agencies)","Department for Levelling Up, Housing and Communities","165","[c]","43150","38300"
"Leaver CS","2022","Department for Transport (excl. agencies)","Department for Transport","235","[c]","45340","42470"
"Leaver CS","2022","Department for Work and Pensions (excl. agencies)","Department for Work and Pensions","8660","[c]","26990","27570"
"Leaver CS","2022","Department of Health and Social Care (excl. agencies)","Department of Health and Social Care","635","[c]","46940","47760"
"Leaver CS","2022","Disclosure Scotland","Scottish Government","10","[c]","27850","23230"
"Leaver CS","2022","Driver and Vehicle Licensing Agency","Department for Transport","420","[c]","24530","21840"
"Leaver CS","2022","Driver and Vehicle Standards Agency","Department for Transport","460","[c]","28500","26780"
"Leaver CS","2022","Education and Skills Funding Agency","Department for Education","75","[c]","46510","41620"
"Leaver CS","2022","Education Scotland","Scottish Government","35","[c]","58990","67550"
"Leaver CS","2022","Estyn","Estyn","10","[c]","68770","75480"
"Leaver CS","2022","FCDO Services","Foreign, Commonwealth and Development Office","75","[c]","44090","38680"
"Leaver CS","2022","Food Standards Agency","Food Standards Agency","80","[c]","34070","30810"
"Leaver CS","2022","Food Standards Scotland","Scottish Government","20","[c]","34710","31540"
"Leaver CS","2022","Foreign, Commonwealth and Development Office (excl. agencies)","Foreign, Commonwealth and Development Office","335","[c]","49120","48500"
"Leaver CS","2022","Forestry and Land Scotland","Scottish Government","120","[c]","29970","27360"
"Leaver CS","2022","Government Actuary's Department","Chancellor's other departments","25","[c]","52960","45570"
"Leaver CS","2022","Government Internal Audit Agency","HM Treasury","40","[c]","[c]","[c]"
"Leaver CS","2022","Government Legal Department","Attorney General's Departments","200","[c]","52250","51250"
"Leaver CS","2022","Government Property Agency","Cabinet Office","15","[c]","51230","52630"
"Leaver CS","2022","Health and Safety Executive","Department for Work and Pensions","205","[c]","40510","35910"
"Leaver CS","2022","HM Courts and Tribunals Service","Ministry of Justice","2045","[c]","23960","20970"
"Leaver CS","2022","HM Land Registry","HM Land Registry","405","[c]","32960","27130"
"Leaver CS","2022","HM Prison and Probation Service","Ministry of Justice","7190","[c]","32410","30160"
"Leaver CS","2022","HM Revenue and Customs (excl. agencies)","HM Revenue and Customs","4705","[c]","33040","28920"
"Leaver CS","2022","HM Treasury (excl. agencies)","HM Treasury","180","[c]","[c]","[c]"
"Leaver CS","2022","Home Office","Home Office","2090","[c]","31930","27370"
"Leaver CS","2022","Institute for Apprenticeships and Technical Education","Department for Education","15","[c]","46530","53680"
"Leaver CS","2022","Intellectual Property Office","Department for Business, Energy and Industrial Strategy","60","[c]","35070","27420"
"Leaver CS","2022","Legal Aid Agency","Ministry of Justice","50","[c]","24070","20970"
"Leaver CS","2022","Maritime and Coastguard Agency","Department for Transport","160","[c]","34910","30730"
"Leaver CS","2022","Medicines and Healthcare Products Regulatory Agency","Department of Health and Social Care","270","[c]","47740","40450"
"Leaver CS","2022","Met Office","Department for Business, Energy and Industrial Strategy","135","[c]","35020","35520"
"Leaver CS","2022","Ministry of Defence (excl. agencies)","Ministry of Defence","3380","[c]","31470","26930"
"Leaver CS","2022","Ministry of Justice (excl. agencies)","Ministry of Justice","425","[c]","41940","37500"
"Leaver CS","2022","National Crime Agency","National Crime Agency","320","[c]","42450","39840"
"Leaver CS","2022","National Infrastructure Commission","HM Treasury","5","[c]","[c]","[c]"
"Leaver CS","2022","National Records of Scotland","Scottish Government","40","[c]","34330","27940"
"Leaver CS","2022","National Savings and Investments","Chancellor's other departments","25","[c]","50030","45900"
"Leaver CS","2022","Northern Ireland Office","Northern Ireland Office","10","[c]","42970","41750"
"Leaver CS","2022","Office for Budget Responsibility","HM Treasury","[c]","[c]","[c]","[c]"
"Leaver CS","2022","Office for Standards in Education, Children's Services and Skills","Office for Standards in Education, Children's Services and Skills","185","[c]","52800","51360"
"Leaver CS","2022","Office of Gas and Electricity Markets","Office of Gas and Electricity Markets","235","[c]","45710","38280"
"Leaver CS","2022","Office of Qualifications and Examinations Regulation","Office of Qualifications and Examinations Regulation","30","[c]","50730","38000"
"Leaver CS","2022","Office of Rail and Road","Office of Rail and Road","35","[c]","51710","51590"
"Leaver CS","2022","Office of the Public Guardian","Ministry of Justice","65","[c]","22810","20970"
"Leaver CS","2022","Office of the Scottish Charity Regulator","Scottish Government","[c]","[c]","[c]","[c]"
"Leaver CS","2022","Office of the Secretary of State for Scotland (incl. Office of the Advocate General for Scotland)","Office of the Secretary of State for Scotland","10","[c]","[c]","[c]"
"Leaver CS","2022","Office of the Secretary of State for Wales","Office of the Secretary of State for Wales","5","[c]","[c]","[c]"
"Leaver CS","2022","Planning Inspectorate","Department for Levelling Up, Housing and Communities","70","[c]","41980","42380"
"Leaver CS","2022","Public Health England","Department of Health and Social Care","1515","[c]","43310","38200"
"Leaver CS","2022","Queen Elizabeth II Centre","Department for Levelling Up, Housing and Communities","5","[c]","[c]","[c]"
"Leaver CS","2022","Registers of Scotland","Scottish Government","30","[c]","34400","30760"
"Leaver CS","2022","Revenue Scotland","Scottish Government","5","[c]","[c]","[c]"
"Leaver CS","2022","Royal Fleet Auxiliary","Ministry of Defence","235","[c]","36010","33270"
"Leaver CS","2022","Rural Payments Agency","Department for Environment, Food and Rural Affairs","170","[c]","25340","21300"
"Leaver CS","2022","Scottish Courts and Tribunals Service","Scottish Government","165","[c]","29050","23780"
"Leaver CS","2022","Scottish Forestry","Scottish Government","20","[c]","39050","39050"
"Leaver CS","2022","Scottish Government (excl. agencies)","Scottish Government","415","[c]","41670","36130"
"Leaver CS","2022","Scottish Housing Regulator","Scottish Government","[c]","[c]","[c]","[c]"
"Leaver CS","2022","Scottish Prison Service","Scottish Government","340","[c]","32260","35000"
"Leaver CS","2022","Scottish Public Pensions Agency","Scottish Government","20","[c]","33860","28990"
"Leaver CS","2022","Serious Fraud Office","Attorney General's Departments","50","[c]","41290","39970"
"Leaver CS","2022","Social Security Scotland","Scottish Government","40","[c]","29520","27230"
"Leaver CS","2022","Standards and Testing Agency","Department for Education","[c]","[c]","[c]","[c]"
"Leaver CS","2022","Student Awards Agency for Scotland","Scottish Government","30","[c]","26500","21050"
"Leaver CS","2022","Submarine Delivery Agency","Ministry of Defence","140","[c]","38120","37670"
"Leaver CS","2022","Teaching Regulation Agency","Department for Education","[c]","[c]","[c]","[c]"
"Leaver CS","2022","The Insolvency Service","Department for Business, Energy and Industrial Strategy","95","[c]","32190","26000"
"Leaver CS","2022","The National Archives","The National Archives","65","[c]","31730","28460"
"Leaver CS","2022","Transport Scotland","Scottish Government","20","[c]","46330","39660"
"Leaver CS","2022","UK Debt Management Office","HM Treasury","15","[c]","51680","46010"
"Leaver CS","2022","UK Export Finance","UK Export Finance","45","[c]","52780","47000"
"Leaver CS","2022","UK Health Security Agency","Department of Health and Social Care","785","[c]","40590","36330"
"Leaver CS","2022","UK Hydrographic Office","Ministry of Defence","65","[c]","36890","34170"
"Leaver CS","2022","UK Space Agency","Department for Business, Energy and Industrial Strategy","90","[c]","[c]","[c]"
"Leaver CS","2022","UK Statistics Authority","UK Statistics Authority","580","[c]","28270","23630"
"Leaver CS","2022","UK Supreme Court","UK Supreme Court","20","[c]","35040","37230"
"Leaver CS","2022","Valuation Office Agency","HM Revenue and Customs","265","[c]","29190","24500"
"Leaver CS","2022","Vehicle Certification Agency","Department for Transport","15","[c]","39540","28980"
"Leaver CS","2022","Veterinary Medicines Directorate","Department for Environment, Food and Rural Affairs","15","[c]","47300","41220"
"Leaver CS","2022","Water Services Regulation Authority","Water Services Regulation Authority","45","[c]","52120","44000"
"Leaver CS","2022","Welsh Government (excl. agencies)","Welsh Government","245","[c]","42770","37410"
"Leaver CS","2022","Welsh Revenue Authority","Welsh Government","[c]","[c]","[c]","[c]"
"Leaver CS","2022","Wilton Park","Foreign, Commonwealth and Development Office","5","[c]","[c]","[c]"
"Leaver Dept.","2022","Advisory, Conciliation and Arbitration Service","Department for Business, Energy and Industrial Strategy","50","[c]","29390","24250"
"Leaver Dept.","2022","Animal and Plant Health Agency","Department for Environment, Food and Rural Affairs","45","[c]","27690","24920"
"Leaver Dept.","2022","Attorney General's Office","Attorney General's Departments","20","[c]","53960","61860"
"Leaver Dept.","2022","Cabinet Office (excl. agencies)","Cabinet Office","1825","[c]","42010","34550"
"Leaver Dept.","2022","Centre for Environment, Fisheries and Aquaculture Science","Department for Environment, Food and Rural Affairs","10","[c]","34780","33400"
"Leaver Dept.","2022","Charity Commission","Charity Commission","35","[c]","34950","35020"
"Leaver Dept.","2022","Companies House","Department for Business, Energy and Industrial Strategy","45","[c]","31550","31900"
"Leaver Dept.","2022","Competition and Markets Authority","Competition and Markets Authority","40","[c]","35770","28600"
"Leaver Dept.","2022","Criminal Injuries Compensation Authority","Ministry of Justice","20","[c]","24990","25120"
"Leaver Dept.","2022","Crown Commercial Service","Cabinet Office","40","[c]","41400","38980"
"Leaver Dept.","2022","Crown Office and Procurator Fiscal Service","Scottish Government","15","[c]","33640","23230"
"Leaver Dept.","2022","Crown Prosecution Service","Attorney General's Departments","110","[c]","33720","26970"
"Leaver Dept.","2022","Defence Equipment and Support","Ministry of Defence","435","[c]","34500","32120"
"Leaver Dept.","2022","Defence Science and Technology Laboratory","Ministry of Defence","70","[c]","39730","38070"
"Leaver Dept.","2022","Department for Business, Energy and Industrial Strategy (excl. agencies)","Department for Business, Energy and Industrial Strategy","580","[c]","45850","40050"
"Leaver Dept.","2022","Department for Digital, Culture, Media and Sport","Department for Digital, Culture, Media and Sport","210","[c]","44650","38020"
"Leaver Dept.","2022","Department for Education (excl. agencies)","Department for Education","425","[c]","43110","39780"
"Leaver Dept.","2022","Department for Environment, Food and Rural Affairs (excl. agencies)","Department for Environment, Food and Rural Affairs","380","[c]","[c]","[c]"
"Leaver Dept.","2022","Department for International Trade","Department for International Trade","220","[c]","[c]","[c]"
"Leaver Dept.","2022","Department for Levelling Up, Housing and Communities (excl. agencies)","Department for Levelling Up, Housing and Communities","310","[c]","41560","36340"
"Leaver Dept.","2022","Department for Transport (excl. agencies)","Department for Transport","310","[c]","43530","42470"
"Leaver Dept.","2022","Department for Work and Pensions (excl. agencies)","Department for Work and Pensions","3040","[c]","29770","27570"
"Leaver Dept.","2022","Department of Health and Social Care (excl. agencies)","Department of Health and Social Care","1305","[c]","50840","49530"
"Leaver Dept.","2022","Disclosure Scotland","Scottish Government","[c]","[c]","[c]","[c]"
"Leaver Dept.","2022","Driver and Vehicle Licensing Agency","Department for Transport","150","[c]","28950","26470"
"Leaver Dept.","2022","Driver and Vehicle Standards Agency","Department for Transport","140","[c]","30790","27570"
"Leaver Dept.","2022","Education and Skills Funding Agency","Department for Education","60","[c]","37130","36500"
"Leaver Dept.","2022","Estyn","Estyn","[c]","[c]","[c]","[c]"
"Leaver Dept.","2022","FCDO Services","Foreign, Commonwealth and Development Office","[c]","[c]","[c]","[c]"
"Leaver Dept.","2022","Food Standards Agency","Food Standards Agency","65","[c]","41180","39390"
"Leaver Dept.","2022","Food Standards Scotland","Scottish Government","[c]","[c]","[c]","[c]"
"Leaver Dept.","2022","Foreign, Commonwealth and Development Office (excl. agencies)","Foreign, Commonwealth and Development Office","415","[c]","43970","39630"
"Leaver Dept.","2022","Forestry and Land Scotland","Scottish Government","10","[c]","42890","37490"
"Leaver Dept.","2022","Government Actuary's Department","Chancellor's other departments","[c]","[c]","[c]","[c]"
"Leaver Dept.","2022","Government Internal Audit Agency","HM Treasury","10","[c]","[c]","[c]"
"Leaver Dept.","2022","Government Legal Department","Attorney General's Departments","95","[c]","48220","51250"
"Leaver Dept.","2022","Government Property Agency","Cabinet Office","15","[c]","51650","41820"
"Leaver Dept.","2022","Health and Safety Executive","Department for Work and Pensions","65","[c]","37170","31990"
"Leaver Dept.","2022","HM Courts and Tribunals Service","Ministry of Justice","535","[c]","26510","22680"
"Leaver Dept.","2022","HM Crown Prosecution Service Inspectorate","Attorney General's Departments","[c]","[c]","[c]","[c]"
"Leaver Dept.","2022","HM Prison and Probation Service","Ministry of Justice","570","[c]","[c]","[c]"
"Leaver Dept.","2022","HM Revenue and Customs (excl. agencies)","HM Revenue and Customs","1340","[c]","35440","33370"
"Leaver Dept.","2022","HM Treasury (excl. agencies)","HM Treasury","190","[c]","47430","40810"
"Leaver Dept.","2022","Home Office","Home Office","1400","[c]","35550","28990"
"Leaver Dept.","2022","Institute for Apprenticeships and Technical Education","Department for Education","15","[c]","48080","50620"
"Leaver Dept.","2022","Intellectual Property Office","Department for Business, Energy and Industrial Strategy","30","[c]","42740","37780"
"Leaver Dept.","2022","Legal Aid Agency","Ministry of Justice","50","[c]","29750","25120"
"Leaver Dept.","2022","Maritime and Coastguard Agency","Department for Transport","45","[c]","31280","26840"
"Leaver Dept.","2022","Medicines and Healthcare Products Regulatory Agency","Department of Health and Social Care","25","[c]","40330","37630"
"Leaver Dept.","2022","Met Office","Department for Business, Energy and Industrial Strategy","10","[c]","[c]","[c]"
"Leaver Dept.","2022","Ministry of Defence (excl. agencies)","Ministry of Defence","580","[c]","37450","33300"
"Leaver Dept.","2022","Ministry of Justice (excl. agencies)","Ministry of Justice","435","[c]","40690","36800"
"Leaver Dept.","2022","National Crime Agency","National Crime Agency","105","[c]","42890","39840"
"Leaver Dept.","2022","National Infrastructure Commission","HM Treasury","5","[c]","[c]","[c]"
"Leaver Dept.","2022","National Records of Scotland","Scottish Government","[c]","[c]","[c]","[c]"
"Leaver Dept.","2022","National Savings and Investments","Chancellor's other departments","[c]","[c]","[c]","[c]"
"Leaver Dept.","2022","Northern Ireland Office","Northern Ireland Office","20","[c]","48600","50700"
"Leaver Dept.","2022","Office for Budget Responsibility","HM Treasury","[c]","[c]","[c]","[c]"
"Leaver Dept.","2022","Office for Standards in Education, Children's Services and Skills","Office for Standards in Education, Children's Services and Skills","55","[c]","41450","35920"
"Leaver Dept.","2022","Office of Gas and Electricity Markets","Office of Gas and Electricity Markets","100","[c]","37050","31720"
"Leaver Dept.","2022","Office of Qualifications and Examinations Regulation","Office of Qualifications and Examinations Regulation","20","[c]","39520","38380"
"Leaver Dept.","2022","Office of Rail and Road","Office of Rail and Road","20","[c]","51070","44470"
"Leaver Dept.","2022","Office of the Public Guardian","Ministry of Justice","135","[c]","24200","21170"
"Leaver Dept.","2022","Office of the Secretary of State for Scotland (incl. Office of the Advocate General for Scotland)","Office of the Secretary of State for Scotland","10","[c]","43450","41750"
"Leaver Dept.","2022","Office of the Secretary of State for Wales","Office of the Secretary of State for Wales","10","[c]","36800","32600"
"Leaver Dept.","2022","Planning Inspectorate","Department for Levelling Up, Housing and Communities","65","[c]","39920","34860"
"Leaver Dept.","2022","Public Health England","Department of Health and Social Care","6495","[c]","43000","37470"
"Leaver Dept.","2022","Queen Elizabeth II Centre","Department for Levelling Up, Housing and Communities","[c]","[c]","[c]","[c]"
"Leaver Dept.","2022","Registers of Scotland","Scottish Government","15","[c]","38150","30840"
"Leaver Dept.","2022","Royal Fleet Auxiliary","Ministry of Defence","[c]","[c]","[c]","[c]"
"Leaver Dept.","2022","Rural Payments Agency","Department for Environment, Food and Rural Affairs","80","[c]","27120","24920"
"Leaver Dept.","2022","Scottish Courts and Tribunals Service","Scottish Government","30","[c]","31610","30450"
"Leaver Dept.","2022","Scottish Forestry","Scottish Government","10","[c]","[c]","[c]"
"Leaver Dept.","2022","Scottish Government (excl. agencies)","Scottish Government","30","[c]","47300","44800"
"Leaver Dept.","2022","Serious Fraud Office","Attorney General's Departments","45","[c]","43810","40270"
"Leaver Dept.","2022","Social Security Scotland","Scottish Government","15","[c]","30980","31540"
"Leaver Dept.","2022","Standards and Testing Agency","Department for Education","[c]","[c]","[c]","[c]"
"Leaver Dept.","2022","Student Awards Agency for Scotland","Scottish Government","[c]","[c]","[c]","[c]"
"Leaver Dept.","2022","Submarine Delivery Agency","Ministry of Defence","20","[c]","37390","37770"
"Leaver Dept.","2022","Teaching Regulation Agency","Department for Education","[c]","[c]","[c]","[c]"
"Leaver Dept.","2022","The Insolvency Service","Department for Business, Energy and Industrial Strategy","90","[c]","30230","24780"
"Leaver Dept.","2022","The National Archives","The National Archives","10","[c]","[c]","[c]"
"Leaver Dept.","2022","Transport Scotland","Scottish Government","[c]","[c]","[c]","[c]"
"Leaver Dept.","2022","UK Export Finance","UK Export Finance","15","[c]","43760","41000"
"Leaver Dept.","2022","UK Health Security Agency","Department of Health and Social Care","45","[c]","40410","36820"
"Leaver Dept.","2022","UK Hydrographic Office","Ministry of Defence","5","[c]","[c]","[c]"
"Leaver Dept.","2022","UK Statistics Authority","UK Statistics Authority","235","[c]","35440","30810"
"Leaver Dept.","2022","Valuation Office Agency","HM Revenue and Customs","60","[c]","31530","25500"
"Leaver Dept.","2022","Vehicle Certification Agency","Department for Transport","10","[c]","[c]","[c]"
"Leaver Dept.","2022","Veterinary Medicines Directorate","Department for Environment, Food and Rural Affairs","[c]","[c]","[c]","[c]"
"Leaver Dept.","2022","Water Services Regulation Authority","Water Services Regulation Authority","5","[c]","[c]","[c]"
"Leaver Dept.","2022","Welsh Government (excl. agencies)","Welsh Government","55","[c]","39940","36300"
"Leaver Dept.","2022","Welsh Revenue Authority","Welsh Government","5","[c]","[c]","[c]"
"Leaver Dept.","2022","Wilton Park","Foreign, Commonwealth and Development Office","[c]","[c]","[c]","[c]"
"New entrant CS","2022","Accountant in Bankruptcy","Scottish Government","5","[c]","[c]","[c]"
"New entrant CS","2022","Advisory, Conciliation and Arbitration Service","Department for Business, Energy and Industrial Strategy","60","[c]","26820","24250"
"New entrant CS","2022","Animal and Plant Health Agency","Department for Environment, Food and Rural Affairs","490","[c]","26060","24920"
"New entrant CS","2022","Attorney General's Office","Attorney General's Departments","[c]","[c]","[c]","[c]"
"New entrant CS","2022","Cabinet Office (excl. agencies)","Cabinet Office","1765","[c]","38650","28000"
"New entrant CS","2022","Centre for Environment, Fisheries and Aquaculture Science","Department for Environment, Food and Rural Affairs","90","[c]","26850","25460"
"New entrant CS","2022","Charity Commission","Charity Commission","90","[c]","28330","24440"
"New entrant CS","2022","Companies House","Department for Business, Energy and Industrial Strategy","170","[c]","28120","20100"
"New entrant CS","2022","Competition and Markets Authority","Competition and Markets Authority","135","[c]","45260","36000"
"New entrant CS","2022","Criminal Injuries Compensation Authority","Ministry of Justice","40","[c]","24700","20970"
"New entrant CS","2022","Crown Commercial Service","Cabinet Office","125","[c]","32820","30420"
"New entrant CS","2022","Crown Office and Procurator Fiscal Service","Scottish Government","415","[c]","26460","21050"
"New entrant CS","2022","Crown Prosecution Service","Attorney General's Departments","680","[c]","31460","25480"
"New entrant CS","2022","Defence Equipment and Support","Ministry of Defence","975","[c]","30680","27540"
"New entrant CS","2022","Defence Science and Technology Laboratory","Ministry of Defence","645","[c]","30280","27010"
"New entrant CS","2022","Department for Business, Energy and Industrial Strategy (excl. agencies)","Department for Business, Energy and Industrial Strategy","690","[c]","37660","33570"
"New entrant CS","2022","Department for Digital, Culture, Media and Sport","Department for Digital, Culture, Media and Sport","395","[c]","35500","34020"
"New entrant CS","2022","Department for Education (excl. agencies)","Department for Education","810","[c]","34620","30000"
"New entrant CS","2022","Department for Environment, Food and Rural Affairs (excl. agencies)","Department for Environment, Food and Rural Affairs","1805","[c]","37730","34710"
"New entrant CS","2022","Department for International Trade","Department for International Trade","435","[c]","36620","31800"
"New entrant CS","2022","Department for Levelling Up, Housing and Communities (excl. agencies)","Department for Levelling Up, Housing and Communities","605","[c]","35600","33210"
"New entrant CS","2022","Department for Transport (excl. agencies)","Department for Transport","735","[c]","42180","38650"
"New entrant CS","2022","Department for Work and Pensions (excl. agencies)","Department for Work and Pensions","10265","[c]","26230","27570"
"New entrant CS","2022","Department of Health and Social Care (excl. agencies)","Department of Health and Social Care","950","[c]","36950","32790"
"New entrant CS","2022","Disclosure Scotland","Scottish Government","65","[c]","24240","21050"
"New entrant CS","2022","Driver and Vehicle Licensing Agency","Department for Transport","665","[c]","21850","21840"
"New entrant CS","2022","Driver and Vehicle Standards Agency","Department for Transport","645","[c]","26370","26130"
"New entrant CS","2022","Education and Skills Funding Agency","Department for Education","180","[c]","33920","29360"
"New entrant CS","2022","Education Scotland","Scottish Government","50","[c]","49830","49860"
"New entrant CS","2022","Estyn","Estyn","10","[c]","69480","66900"
"New entrant CS","2022","Food Standards Agency","Food Standards Agency","200","[c]","33440","30350"
"New entrant CS","2022","Food Standards Scotland","Scottish Government","85","[c]","33020","31540"
"New entrant CS","2022","Government Actuary's Department","Chancellor's other departments","45","[c]","46390","45490"
"New entrant CS","2022","Government Internal Audit Agency","HM Treasury","30","[c]","45630","43330"
"New entrant CS","2022","Government Legal Department","Attorney General's Departments","320","[c]","40180","43920"
"New entrant CS","2022","Government Property Agency","Cabinet Office","80","[c]","46860","44000"
"New entrant CS","2022","Health and Safety Executive","Department for Work and Pensions","300","[c]","34110","29010"
"New entrant CS","2022","HM Courts and Tribunals Service","Ministry of Justice","1900","[c]","24230","20970"
"New entrant CS","2022","HM Crown Prosecution Service Inspectorate","Attorney General's Departments","[c]","[c]","[c]","[c]"
"New entrant CS","2022","HM Land Registry","HM Land Registry","510","[c]","27130","22600"
"New entrant CS","2022","HM Prison and Probation Service","Ministry of Justice","15195","[c]","26970","24800"
"New entrant CS","2022","HM Revenue and Customs (excl. agencies)","HM Revenue and Customs","8010","[c]","27040","26590"
"New entrant CS","2022","HM Treasury (excl. agencies)","HM Treasury","295","[c]","32920","28500"
"New entrant CS","2022","Home Office","Home Office","2570","[c]","29780","24880"
"New entrant CS","2022","Institute for Apprenticeships and Technical Education","Department for Education","60","[c]","41420","36570"
"New entrant CS","2022","Intellectual Property Office","Department for Business, Energy and Industrial Strategy","230","[c]","29050","24030"
"New entrant CS","2022","Legal Aid Agency","Ministry of Justice","85","[c]","22610","20970"
"New entrant CS","2022","Maritime and Coastguard Agency","Department for Transport","190","[c]","31410","26840"
"New entrant CS","2022","Medicines and Healthcare Products Regulatory Agency","Department of Health and Social Care","50","[c]","43590","32640"
"New entrant CS","2022","Met Office","Department for Business, Energy and Industrial Strategy","225","[c]","27900","24360"
"New entrant CS","2022","Ministry of Defence (excl. agencies)","Ministry of Defence","2855","[c]","30290","26350"
"New entrant CS","2022","Ministry of Justice (excl. agencies)","Ministry of Justice","735","[c]","35910","34260"
"New entrant CS","2022","National Crime Agency","National Crime Agency","515","[c]","36900","34140"
"New entrant CS","2022","National Infrastructure Commission","HM Treasury","15","[c]","45350","43000"
"New entrant CS","2022","National Records of Scotland","Scottish Government","75","[c]","36430","31540"
"New entrant CS","2022","National Savings and Investments","Chancellor's other departments","25","[c]","41600","43500"
"New entrant CS","2022","Northern Ireland Office","Northern Ireland Office","40","[c]","39360","36050"
"New entrant CS","2022","Office for Budget Responsibility","HM Treasury","10","[c]","[c]","[c]"
"New entrant CS","2022","Office for Standards in Education, Children's Services and Skills","Office for Standards in Education, Children's Services and Skills","240","[c]","49100","46360"
"New entrant CS","2022","Office of Gas and Electricity Markets","Office of Gas and Electricity Markets","455","[c]","35990","30000"
"New entrant CS","2022","Office of Qualifications and Examinations Regulation","Office of Qualifications and Examinations Regulation","65","[c]","37000","38000"
"New entrant CS","2022","Office of Rail and Road","Office of Rail and Road","45","[c]","43800","42670"
"New entrant CS","2022","Office of the Public Guardian","Ministry of Justice","215","[c]","22180","20970"
"New entrant CS","2022","Office of the Scottish Charity Regulator","Scottish Government","10","[c]","[c]","[c]"
"New entrant CS","2022","Office of the Secretary of State for Scotland (incl. Office of the Advocate General for Scotland)","Office of the Secretary of State for Scotland","15","[c]","34040","33540"
"New entrant CS","2022","Office of the Secretary of State for Wales","Office of the Secretary of State for Wales","10","[c]","27230","25120"
"New entrant CS","2022","Planning Inspectorate","Department for Levelling Up, Housing and Communities","75","[c]","32770","32780"
"New entrant CS","2022","Public Health England","Department of Health and Social Care","255","[c]","39660","35060"
"New entrant CS","2022","Queen Elizabeth II Centre","Department for Levelling Up, Housing and Communities","10","[c]","33050","31000"
"New entrant CS","2022","Registers of Scotland","Scottish Government","55","[c]","26690","22780"
"New entrant CS","2022","Revenue Scotland","Scottish Government","35","[c]","33690","29480"
"New entrant CS","2022","Royal Fleet Auxiliary","Ministry of Defence","155","[c]","20590","16190"
"New entrant CS","2022","Rural Payments Agency","Department for Environment, Food and Rural Affairs","540","[c]","21970","21300"
"New entrant CS","2022","Scottish Courts and Tribunals Service","Scottish Government","305","[c]","23810","22000"
"New entrant CS","2022","Scottish Fiscal Commission","Scottish Government","10","[c]","37530","31540"
"New entrant CS","2022","Scottish Government (excl. agencies)","Scottish Government","1450","[c]","35110","31540"
"New entrant CS","2022","Scottish Housing Regulator","Scottish Government","10","[c]","[c]","[c]"
"New entrant CS","2022","Scottish Prison Service","Scottish Government","395","[c]","23060","21640"
"New entrant CS","2022","Scottish Public Pensions Agency","Scottish Government","55","[c]","25580","24400"
"New entrant CS","2022","Serious Fraud Office","Attorney General's Departments","40","[c]","35810","31520"
"New entrant CS","2022","Social Security Scotland","Scottish Government","1395","[c]","27260","27230"
"New entrant CS","2022","Standards and Testing Agency","Department for Education","15","[c]","32010","31120"
"New entrant CS","2022","Student Awards Agency for Scotland","Scottish Government","40","[c]","26490","21050"
"New entrant CS","2022","Submarine Delivery Agency","Ministry of Defence","235","[c]","35400","32000"
"New entrant CS","2022","Teaching Regulation Agency","Department for Education","25","[c]","24430","25000"
"New entrant CS","2022","The Insolvency Service","Department for Business, Energy and Industrial Strategy","65","[c]","27610","23810"
"New entrant CS","2022","The National Archives","The National Archives","100","[c]","31970","28040"
"New entrant CS","2022","Transport Scotland","Scottish Government","55","[c]","35420","31540"
"New entrant CS","2022","UK Debt Management Office","HM Treasury","15","[c]","47060","45000"
"New entrant CS","2022","UK Export Finance","UK Export Finance","125","[c]","43010","39000"
"New entrant CS","2022","UK Health Security Agency","Department of Health and Social Care","2075","[c]","37080","32330"
"New entrant CS","2022","UK Hydrographic Office","Ministry of Defence","120","[c]","28500","24300"
"New entrant CS","2022","UK Space Agency","Department for Business, Energy and Industrial Strategy","20","[c]","45520","40050"
"New entrant CS","2022","UK Statistics Authority","UK Statistics Authority","1015","[c]","29230","30210"
"New entrant CS","2022","UK Supreme Court","UK Supreme Court","15","[c]","33290","37230"
"New entrant CS","2022","Valuation Office Agency","HM Revenue and Customs","500","[c]","26430","25000"
"New entrant CS","2022","Vehicle Certification Agency","Department for Transport","20","[c]","26070","21840"
"New entrant CS","2022","Veterinary Medicines Directorate","Department for Environment, Food and Rural Affairs","20","[c]","37790","38750"
"New entrant CS","2022","Water Services Regulation Authority","Water Services Regulation Authority","55","[c]","43600","36690"
"New entrant CS","2022","Welsh Government (excl. agencies)","Welsh Government","355","[c]","34770","31210"
"New entrant CS","2022","Welsh Revenue Authority","Welsh Government","10","[c]","29960","26340"
"New entrant CS","2022","Wilton Park","Foreign, Commonwealth and Development Office","15","[c]","30340","24300"
"Notes","Summary figures are suppressed when information relates to less than 5 civil servants for FTE or Headcount, and less than 10 civil servants for median and mean salary (shown as [c]). Zero responses and salaries for less than 30 civil servants have been suppressed for GPDR special category data. FTE figures are not shown for entrants or leavers due to data quality concerns for these groups. Figures are rounded to the nearest 5, or £10 as appropriate.","","","","","",""
"Data source","All figures are aggregated from the Cabinet Office Annual Civil Service Employment Survey collection. https://www.gov.uk/government/collections/civil-service-statistics","","","","","",""
"Version","Generated on 2023-02-14, with GIT 71a76ea.","","","","","",""
"Data column","Description","","","","","",""
"Status","Employment status of the civil servants.","","","","","",""
"","In post - includes staff that were in post on the reference date (31 March).","","","","","",""
"","New entrant CS - includes new entrants to the Civil Service over the year (1 April to 31 March).","","","","","",""
"","Leaver CS - includes leavers from the Civil Service over the year (1 April to 31 March). This includes employees who have an Unknown leaving cause.","","","","","",""
"","Leaver Dept. - includes leavers from the department over the year (1 April to 31 March), who did not leave the Civil Service.","","","","","",""
"","Five organisations do not report when their employees first entered the Civil Service and so entrants data for these organisations is not available . These are as follows: Foreign Commonwealth and Development Office (excl. agencies), Foreign Commonwealth and Development Office Services, Defence Electronics and Components Agency, Scottish Forestry and Forest and Land Scotland. A further three organisations also could not provide entrants data in 2021. These are as follows: Department for International Development, Foreign and Commonwealth Office (excl. agencies) and Royal Fleet Auxiliary.","","","","","",""
"","Organisation specific notes on status: In late June 2021 around 7,000 employees from Community Rehabilitation Companies were transferred in from the private sector to HM Prison and Probation Service, counting as entrants. HM Land Registry do not record where their departing employees transfer to and so are unable to identify those that transfer to another Civil Service department.","","","","","",""
"Year","Year of data collection (as at 31 March).","","","","","",""
"Parent_department","Government Department, total figures for both Ministerial and Non-Ministerial Departments include all of their Executive Agencies.","","","","","",""
"","On 30 September 2021, the Ministry for Housing, Communities and Local Government changed its name to the Department for Levelling Up, Housing and Communities.","","","","","",""
"Organisation","Executive Agencies, Ministerial and Non-Ministerial Departments, Crown Non-departmental Public Bodies.","","","","","",""
"","On 30 September 2021, the Ministry for Housing, Communities and Local Government changed it's name to the Department for Levelling Up, Housing and Communities.","","","","","",""
"","On 1 October 2021, Public Health England was dissolved and its staff were transferred into either the newly created UK Health Security Agency, the NHS or the Department for Health and Social Care (excl. agencies). In addition to this the DHSC have been offboarding Test and Trace staff as well as onboarding the former PHE staff onto their system and so caution should be advised when interpretting data at DHSC as they are currently undertaking data cleansing exercises. PHE only includes entrants and leavers up to 30 September 2021 and UKHSA only inlcudes entrants and leavers from 1 October to 31 March 2022.","","","","","",""
"Headcount","Total number of civil servants (rounded to nearest 5).","","","","","",""
"FTE","Total full-time equivalent (FTE) employment numbers (rounded to nearest 5).","","","","","",""
"","FTE figures are not shown for entrants or leavers due to data quality concerns for these groups.","","","","","",""
"Mean_salary","Average salary (mean, rounded to nearest £10). For part-time employees, salaries represent the full-time equivalent earnings, while for full-time employees they are the actual annual gross salaries.","","","","","",""
"","These figures should be interpreted with caution when the total number of employees in a group is small, as they will tend to show more variability than larger groups (i.e. may be much higher or lower than can be explained by the data shown).","","","","","",""
"Median_salary","Median salary (rounded to nearest £10). For part-time employees, salaries represent the full-time equivalent earnings, while for full-time employees they are the actual annual gross salaries.","","","","","",""
"","These figures should be interpreted with caution when the total number of employees in a group is small, as they will tend to show more variability than larger groups (i.e. may be much higher or lower than can be explained by the data shown).","","","","","",""
