"Status","Year","Region_ITL1","Sex","Sexual_orientation","Headcount","FTE","Mean_salary","Median_salary"
"In post","2022","East Midlands (England)","Female","Heterosexual / straight","9035","8155","30110","27570"
"In post","2022","East Midlands (England)","Female","LGBO","545","525","29820","27520"
"In post","2022","East Midlands (England)","Female","Undeclared","1110","995","30100","27570"
"In post","2022","East Midlands (England)","Female","Unknown","2360","2085","28120","26820"
"In post","2022","East Midlands (England)","Male","Heterosexual / straight","6660","6460","32060","27570"
"In post","2022","East Midlands (England)","Male","LGBO","410","395","30210","27570"
"In post","2022","East Midlands (England)","Male","Undeclared","890","845","32860","30450"
"In post","2022","East Midlands (England)","Male","Unknown","1985","1900","29650","27130"
"In post","2022","East Midlands (England)","Unknown","Heterosexual / straight","[c]","[c]","[c]","[c]"
"In post","2022","East Midlands (England)","Unknown","LGBO","[c]","[c]","[c]","[c]"
"In post","2022","East of England","Female","Heterosexual / straight","8830","8010","30410","27570"
"In post","2022","East of England","Female","LGBO","465","445","28910","27570"
"In post","2022","East of England","Female","Undeclared","1075","965","30660","27570"
"In post","2022","East of England","Female","Unknown","2105","1845","30170","27570"
"In post","2022","East of England","Male","Heterosexual / straight","7220","6995","32670","29670"
"In post","2022","East of England","Male","LGBO","355","350","31670","29060"
"In post","2022","East of England","Male","Undeclared","1080","1025","32890","31140"
"In post","2022","East of England","Male","Unknown","1800","1715","31730","29050"
"In post","2022","East of England","Unknown","Heterosexual / straight","[c]","[c]","[c]","[c]"
"In post","2022","East of England","Unknown","LGBO","[c]","[c]","[c]","[c]"
"In post","2022","London","Female","Heterosexual / straight","38400","36345","42870","37860"
"In post","2022","London","Female","LGBO","2475","2415","42890","38160"
"In post","2022","London","Female","Undeclared","5095","4790","42020","36720"
"In post","2022","London","Female","Unknown","11200","10585","41270","34770"
"In post","2022","London","Male","Heterosexual / straight","30315","29805","45680","40230"
"In post","2022","London","Male","LGBO","3125","3095","47170","42440"
"In post","2022","London","Male","Undeclared","4645","4525","46200","41520"
"In post","2022","London","Male","Unknown","9570","9395","44260","37930"
"In post","2022","London","Unknown","Heterosexual / straight","[c]","[c]","[c]","[c]"
"In post","2022","London","Unknown","LGBO","[c]","[c]","[c]","[c]"
"In post","2022","London","Unknown","Undeclared","[c]","[c]","[c]","[c]"
"In post","2022","North East (England)","Female","Heterosexual / straight","13235","11640","29210","26880"
"In post","2022","North East (England)","Female","LGBO","675","650","28840","26820"
"In post","2022","North East (England)","Female","Undeclared","1195","1020","28600","26130"
"In post","2022","North East (England)","Female","Unknown","4220","3565","26540","22080"
"In post","2022","North East (England)","Male","Heterosexual / straight","8870","8515","31910","27570"
"In post","2022","North East (England)","Male","LGBO","615","595","30800","27570"
"In post","2022","North East (England)","Male","Undeclared","1060","1005","32150","27570"
"In post","2022","North East (England)","Male","Unknown","3230","3070","29650","26820"
"In post","2022","North East (England)","Unknown","Heterosexual / straight","[c]","[c]","[c]","[c]"
"In post","2022","North East (England)","Unknown","LGBO","[c]","[c]","[c]","[c]"
"In post","2022","North West (England)","Female","Heterosexual / straight","25305","22890","30110","27570"
"In post","2022","North West (England)","Female","LGBO","1380","1325","29800","27540"
"In post","2022","North West (England)","Female","Undeclared","2570","2275","29400","27570"
"In post","2022","North West (England)","Female","Unknown","7665","6760","27750","25700"
"In post","2022","North West (England)","Male","Heterosexual / straight","17650","17090","32300","27570"
"In post","2022","North West (England)","Male","LGBO","1460","1430","31000","27570"
"In post","2022","North West (England)","Male","Undeclared","2205","2105","32290","27570"
"In post","2022","North West (England)","Male","Unknown","6075","5830","30320","27350"
"In post","2022","North West (England)","Unknown","Heterosexual / straight","[c]","[c]","[c]","[c]"
"In post","2022","North West (England)","Unknown","LGBO","[c]","[c]","[c]","[c]"
"In post","2022","North West (England)","Unknown","Undeclared","[c]","[c]","[c]","[c]"
"In post","2022","Northern Ireland","Female","Heterosexual / straight","1365","1255","30800","26820"
"In post","2022","Northern Ireland","Female","LGBO","55","55","28240","26820"
"In post","2022","Northern Ireland","Female","Undeclared","90","85","29790","26820"
"In post","2022","Northern Ireland","Female","Unknown","465","425","28030","24890"
"In post","2022","Northern Ireland","Male","Heterosexual / straight","1540","1505","29830","26590"
"In post","2022","Northern Ireland","Male","LGBO","70","70","28700","26590"
"In post","2022","Northern Ireland","Male","Undeclared","135","135","29820","27370"
"In post","2022","Northern Ireland","Male","Unknown","530","520","27700","24880"
"In post","2022","Northern Ireland","Unknown","Heterosexual / straight","[c]","[c]","[c]","[c]"
"In post","2022","Northern Ireland","Unknown","LGBO","[c]","[c]","[c]","[c]"
"In post","2022","Overseas","Female","Heterosexual / straight","990","980","49310","49370"
"In post","2022","Overseas","Female","LGBO","60","60","46430","44890"
"In post","2022","Overseas","Female","Undeclared","135","135","45290","40580"
"In post","2022","Overseas","Female","Unknown","325","320","49870","46600"
"In post","2022","Overseas","Male","Heterosexual / straight","1500","1495","49500","46990"
"In post","2022","Overseas","Male","LGBO","120","120","53120","53470"
"In post","2022","Overseas","Male","Undeclared","215","215","47490","42340"
"In post","2022","Overseas","Male","Unknown","335","335","51000","52430"
"In post","2022","Overseas","Unknown","Heterosexual / straight","[c]","[c]","[c]","[c]"
"In post","2022","Overseas","Unknown","LGBO","[c]","[c]","[c]","[c]"
"In post","2022","Scotland","Female","Heterosexual / straight","17320","15810","33380","27570"
"In post","2022","Scotland","Female","LGBO","1030","1000","32370","27570"
"In post","2022","Scotland","Female","Undeclared","1570","1390","31530","27570"
"In post","2022","Scotland","Female","Unknown","7760","6995","30890","27230"
"In post","2022","Scotland","Male","Heterosexual / straight","13515","13070","35270","31540"
"In post","2022","Scotland","Male","LGBO","1095","1070","33610","27570"
"In post","2022","Scotland","Male","Undeclared","1420","1365","34990","30840"
"In post","2022","Scotland","Male","Unknown","7300","7000","32750","29900"
"In post","2022","Scotland","Unknown","Heterosexual / straight","[c]","[c]","[c]","[c]"
"In post","2022","Scotland","Unknown","LGBO","[c]","[c]","[c]","[c]"
"In post","2022","South East (England)","Female","Heterosexual / straight","15530","14045","30960","27570"
"In post","2022","South East (England)","Female","LGBO","995","955","30580","28140"
"In post","2022","South East (England)","Female","Undeclared","1995","1800","31670","28570"
"In post","2022","South East (England)","Female","Unknown","3595","3185","30890","27570"
"In post","2022","South East (England)","Male","Heterosexual / straight","13630","13120","33270","30210"
"In post","2022","South East (England)","Male","LGBO","755","735","31860","28810"
"In post","2022","South East (England)","Male","Undeclared","2075","1970","34090","31880"
"In post","2022","South East (England)","Male","Unknown","4050","3845","34720","31020"
"In post","2022","South East (England)","Unknown","Heterosexual / straight","[c]","[c]","[c]","[c]"
"In post","2022","South East (England)","Unknown","LGBO","[c]","[c]","[c]","[c]"
"In post","2022","South West (England)","Female","Heterosexual / straight","15695","14270","32780","28900"
"In post","2022","South West (England)","Female","LGBO","920","885","30980","27570"
"In post","2022","South West (England)","Female","Undeclared","2015","1815","33760","31080"
"In post","2022","South West (England)","Female","Unknown","3710","3295","31880","27570"
"In post","2022","South West (England)","Male","Heterosexual / straight","16735","16310","36760","33300"
"In post","2022","South West (England)","Male","LGBO","845","825","33370","29230"
"In post","2022","South West (England)","Male","Undeclared","2550","2445","37900","36160"
"In post","2022","South West (England)","Male","Unknown","4250","4115","36220","32630"
"In post","2022","South West (England)","Unknown","Heterosexual / straight","[c]","[c]","[c]","[c]"
"In post","2022","South West (England)","Unknown","LGBO","[c]","[c]","[c]","[c]"
"In post","2022","Unknown","Female","Heterosexual / straight","480","445","32970","30330"
"In post","2022","Unknown","Female","LGBO","35","35","35670","32790"
"In post","2022","Unknown","Female","Undeclared","65","60","32330","27570"
"In post","2022","Unknown","Female","Unknown","445","430","33080","29250"
"In post","2022","Unknown","Male","Heterosexual / straight","385","375","35780","31060"
"In post","2022","Unknown","Male","LGBO","35","35","32750","27570"
"In post","2022","Unknown","Male","Undeclared","50","50","35230","31370"
"In post","2022","Unknown","Male","Unknown","1810","1805","37710","33570"
"In post","2022","Unknown","Unknown","Heterosexual / straight","[c]","[c]","[c]","[c]"
"In post","2022","Unknown","Unknown","LGBO","[c]","[c]","[c]","[c]"
"In post","2022","Wales","Female","Heterosexual / straight","15175","13720","31360","27570"
"In post","2022","Wales","Female","LGBO","780","750","30110","27370"
"In post","2022","Wales","Female","Undeclared","2170","1840","29080","25830"
"In post","2022","Wales","Female","Unknown","3590","3155","27860","24500"
"In post","2022","Wales","Male","Heterosexual / straight","10530","10215","34130","29430"
"In post","2022","Wales","Male","LGBO","810","790","32290","27570"
"In post","2022","Wales","Male","Undeclared","1875","1785","33300","29430"
"In post","2022","Wales","Male","Unknown","2960","2840","31570","27470"
"In post","2022","Wales","Unknown","Heterosexual / straight","[c]","[c]","[c]","[c]"
"In post","2022","Wales","Unknown","LGBO","[c]","[c]","[c]","[c]"
"In post","2022","Wales","Unknown","Undeclared","[c]","[c]","[c]","[c]"
"In post","2022","Wales","Unknown","Unknown","[c]","[c]","[c]","[c]"
"In post","2022","West Midlands (England)","Female","Heterosexual / straight","13265","12050","30440","27570"
"In post","2022","West Midlands (England)","Female","LGBO","650","620","29880","27130"
"In post","2022","West Midlands (England)","Female","Undeclared","1460","1300","29990","27570"
"In post","2022","West Midlands (England)","Female","Unknown","3795","3360","28970","26820"
"In post","2022","West Midlands (England)","Male","Heterosexual / straight","9465","9190","32540","27570"
"In post","2022","West Midlands (England)","Male","LGBO","570","555","31290","27570"
"In post","2022","West Midlands (England)","Male","Undeclared","1165","1110","32590","28800"
"In post","2022","West Midlands (England)","Male","Unknown","2800","2680","31450","27570"
"In post","2022","West Midlands (England)","Unknown","Heterosexual / straight","[c]","[c]","[c]","[c]"
"In post","2022","West Midlands (England)","Unknown","LGBO","[c]","[c]","[c]","[c]"
"In post","2022","Yorkshire and The Humber","Female","Heterosexual / straight","14965","13425","31630","27570"
"In post","2022","Yorkshire and The Humber","Female","LGBO","940","900","31370","27570"
"In post","2022","Yorkshire and The Humber","Female","Undeclared","1750","1555","31320","27570"
"In post","2022","Yorkshire and The Humber","Female","Unknown","3930","3500","30080","27130"
"In post","2022","Yorkshire and The Humber","Male","Heterosexual / straight","11615","11225","33280","28590"
"In post","2022","Yorkshire and The Humber","Male","LGBO","770","750","32610","28550"
"In post","2022","Yorkshire and The Humber","Male","Undeclared","1580","1515","33740","30980"
"In post","2022","Yorkshire and The Humber","Male","Unknown","3685","3540","31640","27570"
"In post","2022","Yorkshire and The Humber","Unknown","Heterosexual / straight","[c]","[c]","[c]","[c]"
"In post","2022","Yorkshire and The Humber","Unknown","LGBO","[c]","[c]","[c]","[c]"
"Leaver CS","2022","East Midlands (England)","Female","Heterosexual / straight","690","[c]","27820","26670"
"Leaver CS","2022","East Midlands (England)","Female","LGBO","55","[c]","[c]","[c]"
"Leaver CS","2022","East Midlands (England)","Female","Undeclared","85","[c]","25800","26400"
"Leaver CS","2022","East Midlands (England)","Female","Unknown","445","[c]","25700","21320"
"Leaver CS","2022","East Midlands (England)","Male","Heterosexual / straight","600","[c]","31190","27570"
"Leaver CS","2022","East Midlands (England)","Male","LGBO","30","[c]","[c]","[c]"
"Leaver CS","2022","East Midlands (England)","Male","Undeclared","70","[c]","30750","26830"
"Leaver CS","2022","East Midlands (England)","Male","Unknown","305","[c]","26300","26130"
"Leaver CS","2022","East Midlands (England)","Unknown","Heterosexual / straight","[c]","[c]","[c]","[c]"
"Leaver CS","2022","East Midlands (England)","Unknown","LGBO","[c]","[c]","[c]","[c]"
"Leaver CS","2022","East of England","Female","Heterosexual / straight","935","[c]","30230","27570"
"Leaver CS","2022","East of England","Female","LGBO","65","[c]","28380","27540"
"Leaver CS","2022","East of England","Female","Undeclared","105","[c]","29680","27370"
"Leaver CS","2022","East of England","Female","Unknown","280","[c]","31900","27570"
"Leaver CS","2022","East of England","Male","Heterosexual / straight","840","[c]","31910","27570"
"Leaver CS","2022","East of England","Male","LGBO","45","[c]","29220","27570"
"Leaver CS","2022","East of England","Male","Undeclared","90","[c]","36780","32400"
"Leaver CS","2022","East of England","Male","Unknown","315","[c]","31820","27570"
"Leaver CS","2022","East of England","Unknown","Heterosexual / straight","[c]","[c]","[c]","[c]"
"Leaver CS","2022","East of England","Unknown","LGBO","[c]","[c]","[c]","[c]"
"Leaver CS","2022","London","Female","Heterosexual / straight","2980","[c]","40060","33400"
"Leaver CS","2022","London","Female","LGBO","255","[c]","36380","31060"
"Leaver CS","2022","London","Female","Undeclared","585","[c]","38790","32330"
"Leaver CS","2022","London","Female","Unknown","1515","[c]","39790","31880"
"Leaver CS","2022","London","Male","Heterosexual / straight","2215","[c]","43620","36350"
"Leaver CS","2022","London","Male","LGBO","250","[c]","43320","37230"
"Leaver CS","2022","London","Male","Undeclared","470","[c]","44170","38470"
"Leaver CS","2022","London","Male","Unknown","1370","[c]","44150","36800"
"Leaver CS","2022","London","Unknown","Heterosexual / straight","[c]","[c]","[c]","[c]"
"Leaver CS","2022","London","Unknown","LGBO","[c]","[c]","[c]","[c]"
"Leaver CS","2022","London","Unknown","Undeclared","[c]","[c]","[c]","[c]"
"Leaver CS","2022","North East (England)","Female","Heterosexual / straight","680","[c]","28120","23780"
"Leaver CS","2022","North East (England)","Female","LGBO","45","[c]","26450","21260"
"Leaver CS","2022","North East (England)","Female","Undeclared","60","[c]","28190","22600"
"Leaver CS","2022","North East (England)","Female","Unknown","740","[c]","26580","21750"
"Leaver CS","2022","North East (England)","Male","Heterosexual / straight","470","[c]","28030","21680"
"Leaver CS","2022","North East (England)","Male","LGBO","30","[c]","[c]","[c]"
"Leaver CS","2022","North East (England)","Male","Undeclared","55","[c]","31180","21840"
"Leaver CS","2022","North East (England)","Male","Unknown","470","[c]","28730","24880"
"Leaver CS","2022","North East (England)","Unknown","Heterosexual / straight","[c]","[c]","[c]","[c]"
"Leaver CS","2022","North East (England)","Unknown","LGBO","[c]","[c]","[c]","[c]"
"Leaver CS","2022","North East (England)","Unknown","Undeclared","[c]","[c]","[c]","[c]"
"Leaver CS","2022","North West (England)","Female","Heterosexual / straight","1390","[c]","28580","25220"
"Leaver CS","2022","North West (England)","Female","LGBO","90","[c]","27600","26440"
"Leaver CS","2022","North West (England)","Female","Undeclared","150","[c]","28890","25310"
"Leaver CS","2022","North West (England)","Female","Unknown","925","[c]","26730","24440"
"Leaver CS","2022","North West (England)","Male","Heterosexual / straight","1065","[c]","30070","25880"
"Leaver CS","2022","North West (England)","Male","LGBO","95","[c]","28630","26370"
"Leaver CS","2022","North West (England)","Male","Undeclared","120","[c]","31390","27570"
"Leaver CS","2022","North West (England)","Male","Unknown","790","[c]","30410","26130"
"Leaver CS","2022","North West (England)","Unknown","Heterosexual / straight","[c]","[c]","[c]","[c]"
"Leaver CS","2022","North West (England)","Unknown","LGBO","[c]","[c]","[c]","[c]"
"Leaver CS","2022","Northern Ireland","Female","Heterosexual / straight","50","[c]","27800","24530"
"Leaver CS","2022","Northern Ireland","Female","LGBO","[c]","[c]","[c]","[c]"
"Leaver CS","2022","Northern Ireland","Female","Undeclared","5","[c]","[c]","[c]"
"Leaver CS","2022","Northern Ireland","Female","Unknown","55","[c]","[c]","[c]"
"Leaver CS","2022","Northern Ireland","Male","Heterosexual / straight","65","[c]","28550","22130"
"Leaver CS","2022","Northern Ireland","Male","LGBO","[c]","[c]","[c]","[c]"
"Leaver CS","2022","Northern Ireland","Male","Undeclared","5","[c]","[c]","[c]"
"Leaver CS","2022","Northern Ireland","Male","Unknown","70","[c]","[c]","[c]"
"Leaver CS","2022","Northern Ireland","Unknown","Heterosexual / straight","[c]","[c]","[c]","[c]"
"Leaver CS","2022","Northern Ireland","Unknown","LGBO","[c]","[c]","[c]","[c]"
"Leaver CS","2022","Overseas","Female","Heterosexual / straight","30","[c]","[c]","[c]"
"Leaver CS","2022","Overseas","Female","LGBO","[c]","[c]","[c]","[c]"
"Leaver CS","2022","Overseas","Female","Undeclared","[c]","[c]","[c]","[c]"
"Leaver CS","2022","Overseas","Female","Unknown","25","[c]","[c]","[c]"
"Leaver CS","2022","Overseas","Male","Heterosexual / straight","45","[c]","52080","45160"
"Leaver CS","2022","Overseas","Male","LGBO","[c]","[c]","[c]","[c]"
"Leaver CS","2022","Overseas","Male","Undeclared","10","[c]","[c]","[c]"
"Leaver CS","2022","Overseas","Male","Unknown","25","[c]","[c]","[c]"
"Leaver CS","2022","Overseas","Unknown","Heterosexual / straight","[c]","[c]","[c]","[c]"
"Leaver CS","2022","Overseas","Unknown","LGBO","[c]","[c]","[c]","[c]"
"Leaver CS","2022","Scotland","Female","Heterosexual / straight","740","[c]","30640","27570"
"Leaver CS","2022","Scotland","Female","LGBO","60","[c]","29570","27570"
"Leaver CS","2022","Scotland","Female","Undeclared","90","[c]","27820","23230"
"Leaver CS","2022","Scotland","Female","Unknown","1005","[c]","30010","26120"
"Leaver CS","2022","Scotland","Male","Heterosexual / straight","770","[c]","34280","27850"
"Leaver CS","2022","Scotland","Male","LGBO","55","[c]","31900","27070"
"Leaver CS","2022","Scotland","Male","Undeclared","100","[c]","33240","27990"
"Leaver CS","2022","Scotland","Male","Unknown","920","[c]","33040","28990"
"Leaver CS","2022","Scotland","Unknown","Heterosexual / straight","[c]","[c]","[c]","[c]"
"Leaver CS","2022","Scotland","Unknown","LGBO","[c]","[c]","[c]","[c]"
"Leaver CS","2022","South East (England)","Female","Heterosexual / straight","1410","[c]","29540","27570"
"Leaver CS","2022","South East (England)","Female","LGBO","120","[c]","27420","24370"
"Leaver CS","2022","South East (England)","Female","Undeclared","175","[c]","29120","27470"
"Leaver CS","2022","South East (England)","Female","Unknown","555","[c]","29020","24370"
"Leaver CS","2022","South East (England)","Male","Heterosexual / straight","1480","[c]","31390","27570"
"Leaver CS","2022","South East (England)","Male","LGBO","105","[c]","31320","27570"
"Leaver CS","2022","South East (England)","Male","Undeclared","195","[c]","33160","28260"
"Leaver CS","2022","South East (England)","Male","Unknown","525","[c]","31240","26680"
"Leaver CS","2022","South East (England)","Unknown","Heterosexual / straight","[c]","[c]","[c]","[c]"
"Leaver CS","2022","South East (England)","Unknown","LGBO","[c]","[c]","[c]","[c]"
"Leaver CS","2022","South West (England)","Female","Heterosexual / straight","1225","[c]","30980","27570"
"Leaver CS","2022","South West (England)","Female","LGBO","85","[c]","27260","26750"
"Leaver CS","2022","South West (England)","Female","Undeclared","190","[c]","32130","27570"
"Leaver CS","2022","South West (England)","Female","Unknown","405","[c]","29230","26060"
"Leaver CS","2022","South West (England)","Male","Heterosexual / straight","1395","[c]","34490","31950"
"Leaver CS","2022","South West (England)","Male","LGBO","80","[c]","30040","27570"
"Leaver CS","2022","South West (England)","Male","Undeclared","225","[c]","35680","35560"
"Leaver CS","2022","South West (England)","Male","Unknown","470","[c]","31420","27570"
"Leaver CS","2022","South West (England)","Unknown","Heterosexual / straight","[c]","[c]","[c]","[c]"
"Leaver CS","2022","South West (England)","Unknown","LGBO","[c]","[c]","[c]","[c]"
"Leaver CS","2022","Unknown","Female","Heterosexual / straight","220","[c]","26860","21840"
"Leaver CS","2022","Unknown","Female","LGBO","20","[c]","[c]","[c]"
"Leaver CS","2022","Unknown","Female","Undeclared","120","[c]","23520","21590"
"Leaver CS","2022","Unknown","Female","Unknown","265","[c]","30760","21840"
"Leaver CS","2022","Unknown","Male","Heterosexual / straight","170","[c]","32110","26670"
"Leaver CS","2022","Unknown","Male","LGBO","15","[c]","[c]","[c]"
"Leaver CS","2022","Unknown","Male","Undeclared","60","[c]","29610","26190"
"Leaver CS","2022","Unknown","Male","Unknown","370","[c]","36370","32700"
"Leaver CS","2022","Unknown","Unknown","Heterosexual / straight","[c]","[c]","[c]","[c]"
"Leaver CS","2022","Unknown","Unknown","LGBO","[c]","[c]","[c]","[c]"
"Leaver CS","2022","Wales","Female","Heterosexual / straight","640","[c]","29490","24630"
"Leaver CS","2022","Wales","Female","LGBO","35","[c]","[c]","[c]"
"Leaver CS","2022","Wales","Female","Undeclared","70","[c]","30940","26120"
"Leaver CS","2022","Wales","Female","Unknown","385","[c]","25670","21260"
"Leaver CS","2022","Wales","Male","Heterosexual / straight","560","[c]","34570","27570"
"Leaver CS","2022","Wales","Male","LGBO","50","[c]","32700","27130"
"Leaver CS","2022","Wales","Male","Undeclared","65","[c]","36770","30600"
"Leaver CS","2022","Wales","Male","Unknown","400","[c]","29330","26120"
"Leaver CS","2022","Wales","Unknown","Heterosexual / straight","[c]","[c]","[c]","[c]"
"Leaver CS","2022","Wales","Unknown","LGBO","[c]","[c]","[c]","[c]"
"Leaver CS","2022","West Midlands (England)","Female","Heterosexual / straight","845","[c]","30590","27570"
"Leaver CS","2022","West Midlands (England)","Female","LGBO","70","[c]","29390","26850"
"Leaver CS","2022","West Midlands (England)","Female","Undeclared","100","[c]","31190","27570"
"Leaver CS","2022","West Midlands (England)","Female","Unknown","495","[c]","29350","24890"
"Leaver CS","2022","West Midlands (England)","Male","Heterosexual / straight","660","[c]","31820","27570"
"Leaver CS","2022","West Midlands (England)","Male","LGBO","40","[c]","28340","27570"
"Leaver CS","2022","West Midlands (England)","Male","Undeclared","85","[c]","29400","27570"
"Leaver CS","2022","West Midlands (England)","Male","Unknown","430","[c]","31260","26130"
"Leaver CS","2022","West Midlands (England)","Unknown","Heterosexual / straight","[c]","[c]","[c]","[c]"
"Leaver CS","2022","West Midlands (England)","Unknown","LGBO","[c]","[c]","[c]","[c]"
"Leaver CS","2022","Yorkshire and The Humber","Female","Heterosexual / straight","1055","[c]","29570","27570"
"Leaver CS","2022","Yorkshire and The Humber","Female","LGBO","90","[c]","28980","27130"
"Leaver CS","2022","Yorkshire and The Humber","Female","Undeclared","160","[c]","27880","26120"
"Leaver CS","2022","Yorkshire and The Humber","Female","Unknown","560","[c]","28220","26130"
"Leaver CS","2022","Yorkshire and The Humber","Male","Heterosexual / straight","895","[c]","31570","27570"
"Leaver CS","2022","Yorkshire and The Humber","Male","LGBO","65","[c]","25960","24250"
"Leaver CS","2022","Yorkshire and The Humber","Male","Undeclared","150","[c]","34570","29200"
"Leaver CS","2022","Yorkshire and The Humber","Male","Unknown","530","[c]","33160","27570"
"Leaver CS","2022","Yorkshire and The Humber","Unknown","Heterosexual / straight","[c]","[c]","[c]","[c]"
"Leaver CS","2022","Yorkshire and The Humber","Unknown","LGBO","[c]","[c]","[c]","[c]"
"Leaver Dept.","2022","East Midlands (England)","Female","Heterosexual / straight","270","[c]","31530","27570"
"Leaver Dept.","2022","East Midlands (England)","Female","LGBO","15","[c]","[c]","[c]"
"Leaver Dept.","2022","East Midlands (England)","Female","Undeclared","30","[c]","32240","32310"
"Leaver Dept.","2022","East Midlands (England)","Female","Unknown","85","[c]","37170","27570"
"Leaver Dept.","2022","East Midlands (England)","Male","Heterosexual / straight","145","[c]","31980","27570"
"Leaver Dept.","2022","East Midlands (England)","Male","LGBO","10","[c]","[c]","[c]"
"Leaver Dept.","2022","East Midlands (England)","Male","Undeclared","10","[c]","[c]","[c]"
"Leaver Dept.","2022","East Midlands (England)","Male","Unknown","65","[c]","32650","26470"
"Leaver Dept.","2022","East Midlands (England)","Unknown","Heterosexual / straight","[c]","[c]","[c]","[c]"
"Leaver Dept.","2022","East Midlands (England)","Unknown","LGBO","[c]","[c]","[c]","[c]"
"Leaver Dept.","2022","East of England","Female","Heterosexual / straight","295","[c]","35610","30460"
"Leaver Dept.","2022","East of England","Female","LGBO","15","[c]","[c]","[c]"
"Leaver Dept.","2022","East of England","Female","Undeclared","30","[c]","38080","36900"
"Leaver Dept.","2022","East of England","Female","Unknown","65","[c]","44220","36330"
"Leaver Dept.","2022","East of England","Male","Heterosexual / straight","175","[c]","39080","29290"
"Leaver Dept.","2022","East of England","Male","LGBO","10","[c]","[c]","[c]"
"Leaver Dept.","2022","East of England","Male","Undeclared","25","[c]","[c]","[c]"
"Leaver Dept.","2022","East of England","Male","Unknown","40","[c]","44090","34540"
"Leaver Dept.","2022","East of England","Unknown","Heterosexual / straight","[c]","[c]","[c]","[c]"
"Leaver Dept.","2022","East of England","Unknown","LGBO","[c]","[c]","[c]","[c]"
"Leaver Dept.","2022","London","Female","Heterosexual / straight","3635","[c]","42620","37640"
"Leaver Dept.","2022","London","Female","LGBO","290","[c]","41150","36690"
"Leaver Dept.","2022","London","Female","Undeclared","765","[c]","43480","40050"
"Leaver Dept.","2022","London","Female","Unknown","1390","[c]","44240","35480"
"Leaver Dept.","2022","London","Male","Heterosexual / straight","2185","[c]","45750","40070"
"Leaver Dept.","2022","London","Male","LGBO","345","[c]","43200","38250"
"Leaver Dept.","2022","London","Male","Undeclared","575","[c]","46710","40650"
"Leaver Dept.","2022","London","Male","Unknown","1090","[c]","45340","39370"
"Leaver Dept.","2022","London","Unknown","Heterosexual / straight","[c]","[c]","[c]","[c]"
"Leaver Dept.","2022","London","Unknown","LGBO","[c]","[c]","[c]","[c]"
"Leaver Dept.","2022","London","Unknown","Unknown","[c]","[c]","[c]","[c]"
"Leaver Dept.","2022","North East (England)","Female","Heterosexual / straight","350","[c]","30320","27570"
"Leaver Dept.","2022","North East (England)","Female","LGBO","25","[c]","[c]","[c]"
"Leaver Dept.","2022","North East (England)","Female","Undeclared","35","[c]","34630","27570"
"Leaver Dept.","2022","North East (England)","Female","Unknown","195","[c]","32810","27570"
"Leaver Dept.","2022","North East (England)","Male","Heterosexual / straight","205","[c]","32880","27570"
"Leaver Dept.","2022","North East (England)","Male","LGBO","20","[c]","[c]","[c]"
"Leaver Dept.","2022","North East (England)","Male","Undeclared","15","[c]","[c]","[c]"
"Leaver Dept.","2022","North East (England)","Male","Unknown","150","[c]","33080","31400"
"Leaver Dept.","2022","North East (England)","Unknown","Heterosexual / straight","[c]","[c]","[c]","[c]"
"Leaver Dept.","2022","North East (England)","Unknown","LGBO","[c]","[c]","[c]","[c]"
"Leaver Dept.","2022","North West (England)","Female","Heterosexual / straight","785","[c]","31210","27570"
"Leaver Dept.","2022","North West (England)","Female","LGBO","50","[c]","32790","27570"
"Leaver Dept.","2022","North West (England)","Female","Undeclared","75","[c]","34770","29180"
"Leaver Dept.","2022","North West (England)","Female","Unknown","305","[c]","29220","27570"
"Leaver Dept.","2022","North West (England)","Male","Heterosexual / straight","525","[c]","33180","27570"
"Leaver Dept.","2022","North West (England)","Male","LGBO","50","[c]","32030","27570"
"Leaver Dept.","2022","North West (England)","Male","Undeclared","55","[c]","35230","27570"
"Leaver Dept.","2022","North West (England)","Male","Unknown","220","[c]","35180","29260"
"Leaver Dept.","2022","North West (England)","Unknown","Heterosexual / straight","[c]","[c]","[c]","[c]"
"Leaver Dept.","2022","North West (England)","Unknown","LGBO","[c]","[c]","[c]","[c]"
"Leaver Dept.","2022","Northern Ireland","Female","Heterosexual / straight","15","[c]","[c]","[c]"
"Leaver Dept.","2022","Northern Ireland","Female","LGBO","[c]","[c]","[c]","[c]"
"Leaver Dept.","2022","Northern Ireland","Female","Undeclared","[c]","[c]","[c]","[c]"
"Leaver Dept.","2022","Northern Ireland","Female","Unknown","10","[c]","[c]","[c]"
"Leaver Dept.","2022","Northern Ireland","Male","Heterosexual / straight","10","[c]","[c]","[c]"
"Leaver Dept.","2022","Northern Ireland","Male","LGBO","[c]","[c]","[c]","[c]"
"Leaver Dept.","2022","Northern Ireland","Male","Undeclared","[c]","[c]","[c]","[c]"
"Leaver Dept.","2022","Northern Ireland","Male","Unknown","10","[c]","[c]","[c]"
"Leaver Dept.","2022","Northern Ireland","Unknown","Heterosexual / straight","[c]","[c]","[c]","[c]"
"Leaver Dept.","2022","Northern Ireland","Unknown","LGBO","[c]","[c]","[c]","[c]"
"Leaver Dept.","2022","Overseas","Female","Heterosexual / straight","5","[c]","[c]","[c]"
"Leaver Dept.","2022","Overseas","Female","LGBO","[c]","[c]","[c]","[c]"
"Leaver Dept.","2022","Overseas","Female","Undeclared","[c]","[c]","[c]","[c]"
"Leaver Dept.","2022","Overseas","Female","Unknown","15","[c]","[c]","[c]"
"Leaver Dept.","2022","Overseas","Male","Heterosexual / straight","10","[c]","[c]","[c]"
"Leaver Dept.","2022","Overseas","Male","LGBO","[c]","[c]","[c]","[c]"
"Leaver Dept.","2022","Overseas","Male","Undeclared","[c]","[c]","[c]","[c]"
"Leaver Dept.","2022","Overseas","Male","Unknown","30","[c]","[c]","[c]"
"Leaver Dept.","2022","Overseas","Unknown","Heterosexual / straight","[c]","[c]","[c]","[c]"
"Leaver Dept.","2022","Overseas","Unknown","LGBO","[c]","[c]","[c]","[c]"
"Leaver Dept.","2022","Scotland","Female","Heterosexual / straight","410","[c]","29050","27570"
"Leaver Dept.","2022","Scotland","Female","LGBO","35","[c]","29730","27570"
"Leaver Dept.","2022","Scotland","Female","Undeclared","30","[c]","26410","27570"
"Leaver Dept.","2022","Scotland","Female","Unknown","275","[c]","33160","27570"
"Leaver Dept.","2022","Scotland","Male","Heterosexual / straight","235","[c]","29350","27570"
"Leaver Dept.","2022","Scotland","Male","LGBO","40","[c]","27610","27570"
"Leaver Dept.","2022","Scotland","Male","Undeclared","30","[c]","31270","27570"
"Leaver Dept.","2022","Scotland","Male","Unknown","190","[c]","33090","30450"
"Leaver Dept.","2022","Scotland","Unknown","Heterosexual / straight","[c]","[c]","[c]","[c]"
"Leaver Dept.","2022","Scotland","Unknown","LGBO","[c]","[c]","[c]","[c]"
"Leaver Dept.","2022","South East (England)","Female","Heterosexual / straight","450","[c]","38460","31190"
"Leaver Dept.","2022","South East (England)","Female","LGBO","35","[c]","[c]","[c]"
"Leaver Dept.","2022","South East (England)","Female","Undeclared","35","[c]","41280","32280"
"Leaver Dept.","2022","South East (England)","Female","Unknown","105","[c]","41610","37140"
"Leaver Dept.","2022","South East (England)","Male","Heterosexual / straight","265","[c]","37550","31630"
"Leaver Dept.","2022","South East (England)","Male","LGBO","30","[c]","[c]","[c]"
"Leaver Dept.","2022","South East (England)","Male","Undeclared","55","[c]","42920","33600"
"Leaver Dept.","2022","South East (England)","Male","Unknown","95","[c]","44430","40580"
"Leaver Dept.","2022","South East (England)","Unknown","Heterosexual / straight","[c]","[c]","[c]","[c]"
"Leaver Dept.","2022","South East (England)","Unknown","LGBO","[c]","[c]","[c]","[c]"
"Leaver Dept.","2022","South West (England)","Female","Heterosexual / straight","920","[c]","34390","29550"
"Leaver Dept.","2022","South West (England)","Female","LGBO","50","[c]","31560","27570"
"Leaver Dept.","2022","South West (England)","Female","Undeclared","145","[c]","37780","34370"
"Leaver Dept.","2022","South West (England)","Female","Unknown","145","[c]","38590","36220"
"Leaver Dept.","2022","South West (England)","Male","Heterosexual / straight","590","[c]","37900","34530"
"Leaver Dept.","2022","South West (England)","Male","LGBO","45","[c]","33490","28840"
"Leaver Dept.","2022","South West (England)","Male","Undeclared","105","[c]","40890","38070"
"Leaver Dept.","2022","South West (England)","Male","Unknown","135","[c]","46010","39780"
"Leaver Dept.","2022","South West (England)","Unknown","Heterosexual / straight","[c]","[c]","[c]","[c]"
"Leaver Dept.","2022","South West (England)","Unknown","LGBO","[c]","[c]","[c]","[c]"
"Leaver Dept.","2022","Unknown","Female","Heterosexual / straight","175","[c]","37110","32000"
"Leaver Dept.","2022","Unknown","Female","LGBO","10","[c]","[c]","[c]"
"Leaver Dept.","2022","Unknown","Female","Undeclared","125","[c]","[c]","[c]"
"Leaver Dept.","2022","Unknown","Female","Unknown","115","[c]","35100","32000"
"Leaver Dept.","2022","Unknown","Male","Heterosexual / straight","120","[c]","40070","33320"
"Leaver Dept.","2022","Unknown","Male","LGBO","25","[c]","[c]","[c]"
"Leaver Dept.","2022","Unknown","Male","Undeclared","80","[c]","[c]","[c]"
"Leaver Dept.","2022","Unknown","Male","Unknown","95","[c]","37250","32000"
"Leaver Dept.","2022","Unknown","Unknown","Heterosexual / straight","[c]","[c]","[c]","[c]"
"Leaver Dept.","2022","Unknown","Unknown","LGBO","[c]","[c]","[c]","[c]"
"Leaver Dept.","2022","Wales","Female","Heterosexual / straight","240","[c]","32440","27570"
"Leaver Dept.","2022","Wales","Female","LGBO","15","[c]","[c]","[c]"
"Leaver Dept.","2022","Wales","Female","Undeclared","25","[c]","[c]","[c]"
"Leaver Dept.","2022","Wales","Female","Unknown","130","[c]","32440","29540"
"Leaver Dept.","2022","Wales","Male","Heterosexual / straight","180","[c]","35000","30350"
"Leaver Dept.","2022","Wales","Male","LGBO","35","[c]","37780","31400"
"Leaver Dept.","2022","Wales","Male","Undeclared","20","[c]","[c]","[c]"
"Leaver Dept.","2022","Wales","Male","Unknown","95","[c]","32990","29250"
"Leaver Dept.","2022","Wales","Unknown","Heterosexual / straight","[c]","[c]","[c]","[c]"
"Leaver Dept.","2022","Wales","Unknown","LGBO","[c]","[c]","[c]","[c]"
"Leaver Dept.","2022","West Midlands (England)","Female","Heterosexual / straight","550","[c]","32520","27570"
"Leaver Dept.","2022","West Midlands (England)","Female","LGBO","25","[c]","[c]","[c]"
"Leaver Dept.","2022","West Midlands (England)","Female","Undeclared","45","[c]","33690","27570"
"Leaver Dept.","2022","West Midlands (England)","Female","Unknown","175","[c]","35970","27570"
"Leaver Dept.","2022","West Midlands (England)","Male","Heterosexual / straight","310","[c]","32640","27570"
"Leaver Dept.","2022","West Midlands (England)","Male","LGBO","30","[c]","[c]","[c]"
"Leaver Dept.","2022","West Midlands (England)","Male","Undeclared","35","[c]","35770","27570"
"Leaver Dept.","2022","West Midlands (England)","Male","Unknown","140","[c]","34310","27570"
"Leaver Dept.","2022","West Midlands (England)","Unknown","Heterosexual / straight","[c]","[c]","[c]","[c]"
"Leaver Dept.","2022","West Midlands (England)","Unknown","LGBO","[c]","[c]","[c]","[c]"
"Leaver Dept.","2022","Yorkshire and The Humber","Female","Heterosexual / straight","550","[c]","35780","31990"
"Leaver Dept.","2022","Yorkshire and The Humber","Female","LGBO","45","[c]","30220","27570"
"Leaver Dept.","2022","Yorkshire and The Humber","Female","Undeclared","185","[c]","39880","34090"
"Leaver Dept.","2022","Yorkshire and The Humber","Female","Unknown","145","[c]","35780","29270"
"Leaver Dept.","2022","Yorkshire and The Humber","Male","Heterosexual / straight","410","[c]","38050","31990"
"Leaver Dept.","2022","Yorkshire and The Humber","Male","LGBO","35","[c]","[c]","[c]"
"Leaver Dept.","2022","Yorkshire and The Humber","Male","Undeclared","160","[c]","36680","31370"
"Leaver Dept.","2022","Yorkshire and The Humber","Male","Unknown","140","[c]","36870","32000"
"Leaver Dept.","2022","Yorkshire and The Humber","Unknown","Heterosexual / straight","[c]","[c]","[c]","[c]"
"Leaver Dept.","2022","Yorkshire and The Humber","Unknown","LGBO","[c]","[c]","[c]","[c]"
"New entrant CS","2022","East Midlands (England)","Female","Heterosexual / straight","1325","[c]","26560","23180"
"New entrant CS","2022","East Midlands (England)","Female","LGBO","120","[c]","25190","23170"
"New entrant CS","2022","East Midlands (England)","Female","Undeclared","85","[c]","26280","23740"
"New entrant CS","2022","East Midlands (England)","Female","Unknown","610","[c]","25780","24250"
"New entrant CS","2022","East Midlands (England)","Male","Heterosexual / straight","945","[c]","27100","25590"
"New entrant CS","2022","East Midlands (England)","Male","LGBO","70","[c]","25940","25060"
"New entrant CS","2022","East Midlands (England)","Male","Undeclared","65","[c]","30510","27570"
"New entrant CS","2022","East Midlands (England)","Male","Unknown","415","[c]","26080","24800"
"New entrant CS","2022","East Midlands (England)","Unknown","Heterosexual / straight","[c]","[c]","[c]","[c]"
"New entrant CS","2022","East Midlands (England)","Unknown","LGBO","[c]","[c]","[c]","[c]"
"New entrant CS","2022","East of England","Female","Heterosexual / straight","1175","[c]","27750","25500"
"New entrant CS","2022","East of England","Female","LGBO","105","[c]","25450","24800"
"New entrant CS","2022","East of England","Female","Undeclared","70","[c]","26320","24250"
"New entrant CS","2022","East of England","Female","Unknown","540","[c]","26430","24800"
"New entrant CS","2022","East of England","Male","Heterosexual / straight","850","[c]","28090","26140"
"New entrant CS","2022","East of England","Male","LGBO","55","[c]","29530","27570"
"New entrant CS","2022","East of England","Male","Undeclared","60","[c]","29190","27570"
"New entrant CS","2022","East of England","Male","Unknown","420","[c]","28210","25460"
"New entrant CS","2022","East of England","Unknown","Heterosexual / straight","[c]","[c]","[c]","[c]"
"New entrant CS","2022","East of England","Unknown","LGBO","[c]","[c]","[c]","[c]"
"New entrant CS","2022","London","Female","Heterosexual / straight","4450","[c]","35780","32090"
"New entrant CS","2022","London","Female","LGBO","470","[c]","34930","32330"
"New entrant CS","2022","London","Female","Undeclared","650","[c]","36030","32790"
"New entrant CS","2022","London","Female","Unknown","2410","[c]","34820","30520"
"New entrant CS","2022","London","Male","Heterosexual / straight","3015","[c]","37710","32640"
"New entrant CS","2022","London","Male","LGBO","425","[c]","37400","33570"
"New entrant CS","2022","London","Male","Undeclared","435","[c]","38420","33210"
"New entrant CS","2022","London","Male","Unknown","1910","[c]","36930","31800"
"New entrant CS","2022","London","Unknown","Heterosexual / straight","[c]","[c]","[c]","[c]"
"New entrant CS","2022","London","Unknown","LGBO","[c]","[c]","[c]","[c]"
"New entrant CS","2022","North East (England)","Female","Heterosexual / straight","1535","[c]","26160","23170"
"New entrant CS","2022","North East (England)","Female","LGBO","165","[c]","25110","22010"
"New entrant CS","2022","North East (England)","Female","Undeclared","80","[c]","26630","23170"
"New entrant CS","2022","North East (England)","Female","Unknown","730","[c]","25330","22010"
"New entrant CS","2022","North East (England)","Male","Heterosexual / straight","995","[c]","27760","25000"
"New entrant CS","2022","North East (England)","Male","LGBO","115","[c]","25750","24430"
"New entrant CS","2022","North East (England)","Male","Undeclared","50","[c]","28160","25980"
"New entrant CS","2022","North East (England)","Male","Unknown","535","[c]","26500","23140"
"New entrant CS","2022","North East (England)","Unknown","Heterosexual / straight","[c]","[c]","[c]","[c]"
"New entrant CS","2022","North East (England)","Unknown","LGBO","[c]","[c]","[c]","[c]"
"New entrant CS","2022","North West (England)","Female","Heterosexual / straight","2895","[c]","26940","24800"
"New entrant CS","2022","North West (England)","Female","LGBO","300","[c]","26360","23170"
"New entrant CS","2022","North West (England)","Female","Undeclared","150","[c]","27040","23830"
"New entrant CS","2022","North West (England)","Female","Unknown","1750","[c]","25940","24430"
"New entrant CS","2022","North West (England)","Male","Heterosexual / straight","2095","[c]","28380","26130"
"New entrant CS","2022","North West (England)","Male","LGBO","280","[c]","26980","25120"
"New entrant CS","2022","North West (England)","Male","Undeclared","130","[c]","28940","26590"
"New entrant CS","2022","North West (England)","Male","Unknown","1235","[c]","27730","24880"
"New entrant CS","2022","North West (England)","Unknown","Heterosexual / straight","[c]","[c]","[c]","[c]"
"New entrant CS","2022","North West (England)","Unknown","LGBO","[c]","[c]","[c]","[c]"
"New entrant CS","2022","Northern Ireland","Female","Heterosexual / straight","145","[c]","29240","26590"
"New entrant CS","2022","Northern Ireland","Female","LGBO","15","[c]","[c]","[c]"
"New entrant CS","2022","Northern Ireland","Female","Undeclared","10","[c]","[c]","[c]"
"New entrant CS","2022","Northern Ireland","Female","Unknown","135","[c]","26150","21250"
"New entrant CS","2022","Northern Ireland","Male","Heterosexual / straight","140","[c]","30370","26590"
"New entrant CS","2022","Northern Ireland","Male","LGBO","15","[c]","[c]","[c]"
"New entrant CS","2022","Northern Ireland","Male","Undeclared","5","[c]","[c]","[c]"
"New entrant CS","2022","Northern Ireland","Male","Unknown","135","[c]","25920","21250"
"New entrant CS","2022","Northern Ireland","Unknown","Heterosexual / straight","[c]","[c]","[c]","[c]"
"New entrant CS","2022","Northern Ireland","Unknown","LGBO","[c]","[c]","[c]","[c]"
"New entrant CS","2022","Overseas","Female","Heterosexual / straight","10","[c]","[c]","[c]"
"New entrant CS","2022","Overseas","Female","LGBO","[c]","[c]","[c]","[c]"
"New entrant CS","2022","Overseas","Female","Undeclared","[c]","[c]","[c]","[c]"
"New entrant CS","2022","Overseas","Female","Unknown","15","[c]","[c]","[c]"
"New entrant CS","2022","Overseas","Male","Heterosexual / straight","15","[c]","[c]","[c]"
"New entrant CS","2022","Overseas","Male","LGBO","[c]","[c]","[c]","[c]"
"New entrant CS","2022","Overseas","Male","Undeclared","[c]","[c]","[c]","[c]"
"New entrant CS","2022","Overseas","Male","Unknown","15","[c]","[c]","[c]"
"New entrant CS","2022","Overseas","Unknown","Heterosexual / straight","[c]","[c]","[c]","[c]"
"New entrant CS","2022","Overseas","Unknown","LGBO","[c]","[c]","[c]","[c]"
"New entrant CS","2022","Scotland","Female","Heterosexual / straight","2335","[c]","28720","27230"
"New entrant CS","2022","Scotland","Female","LGBO","290","[c]","28430","27230"
"New entrant CS","2022","Scotland","Female","Undeclared","135","[c]","29020","27230"
"New entrant CS","2022","Scotland","Female","Unknown","1530","[c]","28310","24880"
"New entrant CS","2022","Scotland","Male","Heterosexual / straight","1710","[c]","29570","27230"
"New entrant CS","2022","Scotland","Male","LGBO","260","[c]","27450","26590"
"New entrant CS","2022","Scotland","Male","Undeclared","110","[c]","30420","27230"
"New entrant CS","2022","Scotland","Male","Unknown","1215","[c]","28720","24880"
"New entrant CS","2022","Scotland","Unknown","Heterosexual / straight","[c]","[c]","[c]","[c]"
"New entrant CS","2022","Scotland","Unknown","LGBO","[c]","[c]","[c]","[c]"
"New entrant CS","2022","South East (England)","Female","Heterosexual / straight","1855","[c]","27940","26130"
"New entrant CS","2022","South East (England)","Female","LGBO","195","[c]","27770","26140"
"New entrant CS","2022","South East (England)","Female","Undeclared","130","[c]","30580","27570"
"New entrant CS","2022","South East (England)","Female","Unknown","925","[c]","27140","24880"
"New entrant CS","2022","South East (England)","Male","Heterosexual / straight","1370","[c]","29850","26840"
"New entrant CS","2022","South East (England)","Male","LGBO","110","[c]","28440","26030"
"New entrant CS","2022","South East (England)","Male","Undeclared","100","[c]","30890","28140"
"New entrant CS","2022","South East (England)","Male","Unknown","830","[c]","28570","26030"
"New entrant CS","2022","South East (England)","Unknown","Heterosexual / straight","[c]","[c]","[c]","[c]"
"New entrant CS","2022","South East (England)","Unknown","LGBO","[c]","[c]","[c]","[c]"
"New entrant CS","2022","South West (England)","Female","Heterosexual / straight","1765","[c]","29140","26030"
"New entrant CS","2022","South West (England)","Female","LGBO","210","[c]","26910","24050"
"New entrant CS","2022","South West (England)","Female","Undeclared","150","[c]","30230","27000"
"New entrant CS","2022","South West (England)","Female","Unknown","815","[c]","26550","23490"
"New entrant CS","2022","South West (England)","Male","Heterosexual / straight","1625","[c]","31170","27540"
"New entrant CS","2022","South West (England)","Male","LGBO","130","[c]","28440","26240"
"New entrant CS","2022","South West (England)","Male","Undeclared","155","[c]","31480","28590"
"New entrant CS","2022","South West (England)","Male","Unknown","855","[c]","29410","26030"
"New entrant CS","2022","South West (England)","Unknown","Heterosexual / straight","[c]","[c]","[c]","[c]"
"New entrant CS","2022","South West (England)","Unknown","LGBO","[c]","[c]","[c]","[c]"
"New entrant CS","2022","Unknown","Female","Heterosexual / straight","160","[c]","30250","28070"
"New entrant CS","2022","Unknown","Female","LGBO","15","[c]","[c]","[c]"
"New entrant CS","2022","Unknown","Female","Undeclared","45","[c]","[c]","[c]"
"New entrant CS","2022","Unknown","Female","Unknown","250","[c]","29120","28000"
"New entrant CS","2022","Unknown","Male","Heterosexual / straight","105","[c]","34360","29290"
"New entrant CS","2022","Unknown","Male","LGBO","15","[c]","[c]","[c]"
"New entrant CS","2022","Unknown","Male","Undeclared","25","[c]","[c]","[c]"
"New entrant CS","2022","Unknown","Male","Unknown","255","[c]","26810","23500"
"New entrant CS","2022","Unknown","Unknown","Heterosexual / straight","[c]","[c]","[c]","[c]"
"New entrant CS","2022","Unknown","Unknown","LGBO","[c]","[c]","[c]","[c]"
"New entrant CS","2022","Wales","Female","Heterosexual / straight","1480","[c]","27100","23170"
"New entrant CS","2022","Wales","Female","LGBO","155","[c]","26030","23170"
"New entrant CS","2022","Wales","Female","Undeclared","80","[c]","29520","26820"
"New entrant CS","2022","Wales","Female","Unknown","600","[c]","24640","21840"
"New entrant CS","2022","Wales","Male","Heterosexual / straight","1160","[c]","29010","25860"
"New entrant CS","2022","Wales","Male","LGBO","140","[c]","26780","23960"
"New entrant CS","2022","Wales","Male","Undeclared","75","[c]","29260","25860"
"New entrant CS","2022","Wales","Male","Unknown","530","[c]","25920","23140"
"New entrant CS","2022","Wales","Unknown","Heterosexual / straight","[c]","[c]","[c]","[c]"
"New entrant CS","2022","Wales","Unknown","LGBO","[c]","[c]","[c]","[c]"
"New entrant CS","2022","Wales","Unknown","Undeclared","[c]","[c]","[c]","[c]"
"New entrant CS","2022","West Midlands (England)","Female","Heterosexual / straight","1885","[c]","27830","25850"
"New entrant CS","2022","West Midlands (England)","Female","LGBO","160","[c]","27330","24430"
"New entrant CS","2022","West Midlands (England)","Female","Undeclared","130","[c]","29830","27570"
"New entrant CS","2022","West Midlands (England)","Female","Unknown","925","[c]","26540","23170"
"New entrant CS","2022","West Midlands (England)","Male","Heterosexual / straight","1265","[c]","29450","26590"
"New entrant CS","2022","West Midlands (England)","Male","LGBO","95","[c]","27420","26130"
"New entrant CS","2022","West Midlands (England)","Male","Undeclared","95","[c]","30400","27570"
"New entrant CS","2022","West Midlands (England)","Male","Unknown","695","[c]","28430","24880"
"New entrant CS","2022","West Midlands (England)","Unknown","Heterosexual / straight","[c]","[c]","[c]","[c]"
"New entrant CS","2022","West Midlands (England)","Unknown","LGBO","[c]","[c]","[c]","[c]"
"New entrant CS","2022","Yorkshire and The Humber","Female","Heterosexual / straight","1865","[c]","28720","26370"
"New entrant CS","2022","Yorkshire and The Humber","Female","LGBO","195","[c]","27510","25590"
"New entrant CS","2022","Yorkshire and The Humber","Female","Undeclared","180","[c]","30040","27570"
"New entrant CS","2022","Yorkshire and The Humber","Female","Unknown","1005","[c]","27300","24800"
"New entrant CS","2022","Yorkshire and The Humber","Male","Heterosexual / straight","1385","[c]","29550","26590"
"New entrant CS","2022","Yorkshire and The Humber","Male","LGBO","125","[c]","31180","27570"
"New entrant CS","2022","Yorkshire and The Humber","Male","Undeclared","155","[c]","31630","27570"
"New entrant CS","2022","Yorkshire and The Humber","Male","Unknown","965","[c]","29280","25120"
"New entrant CS","2022","Yorkshire and The Humber","Unknown","Heterosexual / straight","[c]","[c]","[c]","[c]"
"New entrant CS","2022","Yorkshire and The Humber","Unknown","LGBO","[c]","[c]","[c]","[c]"
"Notes","Summary figures are suppressed when information relates to less than 5 civil servants for FTE or Headcount, and less than 10 civil servants for median and mean salary (shown as [c]). Zero responses and salaries for less than 30 civil servants have been suppressed for GPDR special category data. FTE figures are not shown for entrants or leavers due to data quality concerns for these groups. Figures are rounded to the nearest 5, or 10 as appropriate.","","","","","","",""
"Data source","All figures are aggregated from the Cabinet Office Annual Civil Service Employment Survey collection. https://www.gov.uk/government/collections/civil-service-statistics","","","","","","",""
"Version","Generated on 2023-02-14, with GIT 71a76ea.","","","","","","",""
"Data column","Description","","","","","","",""
"Status","Employment status of the civil servants.","","","","","","",""
"","In post - includes staff that were in post on the reference date (31 March).","","","","","","",""
"","New entrant CS - includes new entrants to the Civil Service over the year (1 April to 31 March).","","","","","","",""
"","Leaver CS - includes leavers from the Civil Service over the year (1 April to 31 March). This includes employees who have an Unknown leaving cause.","","","","","","",""
"","Leaver Dept. - includes leavers from the department over the year (1 April to 31 March), who did not leave the Civil Service.","","","","","","",""
"","Five organisations do not report when their employees first entered the Civil Service and so entrants data for these organisations is not available . These are as follows: Foreign Commonwealth and Development Office (excl. agencies), Foreign Commonwealth and Development Office Services, Defence Electronics and Components Agency, Scottish Forestry and Forest and Land Scotland. A further three organisations also could not provide entrants data in 2021. These are as follows: Department for International Development, Foreign and Commonwealth Office (excl. agencies) and Royal Fleet Auxiliary.","","","","","","",""
"","Organisation specific notes on status: In late June 2021 around 7,000 employees from Community Rehabilitation Companies were transferred in from the private sector to HM Prison and Probation Service, counting as entrants. HM Land Registry do not record where their departing employees transfer to and so are unable to identify those that transfer to another Civil Service department.","","","","","","",""
"Year","Year of data collection (as at 31 March).","","","","","","",""
"Region_ITL1","Workplace postcode data are used to derive geographical information using the International Territorial Level (ITL) classification standard.","","","","","","",""
"","Following the UK's withdrawal from the EU, a new UK-managed international statistical geography - International Territorial Levels (ITL) - was introduced from 1st January 2021, replacing the former NUTS classification. They align with international standards, enabling comparability both over time and internationally. To ensure continued alignment, the ITLs mirror the NUTS system. They also follow a similar review timetable - every three years.","","","","","","",""
"","ITL 1 divides into Wales, Scotland, Northern Ireland, and the 9 statistical regions of England.","","","","","","",""
"Sex","Self reported sex.","","","","","","",""
"","""Unknown"" accounts for employees who were recorded with an unknown sex.","","","","","","",""
"Sexual_orientation","Self reported sexual orientation.","","","","","","",""
"","""Undeclared"" accounts for employees who have actively declared that they do not want to disclose their sexual orientation and ""Unknown"" accounts for employees who have not made an active declaration about their sexual orientation.","","","","","","",""
"Headcount","Total number of civil servants (rounded to nearest 5).","","","","","","",""
"FTE","Total full-time equivalent (FTE) employment numbers (rounded to nearest 5).","","","","","","",""
"","FTE figures are not shown for entrants or leavers due to data quality concerns for these groups.","","","","","","",""
"Mean_salary","Average salary (mean, rounded to nearest 10). For part-time employees, salaries represent the full-time equivalent earnings, while for full-time employees they are the actual annual gross salaries.","","","","","","",""
"","These figures should be interpreted with caution when the total number of employees in a group is small, as they will tend to show more variability than larger groups (i.e. may be much higher or lower than can be explained by the data shown).","","","","","","",""
"Median_salary","Median salary (rounded to nearest 10). For part-time employees, salaries represent the full-time equivalent earnings, while for full-time employees they are the actual annual gross salaries.","","","","","","",""
"","These figures should be interpreted with caution when the total number of employees in a group is small, as they will tend to show more variability than larger groups (i.e. may be much higher or lower than can be explained by the data shown).","","","","","","",""
