"Status","Year","Ethnicity","Responsibility_level_grouped","Sexual_orientation","Headcount","FTE","Mean_salary","Median_salary"
"In post","2022","Asian","AA/AO","Heterosexual / straight","6705","6005","22670","21260"
"In post","2022","Asian","AA/AO","LGBO","190","170","23060","21300"
"In post","2022","Asian","AA/AO","Undeclared","605","525","22680","21680"
"In post","2022","Asian","AA/AO","Unknown","1010","825","22530","21260"
"In post","2022","Asian","EO","Heterosexual / straight","8980","8490","28310","27570"
"In post","2022","Asian","EO","LGBO","205","190","28230","27570"
"In post","2022","Asian","EO","Undeclared","585","530","28580","28310"
"In post","2022","Asian","EO","Unknown","1050","930","28580","27570"
"In post","2022","Asian","G6/G7","Heterosexual / straight","3235","3160","58820","57290"
"In post","2022","Asian","G6/G7","LGBO","105","105","57210","55210"
"In post","2022","Asian","G6/G7","Undeclared","175","170","58420","56740"
"In post","2022","Asian","G6/G7","Unknown","315","295","59830","58380"
"In post","2022","Asian","SCS level","Heterosexual / straight","270","265","90840","85000"
"In post","2022","Asian","SCS level","LGBO","10","10","[c]","[c]"
"In post","2022","Asian","SCS level","Undeclared","10","10","[c]","[c]"
"In post","2022","Asian","SCS level","Unknown","35","35","99870","87110"
"In post","2022","Asian","SEO/HEO","Heterosexual / straight","7965","7760","37250","36500"
"In post","2022","Asian","SEO/HEO","LGBO","195","190","37580","36720"
"In post","2022","Asian","SEO/HEO","Undeclared","455","440","37620","36880"
"In post","2022","Asian","SEO/HEO","Unknown","705","685","37760","37610"
"In post","2022","Asian","Unknown","Heterosexual / straight","785","735","30030","28200"
"In post","2022","Asian","Unknown","LGBO","20","15","[c]","[c]"
"In post","2022","Asian","Unknown","Undeclared","25","25","[c]","[c]"
"In post","2022","Asian","Unknown","Unknown","10","10","[c]","[c]"
"In post","2022","Black","AA/AO","Heterosexual / straight","3390","3170","24470","23760"
"In post","2022","Black","AA/AO","LGBO","75","70","24490","23720"
"In post","2022","Black","AA/AO","Undeclared","230","205","24370","24310"
"In post","2022","Black","AA/AO","Unknown","450","405","25380","24310"
"In post","2022","Black","EO","Heterosexual / straight","4710","4535","29170","29250"
"In post","2022","Black","EO","LGBO","130","130","29220","28990"
"In post","2022","Black","EO","Undeclared","275","265","29450","29370"
"In post","2022","Black","EO","Unknown","545","500","30070","31020"
"In post","2022","Black","G6/G7","Heterosexual / straight","1275","1265","57990","55770"
"In post","2022","Black","G6/G7","LGBO","45","45","58830","56340"
"In post","2022","Black","G6/G7","Undeclared","60","60","57140","55170"
"In post","2022","Black","G6/G7","Unknown","100","95","58800","56090"
"In post","2022","Black","SCS level","Heterosexual / straight","80","80","91020","82420"
"In post","2022","Black","SCS level","LGBO","[c]","[c]","[c]","[c]"
"In post","2022","Black","SCS level","Undeclared","[c]","[c]","[c]","[c]"
"In post","2022","Black","SCS level","Unknown","10","10","[c]","[c]"
"In post","2022","Black","SEO/HEO","Heterosexual / straight","3940","3880","37660","36970"
"In post","2022","Black","SEO/HEO","LGBO","80","80","37500","36480"
"In post","2022","Black","SEO/HEO","Undeclared","200","195","38180","37770"
"In post","2022","Black","SEO/HEO","Unknown","275","270","38040","37930"
"In post","2022","Black","Unknown","Heterosexual / straight","1125","1080","31400","28690"
"In post","2022","Black","Unknown","LGBO","15","15","[c]","[c]"
"In post","2022","Black","Unknown","Undeclared","45","45","34490","33700"
"In post","2022","Black","Unknown","Unknown","15","10","[c]","[c]"
"In post","2022","Mixed","AA/AO","Heterosexual / straight","1545","1435","23540","21680"
"In post","2022","Mixed","AA/AO","LGBO","170","165","23730","21680"
"In post","2022","Mixed","AA/AO","Undeclared","150","135","23630","21830"
"In post","2022","Mixed","AA/AO","Unknown","150","125","23140","21260"
"In post","2022","Mixed","EO","Heterosexual / straight","1800","1715","28270","27570"
"In post","2022","Mixed","EO","LGBO","190","185","28100","27570"
"In post","2022","Mixed","EO","Undeclared","195","180","28270","27570"
"In post","2022","Mixed","EO","Unknown","135","120","28530","27570"
"In post","2022","Mixed","G6/G7","Heterosexual / straight","1145","1105","58470","56640"
"In post","2022","Mixed","G6/G7","LGBO","140","140","57810","56360"
"In post","2022","Mixed","G6/G7","Undeclared","90","90","57890","54850"
"In post","2022","Mixed","G6/G7","Unknown","100","95","60320","59520"
"In post","2022","Mixed","SCS level","Heterosexual / straight","115","115","84020","78000"
"In post","2022","Mixed","SCS level","LGBO","10","10","[c]","[c]"
"In post","2022","Mixed","SCS level","Undeclared","10","10","[c]","[c]"
"In post","2022","Mixed","SCS level","Unknown","10","10","[c]","[c]"
"In post","2022","Mixed","SEO/HEO","Heterosexual / straight","2050","2000","37260","36500"
"In post","2022","Mixed","SEO/HEO","LGBO","255","250","36840","36140"
"In post","2022","Mixed","SEO/HEO","Undeclared","175","170","37420","36700"
"In post","2022","Mixed","SEO/HEO","Unknown","170","165","36100","35360"
"In post","2022","Mixed","Unknown","Heterosexual / straight","470","450","30930","30000"
"In post","2022","Mixed","Unknown","LGBO","45","40","28400","24800"
"In post","2022","Mixed","Unknown","Undeclared","35","30","32950","31420"
"In post","2022","Mixed","Unknown","Unknown","15","10","[c]","[c]"
"In post","2022","Other ethnicity","AA/AO","Heterosexual / straight","410","380","23880","22240"
"In post","2022","Other ethnicity","AA/AO","LGBO","40","35","24950","23140"
"In post","2022","Other ethnicity","AA/AO","Undeclared","45","40","24050","22080"
"In post","2022","Other ethnicity","AA/AO","Unknown","70","60","24310","23230"
"In post","2022","Other ethnicity","EO","Heterosexual / straight","530","505","28580","27850"
"In post","2022","Other ethnicity","EO","LGBO","50","50","28810","27960"
"In post","2022","Other ethnicity","EO","Undeclared","75","70","28950","28990"
"In post","2022","Other ethnicity","EO","Unknown","70","65","28900","28310"
"In post","2022","Other ethnicity","G6/G7","Heterosexual / straight","285","275","59610","57460"
"In post","2022","Other ethnicity","G6/G7","LGBO","55","50","57050","54870"
"In post","2022","Other ethnicity","G6/G7","Undeclared","60","55","61200","57460"
"In post","2022","Other ethnicity","G6/G7","Unknown","45","40","60070","58730"
"In post","2022","Other ethnicity","SCS level","Heterosexual / straight","25","25","[c]","[c]"
"In post","2022","Other ethnicity","SCS level","LGBO","5","5","[c]","[c]"
"In post","2022","Other ethnicity","SCS level","Undeclared","15","15","[c]","[c]"
"In post","2022","Other ethnicity","SCS level","Unknown","[c]","[c]","[c]","[c]"
"In post","2022","Other ethnicity","SEO/HEO","Heterosexual / straight","580","565","37810","37170"
"In post","2022","Other ethnicity","SEO/HEO","LGBO","55","55","38080","36330"
"In post","2022","Other ethnicity","SEO/HEO","Undeclared","75","75","39270","39090"
"In post","2022","Other ethnicity","SEO/HEO","Unknown","55","55","39800","38330"
"In post","2022","Other ethnicity","Unknown","Heterosexual / straight","90","85","31020","28820"
"In post","2022","Other ethnicity","Unknown","LGBO","5","5","[c]","[c]"
"In post","2022","Other ethnicity","Unknown","Undeclared","10","10","[c]","[c]"
"In post","2022","Other ethnicity","Unknown","Unknown","[c]","[c]","[c]","[c]"
"In post","2022","Undeclared","AA/AO","Heterosexual / straight","805","735","23180","21830"
"In post","2022","Undeclared","AA/AO","LGBO","95","90","24730","22030"
"In post","2022","Undeclared","AA/AO","Undeclared","2695","2455","23200","21680"
"In post","2022","Undeclared","AA/AO","Unknown","1045","865","22220","21260"
"In post","2022","Undeclared","EO","Heterosexual / straight","980","915","28930","27570"
"In post","2022","Undeclared","EO","LGBO","85","80","29050","27570"
"In post","2022","Undeclared","EO","Undeclared","3315","3080","28270","27570"
"In post","2022","Undeclared","EO","Unknown","1230","1085","29030","27570"
"In post","2022","Undeclared","G6/G7","Heterosexual / straight","360","350","59400","57620"
"In post","2022","Undeclared","G6/G7","LGBO","30","30","61900","58850"
"In post","2022","Undeclared","G6/G7","Undeclared","1980","1920","59950","57680"
"In post","2022","Undeclared","G6/G7","Unknown","525","505","56830","55500"
"In post","2022","Undeclared","SCS level","Heterosexual / straight","20","20","[c]","[c]"
"In post","2022","Undeclared","SCS level","LGBO","[c]","[c]","[c]","[c]"
"In post","2022","Undeclared","SCS level","Undeclared","150","145","87360","80220"
"In post","2022","Undeclared","SCS level","Unknown","30","30","87730","79300"
"In post","2022","Undeclared","SEO/HEO","Heterosexual / straight","775","750","37540","36650"
"In post","2022","Undeclared","SEO/HEO","LGBO","75","70","36930","36190"
"In post","2022","Undeclared","SEO/HEO","Undeclared","4470","4290","38040","37450"
"In post","2022","Undeclared","SEO/HEO","Unknown","930","870","37580","37930"
"In post","2022","Undeclared","Unknown","Heterosexual / straight","125","115","31370","30200"
"In post","2022","Undeclared","Unknown","LGBO","10","10","[c]","[c]"
"In post","2022","Undeclared","Unknown","Undeclared","460","430","35190","34340"
"In post","2022","Undeclared","Unknown","Unknown","10","5","[c]","[c]"
"In post","2022","Unknown","AA/AO","Heterosexual / straight","1055","935","23280","21840"
"In post","2022","Unknown","AA/AO","LGBO","70","65","24310","22080"
"In post","2022","Unknown","AA/AO","Undeclared","390","350","23370","21960"
"In post","2022","Unknown","AA/AO","Unknown","21275","19790","22780","21300"
"In post","2022","Unknown","EO","Heterosexual / straight","715","665","28230","27570"
"In post","2022","Unknown","EO","LGBO","55","50","28830","27690"
"In post","2022","Unknown","EO","Undeclared","410","395","27920","27270"
"In post","2022","Unknown","EO","Unknown","14765","14095","28000","27230"
"In post","2022","Unknown","G6/G7","Heterosexual / straight","480","460","59450","56500"
"In post","2022","Unknown","G6/G7","LGBO","40","40","59130","58100"
"In post","2022","Unknown","G6/G7","Undeclared","790","765","57500","54130"
"In post","2022","Unknown","G6/G7","Unknown","7795","7600","59780","57430"
"In post","2022","Unknown","SCS level","Heterosexual / straight","45","45","90650","92000"
"In post","2022","Unknown","SCS level","LGBO","10","10","[c]","[c]"
"In post","2022","Unknown","SCS level","Undeclared","75","75","91760","88190"
"In post","2022","Unknown","SCS level","Unknown","805","785","96750","88000"
"In post","2022","Unknown","SEO/HEO","Heterosexual / straight","925","880","37210","36500"
"In post","2022","Unknown","SEO/HEO","LGBO","70","65","37650","36820"
"In post","2022","Unknown","SEO/HEO","Undeclared","865","835","36730","36300"
"In post","2022","Unknown","SEO/HEO","Unknown","16280","15885","36110","34640"
"In post","2022","Unknown","Unknown","Heterosexual / straight","145","135","30640","28870"
"In post","2022","Unknown","Unknown","LGBO","10","10","[c]","[c]"
"In post","2022","Unknown","Unknown","Undeclared","50","45","33610","32690"
"In post","2022","Unknown","Unknown","Unknown","5375","5020","31430","28730"
"In post","2022","White","AA/AO","Heterosexual / straight","72475","65530","22820","21300"
"In post","2022","White","AA/AO","LGBO","4755","4570","23050","21260"
"In post","2022","White","AA/AO","Undeclared","7025","6120","22700","21300"
"In post","2022","White","AA/AO","Unknown","10235","8540","23310","21300"
"In post","2022","White","EO","Heterosexual / straight","70620","65390","27760","27570"
"In post","2022","White","EO","LGBO","4815","4670","27710","27570"
"In post","2022","White","EO","Undeclared","6395","5810","27960","27570"
"In post","2022","White","EO","Unknown","8360","7310","28130","27570"
"In post","2022","White","G6/G7","Heterosexual / straight","40235","38760","59160","57190"
"In post","2022","White","G6/G7","LGBO","2915","2865","58490","55730"
"In post","2022","White","G6/G7","Undeclared","2930","2815","59960","57680"
"In post","2022","White","G6/G7","Unknown","4140","3900","58040","56310"
"In post","2022","White","SCS level","Heterosexual / straight","4550","4405","90010","82270"
"In post","2022","White","SCS level","LGBO","325","320","87130","79410"
"In post","2022","White","SCS level","Undeclared","295","285","89180","82720"
"In post","2022","White","SCS level","Unknown","285","275","95240","84710"
"In post","2022","White","SEO/HEO","Heterosexual / straight","80645","77320","37300","36480"
"In post","2022","White","SEO/HEO","LGBO","5665","5560","36460","35310"
"In post","2022","White","SEO/HEO","Undeclared","6575","6270","37640","36820"
"In post","2022","White","SEO/HEO","Unknown","7015","6625","37240","36700"
"In post","2022","White","Unknown","Heterosexual / straight","12775","11925","31710","29040"
"In post","2022","White","Unknown","LGBO","930","905","29910","27060"
"In post","2022","White","Unknown","Undeclared","765","705","33360","32690"
"In post","2022","White","Unknown","Unknown","100","95","33210","31420"
"Leaver CS","2022","Asian","AA/AO","Heterosexual / straight","545","[c]","21940","21260"
"Leaver CS","2022","Asian","AA/AO","LGBO","20","[c]","[c]","[c]"
"Leaver CS","2022","Asian","AA/AO","Undeclared","40","[c]","22470","22310"
"Leaver CS","2022","Asian","AA/AO","Unknown","245","[c]","22510","22080"
"Leaver CS","2022","Asian","EO","Heterosexual / straight","560","[c]","28210","27570"
"Leaver CS","2022","Asian","EO","LGBO","20","[c]","[c]","[c]"
"Leaver CS","2022","Asian","EO","Undeclared","45","[c]","28090","27570"
"Leaver CS","2022","Asian","EO","Unknown","90","[c]","28330","27570"
"Leaver CS","2022","Asian","G6/G7","Heterosexual / straight","170","[c]","59240","57170"
"Leaver CS","2022","Asian","G6/G7","LGBO","10","[c]","[c]","[c]"
"Leaver CS","2022","Asian","G6/G7","Undeclared","15","[c]","[c]","[c]"
"Leaver CS","2022","Asian","G6/G7","Unknown","30","[c]","[c]","[c]"
"Leaver CS","2022","Asian","SCS level","Heterosexual / straight","30","[c]","96220","95140"
"Leaver CS","2022","Asian","SCS level","LGBO","[c]","[c]","[c]","[c]"
"Leaver CS","2022","Asian","SCS level","Undeclared","[c]","[c]","[c]","[c]"
"Leaver CS","2022","Asian","SCS level","Unknown","10","[c]","[c]","[c]"
"Leaver CS","2022","Asian","SEO/HEO","Heterosexual / straight","405","[c]","37100","36780"
"Leaver CS","2022","Asian","SEO/HEO","LGBO","15","[c]","[c]","[c]"
"Leaver CS","2022","Asian","SEO/HEO","Undeclared","20","[c]","[c]","[c]"
"Leaver CS","2022","Asian","SEO/HEO","Unknown","80","[c]","[c]","[c]"
"Leaver CS","2022","Asian","Unknown","Heterosexual / straight","55","[c]","[c]","[c]"
"Leaver CS","2022","Asian","Unknown","LGBO","[c]","[c]","[c]","[c]"
"Leaver CS","2022","Asian","Unknown","Undeclared","[c]","[c]","[c]","[c]"
"Leaver CS","2022","Asian","Unknown","Unknown","[c]","[c]","[c]","[c]"
"Leaver CS","2022","Black","AA/AO","Heterosexual / straight","320","[c]","22610","22480"
"Leaver CS","2022","Black","AA/AO","LGBO","15","[c]","[c]","[c]"
"Leaver CS","2022","Black","AA/AO","Undeclared","20","[c]","[c]","[c]"
"Leaver CS","2022","Black","AA/AO","Unknown","65","[c]","[c]","[c]"
"Leaver CS","2022","Black","EO","Heterosexual / straight","410","[c]","29150","29290"
"Leaver CS","2022","Black","EO","LGBO","20","[c]","[c]","[c]"
"Leaver CS","2022","Black","EO","Undeclared","25","[c]","[c]","[c]"
"Leaver CS","2022","Black","EO","Unknown","45","[c]","[c]","[c]"
"Leaver CS","2022","Black","G6/G7","Heterosexual / straight","95","[c]","57540","54270"
"Leaver CS","2022","Black","G6/G7","LGBO","[c]","[c]","[c]","[c]"
"Leaver CS","2022","Black","G6/G7","Undeclared","5","[c]","[c]","[c]"
"Leaver CS","2022","Black","G6/G7","Unknown","5","[c]","[c]","[c]"
"Leaver CS","2022","Black","SCS level","Heterosexual / straight","[c]","[c]","[c]","[c]"
"Leaver CS","2022","Black","SCS level","LGBO","[c]","[c]","[c]","[c]"
"Leaver CS","2022","Black","SCS level","Undeclared","[c]","[c]","[c]","[c]"
"Leaver CS","2022","Black","SCS level","Unknown","[c]","[c]","[c]","[c]"
"Leaver CS","2022","Black","SEO/HEO","Heterosexual / straight","255","[c]","37440","36380"
"Leaver CS","2022","Black","SEO/HEO","LGBO","5","[c]","[c]","[c]"
"Leaver CS","2022","Black","SEO/HEO","Undeclared","15","[c]","[c]","[c]"
"Leaver CS","2022","Black","SEO/HEO","Unknown","40","[c]","[c]","[c]"
"Leaver CS","2022","Black","Unknown","Heterosexual / straight","85","[c]","[c]","[c]"
"Leaver CS","2022","Black","Unknown","LGBO","[c]","[c]","[c]","[c]"
"Leaver CS","2022","Black","Unknown","Undeclared","[c]","[c]","[c]","[c]"
"Leaver CS","2022","Black","Unknown","Unknown","[c]","[c]","[c]","[c]"
"Leaver CS","2022","Mixed","AA/AO","Heterosexual / straight","205","[c]","21610","21260"
"Leaver CS","2022","Mixed","AA/AO","LGBO","30","[c]","[c]","[c]"
"Leaver CS","2022","Mixed","AA/AO","Undeclared","15","[c]","[c]","[c]"
"Leaver CS","2022","Mixed","AA/AO","Unknown","45","[c]","[c]","[c]"
"Leaver CS","2022","Mixed","EO","Heterosexual / straight","200","[c]","27970","27570"
"Leaver CS","2022","Mixed","EO","LGBO","30","[c]","[c]","[c]"
"Leaver CS","2022","Mixed","EO","Undeclared","20","[c]","[c]","[c]"
"Leaver CS","2022","Mixed","EO","Unknown","20","[c]","[c]","[c]"
"Leaver CS","2022","Mixed","G6/G7","Heterosexual / straight","60","[c]","60120","58290"
"Leaver CS","2022","Mixed","G6/G7","LGBO","10","[c]","[c]","[c]"
"Leaver CS","2022","Mixed","G6/G7","Undeclared","5","[c]","[c]","[c]"
"Leaver CS","2022","Mixed","G6/G7","Unknown","10","[c]","[c]","[c]"
"Leaver CS","2022","Mixed","SCS level","Heterosexual / straight","10","[c]","[c]","[c]"
"Leaver CS","2022","Mixed","SCS level","LGBO","[c]","[c]","[c]","[c]"
"Leaver CS","2022","Mixed","SCS level","Undeclared","[c]","[c]","[c]","[c]"
"Leaver CS","2022","Mixed","SCS level","Unknown","[c]","[c]","[c]","[c]"
"Leaver CS","2022","Mixed","SEO/HEO","Heterosexual / straight","125","[c]","37410","37190"
"Leaver CS","2022","Mixed","SEO/HEO","LGBO","20","[c]","[c]","[c]"
"Leaver CS","2022","Mixed","SEO/HEO","Undeclared","10","[c]","[c]","[c]"
"Leaver CS","2022","Mixed","SEO/HEO","Unknown","15","[c]","[c]","[c]"
"Leaver CS","2022","Mixed","Unknown","Heterosexual / straight","50","[c]","[c]","[c]"
"Leaver CS","2022","Mixed","Unknown","LGBO","[c]","[c]","[c]","[c]"
"Leaver CS","2022","Mixed","Unknown","Undeclared","[c]","[c]","[c]","[c]"
"Leaver CS","2022","Mixed","Unknown","Unknown","[c]","[c]","[c]","[c]"
"Leaver CS","2022","Other ethnicity","AA/AO","Heterosexual / straight","45","[c]","21760","21260"
"Leaver CS","2022","Other ethnicity","AA/AO","LGBO","10","[c]","[c]","[c]"
"Leaver CS","2022","Other ethnicity","AA/AO","Undeclared","10","[c]","[c]","[c]"
"Leaver CS","2022","Other ethnicity","AA/AO","Unknown","15","[c]","[c]","[c]"
"Leaver CS","2022","Other ethnicity","EO","Heterosexual / straight","60","[c]","29040","29290"
"Leaver CS","2022","Other ethnicity","EO","LGBO","5","[c]","[c]","[c]"
"Leaver CS","2022","Other ethnicity","EO","Undeclared","10","[c]","[c]","[c]"
"Leaver CS","2022","Other ethnicity","EO","Unknown","5","[c]","[c]","[c]"
"Leaver CS","2022","Other ethnicity","G6/G7","Heterosexual / straight","20","[c]","[c]","[c]"
"Leaver CS","2022","Other ethnicity","G6/G7","LGBO","[c]","[c]","[c]","[c]"
"Leaver CS","2022","Other ethnicity","G6/G7","Undeclared","10","[c]","[c]","[c]"
"Leaver CS","2022","Other ethnicity","G6/G7","Unknown","[c]","[c]","[c]","[c]"
"Leaver CS","2022","Other ethnicity","SCS level","Heterosexual / straight","[c]","[c]","[c]","[c]"
"Leaver CS","2022","Other ethnicity","SCS level","LGBO","[c]","[c]","[c]","[c]"
"Leaver CS","2022","Other ethnicity","SCS level","Undeclared","[c]","[c]","[c]","[c]"
"Leaver CS","2022","Other ethnicity","SCS level","Unknown","[c]","[c]","[c]","[c]"
"Leaver CS","2022","Other ethnicity","SEO/HEO","Heterosexual / straight","40","[c]","39280","37320"
"Leaver CS","2022","Other ethnicity","SEO/HEO","LGBO","5","[c]","[c]","[c]"
"Leaver CS","2022","Other ethnicity","SEO/HEO","Undeclared","15","[c]","[c]","[c]"
"Leaver CS","2022","Other ethnicity","SEO/HEO","Unknown","10","[c]","[c]","[c]"
"Leaver CS","2022","Other ethnicity","Unknown","Heterosexual / straight","5","[c]","[c]","[c]"
"Leaver CS","2022","Other ethnicity","Unknown","LGBO","[c]","[c]","[c]","[c]"
"Leaver CS","2022","Other ethnicity","Unknown","Undeclared","[c]","[c]","[c]","[c]"
"Leaver CS","2022","Other ethnicity","Unknown","Unknown","[c]","[c]","[c]","[c]"
"Leaver CS","2022","Undeclared","AA/AO","Heterosexual / straight","85","[c]","22080","21260"
"Leaver CS","2022","Undeclared","AA/AO","LGBO","5","[c]","[c]","[c]"
"Leaver CS","2022","Undeclared","AA/AO","Undeclared","275","[c]","22600","21260"
"Leaver CS","2022","Undeclared","AA/AO","Unknown","205","[c]","21020","20430"
"Leaver CS","2022","Undeclared","EO","Heterosexual / straight","60","[c]","28570","27570"
"Leaver CS","2022","Undeclared","EO","LGBO","5","[c]","[c]","[c]"
"Leaver CS","2022","Undeclared","EO","Undeclared","225","[c]","28410","27570"
"Leaver CS","2022","Undeclared","EO","Unknown","160","[c]","27900","27570"
"Leaver CS","2022","Undeclared","G6/G7","Heterosexual / straight","25","[c]","[c]","[c]"
"Leaver CS","2022","Undeclared","G6/G7","LGBO","[c]","[c]","[c]","[c]"
"Leaver CS","2022","Undeclared","G6/G7","Undeclared","115","[c]","58870","57110"
"Leaver CS","2022","Undeclared","G6/G7","Unknown","70","[c]","58350","58390"
"Leaver CS","2022","Undeclared","SCS level","Heterosexual / straight","[c]","[c]","[c]","[c]"
"Leaver CS","2022","Undeclared","SCS level","LGBO","[c]","[c]","[c]","[c]"
"Leaver CS","2022","Undeclared","SCS level","Undeclared","10","[c]","[c]","[c]"
"Leaver CS","2022","Undeclared","SCS level","Unknown","10","[c]","[c]","[c]"
"Leaver CS","2022","Undeclared","SEO/HEO","Heterosexual / straight","45","[c]","38540","37510"
"Leaver CS","2022","Undeclared","SEO/HEO","LGBO","[c]","[c]","[c]","[c]"
"Leaver CS","2022","Undeclared","SEO/HEO","Undeclared","275","[c]","38590","38110"
"Leaver CS","2022","Undeclared","SEO/HEO","Unknown","155","[c]","35870","34530"
"Leaver CS","2022","Undeclared","Unknown","Heterosexual / straight","10","[c]","[c]","[c]"
"Leaver CS","2022","Undeclared","Unknown","LGBO","[c]","[c]","[c]","[c]"
"Leaver CS","2022","Undeclared","Unknown","Undeclared","45","[c]","[c]","[c]"
"Leaver CS","2022","Unknown","AA/AO","Heterosexual / straight","105","[c]","23350","21290"
"Leaver CS","2022","Unknown","AA/AO","LGBO","5","[c]","[c]","[c]"
"Leaver CS","2022","Unknown","AA/AO","Undeclared","55","[c]","[c]","[c]"
"Leaver CS","2022","Unknown","AA/AO","Unknown","3920","[c]","21630","21260"
"Leaver CS","2022","Unknown","EO","Heterosexual / straight","40","[c]","[c]","[c]"
"Leaver CS","2022","Unknown","EO","LGBO","[c]","[c]","[c]","[c]"
"Leaver CS","2022","Unknown","EO","Undeclared","90","[c]","[c]","[c]"
"Leaver CS","2022","Unknown","EO","Unknown","1665","[c]","27260","27570"
"Leaver CS","2022","Unknown","G6/G7","Heterosexual / straight","30","[c]","[c]","[c]"
"Leaver CS","2022","Unknown","G6/G7","LGBO","[c]","[c]","[c]","[c]"
"Leaver CS","2022","Unknown","G6/G7","Undeclared","120","[c]","[c]","[c]"
"Leaver CS","2022","Unknown","G6/G7","Unknown","625","[c]","60690","57430"
"Leaver CS","2022","Unknown","SCS level","Heterosexual / straight","10","[c]","[c]","[c]"
"Leaver CS","2022","Unknown","SCS level","LGBO","[c]","[c]","[c]","[c]"
"Leaver CS","2022","Unknown","SCS level","Undeclared","20","[c]","[c]","[c]"
"Leaver CS","2022","Unknown","SCS level","Unknown","95","[c]","107180","95140"
"Leaver CS","2022","Unknown","SEO/HEO","Heterosexual / straight","55","[c]","39050","37450"
"Leaver CS","2022","Unknown","SEO/HEO","LGBO","5","[c]","[c]","[c]"
"Leaver CS","2022","Unknown","SEO/HEO","Undeclared","200","[c]","38700","38170"
"Leaver CS","2022","Unknown","SEO/HEO","Unknown","1300","[c]","36770","36130"
"Leaver CS","2022","Unknown","Unknown","Heterosexual / straight","15","[c]","[c]","[c]"
"Leaver CS","2022","Unknown","Unknown","LGBO","[c]","[c]","[c]","[c]"
"Leaver CS","2022","Unknown","Unknown","Undeclared","50","[c]","[c]","[c]"
"Leaver CS","2022","Unknown","Unknown","Unknown","865","[c]","36370","33420"
"Leaver CS","2022","White","AA/AO","Heterosexual / straight","7585","[c]","21700","21260"
"Leaver CS","2022","White","AA/AO","LGBO","630","[c]","21400","21260"
"Leaver CS","2022","White","AA/AO","Undeclared","645","[c]","21660","21260"
"Leaver CS","2022","White","AA/AO","Unknown","2240","[c]","22030","21260"
"Leaver CS","2022","White","EO","Heterosexual / straight","4800","[c]","27620","27570"
"Leaver CS","2022","White","EO","LGBO","430","[c]","27420","27570"
"Leaver CS","2022","White","EO","Undeclared","500","[c]","27610","27570"
"Leaver CS","2022","White","EO","Unknown","1040","[c]","27960","27570"
"Leaver CS","2022","White","G6/G7","Heterosexual / straight","2010","[c]","60250","57680"
"Leaver CS","2022","White","G6/G7","LGBO","140","[c]","60910","57540"
"Leaver CS","2022","White","G6/G7","Undeclared","185","[c]","60940","58190"
"Leaver CS","2022","White","G6/G7","Unknown","520","[c]","59920","59000"
"Leaver CS","2022","White","SCS level","Heterosexual / straight","355","[c]","96000","92900"
"Leaver CS","2022","White","SCS level","LGBO","20","[c]","[c]","[c]"
"Leaver CS","2022","White","SCS level","Undeclared","25","[c]","[c]","[c]"
"Leaver CS","2022","White","SCS level","Unknown","95","[c]","100110","92100"
"Leaver CS","2022","White","SEO/HEO","Heterosexual / straight","4160","[c]","37560","36810"
"Leaver CS","2022","White","SEO/HEO","LGBO","295","[c]","36510","36330"
"Leaver CS","2022","White","SEO/HEO","Undeclared","400","[c]","38080","37520"
"Leaver CS","2022","White","SEO/HEO","Unknown","920","[c]","38100","37290"
"Leaver CS","2022","White","Unknown","Heterosexual / straight","970","[c]","38040","34310"
"Leaver CS","2022","White","Unknown","LGBO","80","[c]","[c]","[c]"
"Leaver CS","2022","White","Unknown","Undeclared","60","[c]","[c]","[c]"
"Leaver CS","2022","White","Unknown","Unknown","10","[c]","[c]","[c]"
"Leaver Dept.","2022","Asian","AA/AO","Heterosexual / straight","330","[c]","21820","21260"
"Leaver Dept.","2022","Asian","AA/AO","LGBO","5","[c]","[c]","[c]"
"Leaver Dept.","2022","Asian","AA/AO","Undeclared","15","[c]","[c]","[c]"
"Leaver Dept.","2022","Asian","AA/AO","Unknown","70","[c]","[c]","[c]"
"Leaver Dept.","2022","Asian","EO","Heterosexual / straight","665","[c]","27590","27570"
"Leaver Dept.","2022","Asian","EO","LGBO","15","[c]","[c]","[c]"
"Leaver Dept.","2022","Asian","EO","Undeclared","40","[c]","27260","27570"
"Leaver Dept.","2022","Asian","EO","Unknown","60","[c]","[c]","[c]"
"Leaver Dept.","2022","Asian","G6/G7","Heterosexual / straight","240","[c]","58470","54700"
"Leaver Dept.","2022","Asian","G6/G7","LGBO","15","[c]","[c]","[c]"
"Leaver Dept.","2022","Asian","G6/G7","Undeclared","30","[c]","[c]","[c]"
"Leaver Dept.","2022","Asian","G6/G7","Unknown","40","[c]","[c]","[c]"
"Leaver Dept.","2022","Asian","SCS level","Heterosexual / straight","60","[c]","99310","98000"
"Leaver Dept.","2022","Asian","SCS level","LGBO","[c]","[c]","[c]","[c]"
"Leaver Dept.","2022","Asian","SCS level","Undeclared","5","[c]","[c]","[c]"
"Leaver Dept.","2022","Asian","SCS level","Unknown","15","[c]","[c]","[c]"
"Leaver Dept.","2022","Asian","SEO/HEO","Heterosexual / straight","650","[c]","36170","35330"
"Leaver Dept.","2022","Asian","SEO/HEO","LGBO","30","[c]","[c]","[c]"
"Leaver Dept.","2022","Asian","SEO/HEO","Undeclared","50","[c]","36120","35070"
"Leaver Dept.","2022","Asian","SEO/HEO","Unknown","75","[c]","38360","38360"
"Leaver Dept.","2022","Asian","Unknown","Heterosexual / straight","15","[c]","[c]","[c]"
"Leaver Dept.","2022","Asian","Unknown","LGBO","[c]","[c]","[c]","[c]"
"Leaver Dept.","2022","Asian","Unknown","Undeclared","[c]","[c]","[c]","[c]"
"Leaver Dept.","2022","Asian","Unknown","Unknown","[c]","[c]","[c]","[c]"
"Leaver Dept.","2022","Black","AA/AO","Heterosexual / straight","140","[c]","22190","21260"
"Leaver Dept.","2022","Black","AA/AO","LGBO","[c]","[c]","[c]","[c]"
"Leaver Dept.","2022","Black","AA/AO","Undeclared","5","[c]","[c]","[c]"
"Leaver Dept.","2022","Black","AA/AO","Unknown","20","[c]","[c]","[c]"
"Leaver Dept.","2022","Black","EO","Heterosexual / straight","330","[c]","27890","27570"
"Leaver Dept.","2022","Black","EO","LGBO","15","[c]","[c]","[c]"
"Leaver Dept.","2022","Black","EO","Undeclared","15","[c]","[c]","[c]"
"Leaver Dept.","2022","Black","EO","Unknown","25","[c]","[c]","[c]"
"Leaver Dept.","2022","Black","G6/G7","Heterosexual / straight","125","[c]","56490","53600"
"Leaver Dept.","2022","Black","G6/G7","LGBO","[c]","[c]","[c]","[c]"
"Leaver Dept.","2022","Black","G6/G7","Undeclared","10","[c]","[c]","[c]"
"Leaver Dept.","2022","Black","G6/G7","Unknown","20","[c]","[c]","[c]"
"Leaver Dept.","2022","Black","SCS level","Heterosexual / straight","20","[c]","[c]","[c]"
"Leaver Dept.","2022","Black","SCS level","LGBO","[c]","[c]","[c]","[c]"
"Leaver Dept.","2022","Black","SCS level","Undeclared","[c]","[c]","[c]","[c]"
"Leaver Dept.","2022","Black","SCS level","Unknown","5","[c]","[c]","[c]"
"Leaver Dept.","2022","Black","SEO/HEO","Heterosexual / straight","405","[c]","36350","36160"
"Leaver Dept.","2022","Black","SEO/HEO","LGBO","10","[c]","[c]","[c]"
"Leaver Dept.","2022","Black","SEO/HEO","Undeclared","25","[c]","[c]","[c]"
"Leaver Dept.","2022","Black","SEO/HEO","Unknown","50","[c]","[c]","[c]"
"Leaver Dept.","2022","Black","Unknown","Heterosexual / straight","15","[c]","[c]","[c]"
"Leaver Dept.","2022","Black","Unknown","LGBO","[c]","[c]","[c]","[c]"
"Leaver Dept.","2022","Black","Unknown","Undeclared","[c]","[c]","[c]","[c]"
"Leaver Dept.","2022","Black","Unknown","Unknown","[c]","[c]","[c]","[c]"
"Leaver Dept.","2022","Mixed","AA/AO","Heterosexual / straight","45","[c]","21220","21260"
"Leaver Dept.","2022","Mixed","AA/AO","LGBO","5","[c]","[c]","[c]"
"Leaver Dept.","2022","Mixed","AA/AO","Undeclared","10","[c]","[c]","[c]"
"Leaver Dept.","2022","Mixed","AA/AO","Unknown","10","[c]","[c]","[c]"
"Leaver Dept.","2022","Mixed","EO","Heterosexual / straight","120","[c]","27550","27570"
"Leaver Dept.","2022","Mixed","EO","LGBO","20","[c]","[c]","[c]"
"Leaver Dept.","2022","Mixed","EO","Undeclared","10","[c]","[c]","[c]"
"Leaver Dept.","2022","Mixed","EO","Unknown","15","[c]","[c]","[c]"
"Leaver Dept.","2022","Mixed","G6/G7","Heterosexual / straight","85","[c]","55910","54350"
"Leaver Dept.","2022","Mixed","G6/G7","LGBO","15","[c]","[c]","[c]"
"Leaver Dept.","2022","Mixed","G6/G7","Undeclared","10","[c]","[c]","[c]"
"Leaver Dept.","2022","Mixed","G6/G7","Unknown","15","[c]","[c]","[c]"
"Leaver Dept.","2022","Mixed","SCS level","Heterosexual / straight","10","[c]","[c]","[c]"
"Leaver Dept.","2022","Mixed","SCS level","LGBO","[c]","[c]","[c]","[c]"
"Leaver Dept.","2022","Mixed","SCS level","Undeclared","[c]","[c]","[c]","[c]"
"Leaver Dept.","2022","Mixed","SCS level","Unknown","[c]","[c]","[c]","[c]"
"Leaver Dept.","2022","Mixed","SEO/HEO","Heterosexual / straight","190","[c]","36090","34770"
"Leaver Dept.","2022","Mixed","SEO/HEO","LGBO","35","[c]","35900","35070"
"Leaver Dept.","2022","Mixed","SEO/HEO","Undeclared","15","[c]","[c]","[c]"
"Leaver Dept.","2022","Mixed","SEO/HEO","Unknown","25","[c]","[c]","[c]"
"Leaver Dept.","2022","Mixed","Unknown","Heterosexual / straight","[c]","[c]","[c]","[c]"
"Leaver Dept.","2022","Mixed","Unknown","LGBO","[c]","[c]","[c]","[c]"
"Leaver Dept.","2022","Mixed","Unknown","Undeclared","[c]","[c]","[c]","[c]"
"Leaver Dept.","2022","Mixed","Unknown","Unknown","[c]","[c]","[c]","[c]"
"Leaver Dept.","2022","Other ethnicity","AA/AO","Heterosexual / straight","10","[c]","[c]","[c]"
"Leaver Dept.","2022","Other ethnicity","AA/AO","LGBO","[c]","[c]","[c]","[c]"
"Leaver Dept.","2022","Other ethnicity","AA/AO","Undeclared","[c]","[c]","[c]","[c]"
"Leaver Dept.","2022","Other ethnicity","AA/AO","Unknown","[c]","[c]","[c]","[c]"
"Leaver Dept.","2022","Other ethnicity","EO","Heterosexual / straight","35","[c]","27590","27570"
"Leaver Dept.","2022","Other ethnicity","EO","LGBO","[c]","[c]","[c]","[c]"
"Leaver Dept.","2022","Other ethnicity","EO","Undeclared","10","[c]","[c]","[c]"
"Leaver Dept.","2022","Other ethnicity","EO","Unknown","5","[c]","[c]","[c]"
"Leaver Dept.","2022","Other ethnicity","G6/G7","Heterosexual / straight","20","[c]","[c]","[c]"
"Leaver Dept.","2022","Other ethnicity","G6/G7","LGBO","[c]","[c]","[c]","[c]"
"Leaver Dept.","2022","Other ethnicity","G6/G7","Undeclared","10","[c]","[c]","[c]"
"Leaver Dept.","2022","Other ethnicity","G6/G7","Unknown","5","[c]","[c]","[c]"
"Leaver Dept.","2022","Other ethnicity","SCS level","Heterosexual / straight","5","[c]","[c]","[c]"
"Leaver Dept.","2022","Other ethnicity","SCS level","LGBO","[c]","[c]","[c]","[c]"
"Leaver Dept.","2022","Other ethnicity","SCS level","Undeclared","[c]","[c]","[c]","[c]"
"Leaver Dept.","2022","Other ethnicity","SCS level","Unknown","[c]","[c]","[c]","[c]"
"Leaver Dept.","2022","Other ethnicity","SEO/HEO","Heterosexual / straight","55","[c]","35640","34800"
"Leaver Dept.","2022","Other ethnicity","SEO/HEO","LGBO","[c]","[c]","[c]","[c]"
"Leaver Dept.","2022","Other ethnicity","SEO/HEO","Undeclared","5","[c]","[c]","[c]"
"Leaver Dept.","2022","Other ethnicity","SEO/HEO","Unknown","10","[c]","[c]","[c]"
"Leaver Dept.","2022","Other ethnicity","Unknown","Heterosexual / straight","[c]","[c]","[c]","[c]"
"Leaver Dept.","2022","Other ethnicity","Unknown","LGBO","[c]","[c]","[c]","[c]"
"Leaver Dept.","2022","Other ethnicity","Unknown","Undeclared","[c]","[c]","[c]","[c]"
"Leaver Dept.","2022","Other ethnicity","Unknown","Unknown","[c]","[c]","[c]","[c]"
"Leaver Dept.","2022","Undeclared","AA/AO","Heterosexual / straight","20","[c]","[c]","[c]"
"Leaver Dept.","2022","Undeclared","AA/AO","LGBO","[c]","[c]","[c]","[c]"
"Leaver Dept.","2022","Undeclared","AA/AO","Undeclared","60","[c]","21960","21260"
"Leaver Dept.","2022","Undeclared","AA/AO","Unknown","40","[c]","[c]","[c]"
"Leaver Dept.","2022","Undeclared","EO","Heterosexual / straight","45","[c]","27430","27570"
"Leaver Dept.","2022","Undeclared","EO","LGBO","10","[c]","[c]","[c]"
"Leaver Dept.","2022","Undeclared","EO","Undeclared","75","[c]","26760","27570"
"Leaver Dept.","2022","Undeclared","EO","Unknown","40","[c]","26540","27500"
"Leaver Dept.","2022","Undeclared","G6/G7","Heterosexual / straight","30","[c]","57590","54700"
"Leaver Dept.","2022","Undeclared","G6/G7","LGBO","[c]","[c]","[c]","[c]"
"Leaver Dept.","2022","Undeclared","G6/G7","Undeclared","120","[c]","57460","54700"
"Leaver Dept.","2022","Undeclared","G6/G7","Unknown","130","[c]","58690","56140"
"Leaver Dept.","2022","Undeclared","SCS level","Heterosexual / straight","[c]","[c]","[c]","[c]"
"Leaver Dept.","2022","Undeclared","SCS level","LGBO","[c]","[c]","[c]","[c]"
"Leaver Dept.","2022","Undeclared","SCS level","Undeclared","15","[c]","[c]","[c]"
"Leaver Dept.","2022","Undeclared","SCS level","Unknown","20","[c]","[c]","[c]"
"Leaver Dept.","2022","Undeclared","SEO/HEO","Heterosexual / straight","60","[c]","36270","35310"
"Leaver Dept.","2022","Undeclared","SEO/HEO","LGBO","5","[c]","[c]","[c]"
"Leaver Dept.","2022","Undeclared","SEO/HEO","Undeclared","225","[c]","36850","36330"
"Leaver Dept.","2022","Undeclared","SEO/HEO","Unknown","160","[c]","35730","35480"
"Leaver Dept.","2022","Undeclared","Unknown","Heterosexual / straight","[c]","[c]","[c]","[c]"
"Leaver Dept.","2022","Undeclared","Unknown","LGBO","[c]","[c]","[c]","[c]"
"Leaver Dept.","2022","Undeclared","Unknown","Undeclared","5","[c]","[c]","[c]"
"Leaver Dept.","2022","Undeclared","Unknown","Unknown","[c]","[c]","[c]","[c]"
"Leaver Dept.","2022","Unknown","AA/AO","Heterosexual / straight","30","[c]","[c]","[c]"
"Leaver Dept.","2022","Unknown","AA/AO","LGBO","[c]","[c]","[c]","[c]"
"Leaver Dept.","2022","Unknown","AA/AO","Undeclared","10","[c]","[c]","[c]"
"Leaver Dept.","2022","Unknown","AA/AO","Unknown","555","[c]","21470","21260"
"Leaver Dept.","2022","Unknown","EO","Heterosexual / straight","30","[c]","[c]","[c]"
"Leaver Dept.","2022","Unknown","EO","LGBO","[c]","[c]","[c]","[c]"
"Leaver Dept.","2022","Unknown","EO","Undeclared","140","[c]","[c]","[c]"
"Leaver Dept.","2022","Unknown","EO","Unknown","535","[c]","27480","27570"
"Leaver Dept.","2022","Unknown","G6/G7","Heterosexual / straight","35","[c]","[c]","[c]"
"Leaver Dept.","2022","Unknown","G6/G7","LGBO","[c]","[c]","[c]","[c]"
"Leaver Dept.","2022","Unknown","G6/G7","Undeclared","325","[c]","[c]","[c]"
"Leaver Dept.","2022","Unknown","G6/G7","Unknown","495","[c]","58380","54760"
"Leaver Dept.","2022","Unknown","SCS level","Heterosexual / straight","15","[c]","[c]","[c]"
"Leaver Dept.","2022","Unknown","SCS level","LGBO","[c]","[c]","[c]","[c]"
"Leaver Dept.","2022","Unknown","SCS level","Undeclared","65","[c]","[c]","[c]"
"Leaver Dept.","2022","Unknown","SCS level","Unknown","75","[c]","88440","81910"
"Leaver Dept.","2022","Unknown","SEO/HEO","Heterosexual / straight","85","[c]","36080","35070"
"Leaver Dept.","2022","Unknown","SEO/HEO","LGBO","5","[c]","[c]","[c]"
"Leaver Dept.","2022","Unknown","SEO/HEO","Undeclared","425","[c]","[c]","[c]"
"Leaver Dept.","2022","Unknown","SEO/HEO","Unknown","1345","[c]","34230","32000"
"Leaver Dept.","2022","Unknown","Unknown","Heterosexual / straight","5","[c]","[c]","[c]"
"Leaver Dept.","2022","Unknown","Unknown","LGBO","[c]","[c]","[c]","[c]"
"Leaver Dept.","2022","Unknown","Unknown","Undeclared","60","[c]","[c]","[c]"
"Leaver Dept.","2022","Unknown","Unknown","Unknown","75","[c]","[c]","[c]"
"Leaver Dept.","2022","White","AA/AO","Heterosexual / straight","1355","[c]","21330","21260"
"Leaver Dept.","2022","White","AA/AO","LGBO","125","[c]","21430","21260"
"Leaver Dept.","2022","White","AA/AO","Undeclared","120","[c]","21330","21260"
"Leaver Dept.","2022","White","AA/AO","Unknown","360","[c]","21330","21260"
"Leaver Dept.","2022","White","EO","Heterosexual / straight","2255","[c]","26630","27570"
"Leaver Dept.","2022","White","EO","LGBO","255","[c]","27140","27570"
"Leaver Dept.","2022","White","EO","Undeclared","190","[c]","26660","27500"
"Leaver Dept.","2022","White","EO","Unknown","285","[c]","27450","27570"
"Leaver Dept.","2022","White","G6/G7","Heterosexual / straight","2165","[c]","57890","55130"
"Leaver Dept.","2022","White","G6/G7","LGBO","215","[c]","57040","54700"
"Leaver Dept.","2022","White","G6/G7","Undeclared","215","[c]","58720","54730"
"Leaver Dept.","2022","White","G6/G7","Unknown","425","[c]","58680","55210"
"Leaver Dept.","2022","White","SCS level","Heterosexual / straight","395","[c]","95090","92500"
"Leaver Dept.","2022","White","SCS level","LGBO","30","[c]","[c]","[c]"
"Leaver Dept.","2022","White","SCS level","Undeclared","35","[c]","100210","100670"
"Leaver Dept.","2022","White","SCS level","Unknown","80","[c]","117330","114000"
"Leaver Dept.","2022","White","SEO/HEO","Heterosexual / straight","3785","[c]","35850","35590"
"Leaver Dept.","2022","White","SEO/HEO","LGBO","440","[c]","35650","35060"
"Leaver Dept.","2022","White","SEO/HEO","Undeclared","355","[c]","35850","35310"
"Leaver Dept.","2022","White","SEO/HEO","Unknown","540","[c]","37250","37060"
"Leaver Dept.","2022","White","Unknown","Heterosexual / straight","115","[c]","[c]","[c]"
"Leaver Dept.","2022","White","Unknown","LGBO","15","[c]","[c]","[c]"
"Leaver Dept.","2022","White","Unknown","Undeclared","5","[c]","[c]","[c]"
"Leaver Dept.","2022","White","Unknown","Unknown","15","[c]","[c]","[c]"
"New entrant CS","2022","Asian","AA/AO","Heterosexual / straight","1440","[c]","21990","21260"
"New entrant CS","2022","Asian","AA/AO","LGBO","35","[c]","21870","21260"
"New entrant CS","2022","Asian","AA/AO","Undeclared","60","[c]","21330","21250"
"New entrant CS","2022","Asian","AA/AO","Unknown","115","[c]","21260","21250"
"New entrant CS","2022","Asian","EO","Heterosexual / straight","1565","[c]","27760","27570"
"New entrant CS","2022","Asian","EO","LGBO","40","[c]","27030","27270"
"New entrant CS","2022","Asian","EO","Undeclared","55","[c]","27850","27570"
"New entrant CS","2022","Asian","EO","Unknown","60","[c]","27290","26590"
"New entrant CS","2022","Asian","G6/G7","Heterosexual / straight","265","[c]","56400","54030"
"New entrant CS","2022","Asian","G6/G7","LGBO","5","[c]","[c]","[c]"
"New entrant CS","2022","Asian","G6/G7","Undeclared","15","[c]","[c]","[c]"
"New entrant CS","2022","Asian","G6/G7","Unknown","15","[c]","[c]","[c]"
"New entrant CS","2022","Asian","SCS level","Heterosexual / straight","20","[c]","[c]","[c]"
"New entrant CS","2022","Asian","SCS level","LGBO","[c]","[c]","[c]","[c]"
"New entrant CS","2022","Asian","SCS level","Undeclared","[c]","[c]","[c]","[c]"
"New entrant CS","2022","Asian","SCS level","Unknown","[c]","[c]","[c]","[c]"
"New entrant CS","2022","Asian","SEO/HEO","Heterosexual / straight","995","[c]","35600","34260"
"New entrant CS","2022","Asian","SEO/HEO","LGBO","40","[c]","36960","36820"
"New entrant CS","2022","Asian","SEO/HEO","Undeclared","50","[c]","35320","34550"
"New entrant CS","2022","Asian","SEO/HEO","Unknown","70","[c]","35760","33840"
"New entrant CS","2022","Asian","Unknown","Heterosexual / straight","245","[c]","28030","24800"
"New entrant CS","2022","Asian","Unknown","LGBO","10","[c]","[c]","[c]"
"New entrant CS","2022","Asian","Unknown","Undeclared","10","[c]","[c]","[c]"
"New entrant CS","2022","Asian","Unknown","Unknown","[c]","[c]","[c]","[c]"
"New entrant CS","2022","Black","AA/AO","Heterosexual / straight","625","[c]","23150","21260"
"New entrant CS","2022","Black","AA/AO","LGBO","20","[c]","[c]","[c]"
"New entrant CS","2022","Black","AA/AO","Undeclared","15","[c]","[c]","[c]"
"New entrant CS","2022","Black","AA/AO","Unknown","25","[c]","[c]","[c]"
"New entrant CS","2022","Black","EO","Heterosexual / straight","785","[c]","28280","27570"
"New entrant CS","2022","Black","EO","LGBO","25","[c]","[c]","[c]"
"New entrant CS","2022","Black","EO","Undeclared","35","[c]","27750","27620"
"New entrant CS","2022","Black","EO","Unknown","20","[c]","[c]","[c]"
"New entrant CS","2022","Black","G6/G7","Heterosexual / straight","105","[c]","54980","53420"
"New entrant CS","2022","Black","G6/G7","LGBO","[c]","[c]","[c]","[c]"
"New entrant CS","2022","Black","G6/G7","Undeclared","[c]","[c]","[c]","[c]"
"New entrant CS","2022","Black","G6/G7","Unknown","[c]","[c]","[c]","[c]"
"New entrant CS","2022","Black","SCS level","Heterosexual / straight","[c]","[c]","[c]","[c]"
"New entrant CS","2022","Black","SCS level","LGBO","[c]","[c]","[c]","[c]"
"New entrant CS","2022","Black","SCS level","Undeclared","[c]","[c]","[c]","[c]"
"New entrant CS","2022","Black","SCS level","Unknown","[c]","[c]","[c]","[c]"
"New entrant CS","2022","Black","SEO/HEO","Heterosexual / straight","505","[c]","36000","34850"
"New entrant CS","2022","Black","SEO/HEO","LGBO","20","[c]","[c]","[c]"
"New entrant CS","2022","Black","SEO/HEO","Undeclared","25","[c]","[c]","[c]"
"New entrant CS","2022","Black","SEO/HEO","Unknown","25","[c]","[c]","[c]"
"New entrant CS","2022","Black","Unknown","Heterosexual / straight","440","[c]","30190","27980"
"New entrant CS","2022","Black","Unknown","LGBO","5","[c]","[c]","[c]"
"New entrant CS","2022","Black","Unknown","Undeclared","20","[c]","[c]","[c]"
"New entrant CS","2022","Black","Unknown","Unknown","[c]","[c]","[c]","[c]"
"New entrant CS","2022","Mixed","AA/AO","Heterosexual / straight","370","[c]","22610","21260"
"New entrant CS","2022","Mixed","AA/AO","LGBO","60","[c]","22070","21260"
"New entrant CS","2022","Mixed","AA/AO","Undeclared","40","[c]","22450","21260"
"New entrant CS","2022","Mixed","AA/AO","Unknown","20","[c]","[c]","[c]"
"New entrant CS","2022","Mixed","EO","Heterosexual / straight","370","[c]","27440","27570"
"New entrant CS","2022","Mixed","EO","LGBO","45","[c]","26930","27530"
"New entrant CS","2022","Mixed","EO","Undeclared","30","[c]","[c]","[c]"
"New entrant CS","2022","Mixed","EO","Unknown","10","[c]","[c]","[c]"
"New entrant CS","2022","Mixed","G6/G7","Heterosexual / straight","80","[c]","54620","53240"
"New entrant CS","2022","Mixed","G6/G7","LGBO","10","[c]","[c]","[c]"
"New entrant CS","2022","Mixed","G6/G7","Undeclared","5","[c]","[c]","[c]"
"New entrant CS","2022","Mixed","G6/G7","Unknown","5","[c]","[c]","[c]"
"New entrant CS","2022","Mixed","SCS level","Heterosexual / straight","[c]","[c]","[c]","[c]"
"New entrant CS","2022","Mixed","SCS level","LGBO","[c]","[c]","[c]","[c]"
"New entrant CS","2022","Mixed","SCS level","Undeclared","[c]","[c]","[c]","[c]"
"New entrant CS","2022","Mixed","SCS level","Unknown","[c]","[c]","[c]","[c]"
"New entrant CS","2022","Mixed","SEO/HEO","Heterosexual / straight","270","[c]","35230","34260"
"New entrant CS","2022","Mixed","SEO/HEO","LGBO","55","[c]","35000","34260"
"New entrant CS","2022","Mixed","SEO/HEO","Undeclared","30","[c]","[c]","[c]"
"New entrant CS","2022","Mixed","SEO/HEO","Unknown","20","[c]","[c]","[c]"
"New entrant CS","2022","Mixed","Unknown","Heterosexual / straight","175","[c]","29400","27060"
"New entrant CS","2022","Mixed","Unknown","LGBO","20","[c]","[c]","[c]"
"New entrant CS","2022","Mixed","Unknown","Undeclared","10","[c]","[c]","[c]"
"New entrant CS","2022","Mixed","Unknown","Unknown","5","[c]","[c]","[c]"
"New entrant CS","2022","Other ethnicity","AA/AO","Heterosexual / straight","115","[c]","23320","21260"
"New entrant CS","2022","Other ethnicity","AA/AO","LGBO","15","[c]","[c]","[c]"
"New entrant CS","2022","Other ethnicity","AA/AO","Undeclared","5","[c]","[c]","[c]"
"New entrant CS","2022","Other ethnicity","AA/AO","Unknown","[c]","[c]","[c]","[c]"
"New entrant CS","2022","Other ethnicity","EO","Heterosexual / straight","95","[c]","27870","27570"
"New entrant CS","2022","Other ethnicity","EO","LGBO","10","[c]","[c]","[c]"
"New entrant CS","2022","Other ethnicity","EO","Undeclared","5","[c]","[c]","[c]"
"New entrant CS","2022","Other ethnicity","EO","Unknown","10","[c]","[c]","[c]"
"New entrant CS","2022","Other ethnicity","G6/G7","Heterosexual / straight","15","[c]","[c]","[c]"
"New entrant CS","2022","Other ethnicity","G6/G7","LGBO","[c]","[c]","[c]","[c]"
"New entrant CS","2022","Other ethnicity","G6/G7","Undeclared","[c]","[c]","[c]","[c]"
"New entrant CS","2022","Other ethnicity","G6/G7","Unknown","[c]","[c]","[c]","[c]"
"New entrant CS","2022","Other ethnicity","SCS level","Heterosexual / straight","[c]","[c]","[c]","[c]"
"New entrant CS","2022","Other ethnicity","SCS level","LGBO","[c]","[c]","[c]","[c]"
"New entrant CS","2022","Other ethnicity","SCS level","Undeclared","[c]","[c]","[c]","[c]"
"New entrant CS","2022","Other ethnicity","SCS level","Unknown","[c]","[c]","[c]","[c]"
"New entrant CS","2022","Other ethnicity","SEO/HEO","Heterosexual / straight","80","[c]","36130","36250"
"New entrant CS","2022","Other ethnicity","SEO/HEO","LGBO","5","[c]","[c]","[c]"
"New entrant CS","2022","Other ethnicity","SEO/HEO","Undeclared","10","[c]","[c]","[c]"
"New entrant CS","2022","Other ethnicity","SEO/HEO","Unknown","[c]","[c]","[c]","[c]"
"New entrant CS","2022","Other ethnicity","Unknown","Heterosexual / straight","35","[c]","30090","28450"
"New entrant CS","2022","Other ethnicity","Unknown","LGBO","5","[c]","[c]","[c]"
"New entrant CS","2022","Other ethnicity","Unknown","Undeclared","5","[c]","[c]","[c]"
"New entrant CS","2022","Other ethnicity","Unknown","Unknown","[c]","[c]","[c]","[c]"
"New entrant CS","2022","Undeclared","AA/AO","Heterosexual / straight","90","[c]","22060","21260"
"New entrant CS","2022","Undeclared","AA/AO","LGBO","5","[c]","[c]","[c]"
"New entrant CS","2022","Undeclared","AA/AO","Undeclared","140","[c]","22030","21260"
"New entrant CS","2022","Undeclared","AA/AO","Unknown","20","[c]","[c]","[c]"
"New entrant CS","2022","Undeclared","EO","Heterosexual / straight","70","[c]","28120","27570"
"New entrant CS","2022","Undeclared","EO","LGBO","10","[c]","[c]","[c]"
"New entrant CS","2022","Undeclared","EO","Undeclared","140","[c]","27470","27570"
"New entrant CS","2022","Undeclared","EO","Unknown","10","[c]","[c]","[c]"
"New entrant CS","2022","Undeclared","G6/G7","Heterosexual / straight","20","[c]","[c]","[c]"
"New entrant CS","2022","Undeclared","G6/G7","LGBO","[c]","[c]","[c]","[c]"
"New entrant CS","2022","Undeclared","G6/G7","Undeclared","75","[c]","55690","53530"
"New entrant CS","2022","Undeclared","G6/G7","Unknown","5","[c]","[c]","[c]"
"New entrant CS","2022","Undeclared","SCS level","Heterosexual / straight","[c]","[c]","[c]","[c]"
"New entrant CS","2022","Undeclared","SCS level","LGBO","[c]","[c]","[c]","[c]"
"New entrant CS","2022","Undeclared","SCS level","Undeclared","[c]","[c]","[c]","[c]"
"New entrant CS","2022","Undeclared","SCS level","Unknown","[c]","[c]","[c]","[c]"
"New entrant CS","2022","Undeclared","SEO/HEO","Heterosexual / straight","45","[c]","35550","34260"
"New entrant CS","2022","Undeclared","SEO/HEO","LGBO","5","[c]","[c]","[c]"
"New entrant CS","2022","Undeclared","SEO/HEO","Undeclared","175","[c]","35870","35550"
"New entrant CS","2022","Undeclared","SEO/HEO","Unknown","30","[c]","34350","33080"
"New entrant CS","2022","Undeclared","Unknown","Heterosexual / straight","40","[c]","28490","24800"
"New entrant CS","2022","Undeclared","Unknown","LGBO","[c]","[c]","[c]","[c]"
"New entrant CS","2022","Undeclared","Unknown","Undeclared","95","[c]","32560","30060"
"New entrant CS","2022","Undeclared","Unknown","Unknown","[c]","[c]","[c]","[c]"
"New entrant CS","2022","Unknown","AA/AO","Heterosexual / straight","105","[c]","21910","21250"
"New entrant CS","2022","Unknown","AA/AO","LGBO","5","[c]","[c]","[c]"
"New entrant CS","2022","Unknown","AA/AO","Undeclared","30","[c]","20760","21260"
"New entrant CS","2022","Unknown","AA/AO","Unknown","7910","[c]","22090","21260"
"New entrant CS","2022","Unknown","EO","Heterosexual / straight","70","[c]","27240","27570"
"New entrant CS","2022","Unknown","EO","LGBO","5","[c]","[c]","[c]"
"New entrant CS","2022","Unknown","EO","Undeclared","170","[c]","26440","27270"
"New entrant CS","2022","Unknown","EO","Unknown","4375","[c]","26930","26740"
"New entrant CS","2022","Unknown","G6/G7","Heterosexual / straight","40","[c]","56900","53920"
"New entrant CS","2022","Unknown","G6/G7","LGBO","5","[c]","[c]","[c]"
"New entrant CS","2022","Unknown","G6/G7","Undeclared","95","[c]","55170","53360"
"New entrant CS","2022","Unknown","G6/G7","Unknown","1125","[c]","59380","57190"
"New entrant CS","2022","Unknown","SCS level","Heterosexual / straight","[c]","[c]","[c]","[c]"
"New entrant CS","2022","Unknown","SCS level","LGBO","[c]","[c]","[c]","[c]"
"New entrant CS","2022","Unknown","SCS level","Undeclared","10","[c]","[c]","[c]"
"New entrant CS","2022","Unknown","SCS level","Unknown","115","[c]","103370","90000"
"New entrant CS","2022","Unknown","SEO/HEO","Heterosexual / straight","105","[c]","35530","34170"
"New entrant CS","2022","Unknown","SEO/HEO","LGBO","10","[c]","[c]","[c]"
"New entrant CS","2022","Unknown","SEO/HEO","Undeclared","290","[c]","34700","32790"
"New entrant CS","2022","Unknown","SEO/HEO","Unknown","3685","[c]","34120","33080"
"New entrant CS","2022","Unknown","Unknown","Heterosexual / straight","45","[c]","27170","27060"
"New entrant CS","2022","Unknown","Unknown","LGBO","[c]","[c]","[c]","[c]"
"New entrant CS","2022","Unknown","Unknown","Undeclared","25","[c]","[c]","[c]"
"New entrant CS","2022","Unknown","Unknown","Unknown","3375","[c]","27700","26250"
"New entrant CS","2022","White","AA/AO","Heterosexual / straight","10505","[c]","21970","21260"
"New entrant CS","2022","White","AA/AO","LGBO","1355","[c]","21880","21260"
"New entrant CS","2022","White","AA/AO","Undeclared","505","[c]","21830","21260"
"New entrant CS","2022","White","AA/AO","Unknown","500","[c]","21220","21250"
"New entrant CS","2022","White","EO","Heterosexual / straight","6665","[c]","26970","27230"
"New entrant CS","2022","White","EO","LGBO","910","[c]","26970","27230"
"New entrant CS","2022","White","EO","Undeclared","375","[c]","26790","26950"
"New entrant CS","2022","White","EO","Unknown","255","[c]","26480","26590"
"New entrant CS","2022","White","G6/G7","Heterosexual / straight","2230","[c]","56030","53480"
"New entrant CS","2022","White","G6/G7","LGBO","200","[c]","56260","53440"
"New entrant CS","2022","White","G6/G7","Undeclared","140","[c]","55230","53080"
"New entrant CS","2022","White","G6/G7","Unknown","80","[c]","54730","52730"
"New entrant CS","2022","White","SCS level","Heterosexual / straight","170","[c]","95380","88390"
"New entrant CS","2022","White","SCS level","LGBO","15","[c]","[c]","[c]"
"New entrant CS","2022","White","SCS level","Undeclared","10","[c]","[c]","[c]"
"New entrant CS","2022","White","SCS level","Unknown","5","[c]","[c]","[c]"
"New entrant CS","2022","White","SEO/HEO","Heterosexual / straight","6655","[c]","35320","33570"
"New entrant CS","2022","White","SEO/HEO","LGBO","885","[c]","34510","33080"
"New entrant CS","2022","White","SEO/HEO","Undeclared","475","[c]","35110","33950"
"New entrant CS","2022","White","SEO/HEO","Unknown","310","[c]","33310","33080"
"New entrant CS","2022","White","Unknown","Heterosexual / straight","4090","[c]","28960","25500"
"New entrant CS","2022","White","Unknown","LGBO","380","[c]","28840","24800"
"New entrant CS","2022","White","Unknown","Undeclared","170","[c]","29630","27030"
"New entrant CS","2022","White","Unknown","Unknown","30","[c]","30130","28200"
"Notes","Summary figures are suppressed when information relates to less than 5 civil servants for FTE or Headcount, and less than 10 civil servants for median and mean salary (shown as [c]). Zero responses and salaries for less than 30 civil servants have been suppressed for GPDR special category data. FTE figures are not shown for entrants or leavers due to data quality concerns for these groups. Figures are rounded to the nearest 5, or 10 as appropriate.","","","","","","",""
"Data source","All figures are aggregated from the Cabinet Office Annual Civil Service Employment Survey collection. https://www.gov.uk/government/collections/civil-service-statistics","","","","","","",""
"Version","Generated on 2023-02-14, with GIT 71a76ea.","","","","","","",""
"Data column","Description","","","","","","",""
"Status","Employment status of the civil servants.","","","","","","",""
"","In post - includes staff that were in post on the reference date (31 March).","","","","","","",""
"","New entrant CS - includes new entrants to the Civil Service over the year (1 April to 31 March).","","","","","","",""
"","Leaver CS - includes leavers from the Civil Service over the year (1 April to 31 March). This includes employees who have an Unknown leaving cause.","","","","","","",""
"","Leaver Dept. - includes leavers from the department over the year (1 April to 31 March), who did not leave the Civil Service.","","","","","","",""
"","Five organisations do not report when their employees first entered the Civil Service and so entrants data for these organisations is not available . These are as follows: Foreign Commonwealth and Development Office (excl. agencies), Foreign Commonwealth and Development Office Services, Defence Electronics and Components Agency, Scottish Forestry and Forest and Land Scotland. A further three organisations also could not provide entrants data in 2021. These are as follows: Department for International Development, Foreign and Commonwealth Office (excl. agencies) and Royal Fleet Auxiliary.","","","","","","",""
"","Organisation specific notes on status: In late June 2021 around 7,000 employees from Community Rehabilitation Companies were transferred in from the private sector to HM Prison and Probation Service, counting as entrants. HM Land Registry do not record where their departing employees transfer to and so are unable to identify those that transfer to another Civil Service department.","","","","","","",""
"Year","Year of data collection (as at 31 March).","","","","","","",""
"Responsibility_level_grouped","With the exception of the centrally managed Senior Civil Service, government departments have delegated pay and grading. For statistical purposes departments are asked to map their grades to a common framework by responsibility level.","","","","","","",""
"","This table shows staff in their substantive responsibility level unless on temporary promotion in which case staff are recorded at the higher responsibility level.","","","","","","",""
"","Responsibility_level_grouped combines the mapped grades into five broad responsibility levels. This is the headline measure for responsibility level for the Civil Service and is consistent with the published National Statistics.","","","","","","",""
"Ethnicity","Self reported ethnicity. ""Undeclared"" accounts for employees who have actively declared that they do not want to disclose their ethnicity and ""Unknown"" accounts for employees who have not made an active declaration about their ethnicity.","","","","","","",""
"Sexual_orientation","Self reported sexual orientation.","","","","","","",""
"","""Undeclared"" accounts for employees who have actively declared that they do not want to disclose their sexual orientation and ""Unknown"" accounts for employees who have not made an active declaration about their sexual orientation.","","","","","","",""
"Headcount","Total number of civil servants (rounded to nearest 5).","","","","","","",""
"FTE","Total full-time equivalent (FTE) employment numbers (rounded to nearest 5).","","","","","","",""
"","FTE figures are not shown for entrants or leavers due to data quality concerns for these groups.","","","","","","",""
"Mean_salary","Average salary (mean, rounded to nearest 10). For part-time employees, salaries represent the full-time equivalent earnings, while for full-time employees they are the actual annual gross salaries.","","","","","","",""
"","These figures should be interpreted with caution when the total number of employees in a group is small, as they will tend to show more variability than larger groups (i.e. may be much higher or lower than can be explained by the data shown).","","","","","","",""
"Median_salary","Median salary (rounded to nearest 10). For part-time employees, salaries represent the full-time equivalent earnings, while for full-time employees they are the actual annual gross salaries.","","","","","","",""
"","These figures should be interpreted with caution when the total number of employees in a group is small, as they will tend to show more variability than larger groups (i.e. may be much higher or lower than can be explained by the data shown).","","","","","","",""
