"Status","Year","Disability","Responsibility_level_grouped","Responsibility_level_ungrouped","Sexual_orientation","Headcount","FTE","Mean_salary","Median_salary"
"In post","2022","Declared disabled","AA/AO","AA","Heterosexual / straight","1455","1295","20540","20480"
"In post","2022","Declared disabled","AA/AO","AA","LGBO","145","140","20840","20980"
"In post","2022","Declared disabled","AA/AO","AA","Undeclared","245","200","19970","19200"
"In post","2022","Declared disabled","AA/AO","AA","Unknown","140","120","21330","21250"
"In post","2022","Declared disabled","AA/AO","AO","Heterosexual / straight","9990","8755","22680","21260"
"In post","2022","Declared disabled","AA/AO","AO","LGBO","1070","1010","23090","21260"
"In post","2022","Declared disabled","AA/AO","AO","Undeclared","1475","1275","22650","21260"
"In post","2022","Declared disabled","AA/AO","AO","Unknown","1205","1010","22620","21260"
"In post","2022","Declared disabled","EO","EO","Heterosexual / straight","12085","10965","27920","27570"
"In post","2022","Declared disabled","EO","EO","LGBO","1335","1280","27800","27570"
"In post","2022","Declared disabled","EO","EO","Undeclared","1680","1505","28000","27570"
"In post","2022","Declared disabled","EO","EO","Unknown","1170","1030","28780","27570"
"In post","2022","Declared disabled","G6/G7","G6","Heterosexual / straight","1040","1000","68620","67910"
"In post","2022","Declared disabled","G6/G7","G6","LGBO","140","135","67770","66240"
"In post","2022","Declared disabled","G6/G7","G6","Undeclared","140","130","69780","68160"
"In post","2022","Declared disabled","G6/G7","G6","Unknown","60","60","68410","66580"
"In post","2022","Declared disabled","G6/G7","G7","Heterosexual / straight","2965","2850","55100","54540"
"In post","2022","Declared disabled","G6/G7","G7","LGBO","450","440","54840","54280"
"In post","2022","Declared disabled","G6/G7","G7","Undeclared","380","365","55560","54650"
"In post","2022","Declared disabled","G6/G7","G7","Unknown","220","205","55380","55210"
"In post","2022","Declared disabled","SCS level","SCS level","Heterosexual / straight","375","365","89830","80870"
"In post","2022","Declared disabled","SCS level","SCS level","LGBO","55","55","85990","77410"
"In post","2022","Declared disabled","SCS level","SCS level","Undeclared","40","40","84610","81190"
"In post","2022","Declared disabled","SCS level","SCS level","Unknown","15","15","[c]","[c]"
"In post","2022","Declared disabled","SEO/HEO","HEO","Heterosexual / straight","5925","5620","33780","33370"
"In post","2022","Declared disabled","SEO/HEO","HEO","LGBO","885","860","33440","33300"
"In post","2022","Declared disabled","SEO/HEO","HEO","Undeclared","775","740","33950","33370"
"In post","2022","Declared disabled","SEO/HEO","HEO","Unknown","420","390","34490","33580"
"In post","2022","Declared disabled","SEO/HEO","SEO","Heterosexual / straight","3960","3795","41900","40600"
"In post","2022","Declared disabled","SEO/HEO","SEO","LGBO","485","475","40740","40180"
"In post","2022","Declared disabled","SEO/HEO","SEO","Undeclared","525","505","41830","40950"
"In post","2022","Declared disabled","SEO/HEO","SEO","Unknown","245","230","41380","40520"
"In post","2022","Declared disabled","Unknown","Unknown","Heterosexual / straight","2865","2665","31210","28690"
"In post","2022","Declared disabled","Unknown","Unknown","LGBO","315","305","30100","27980"
"In post","2022","Declared disabled","Unknown","Unknown","Undeclared","290","275","32610","32600"
"In post","2022","Declared disabled","Unknown","Unknown","Unknown","50","45","33790","34340"
"In post","2022","Declared non-disabled","AA/AO","AA","Heterosexual / straight","8785","8075","20500","20560"
"In post","2022","Declared non-disabled","AA/AO","AA","LGBO","475","460","20720","20890"
"In post","2022","Declared non-disabled","AA/AO","AA","Undeclared","865","735","19890","19200"
"In post","2022","Declared non-disabled","AA/AO","AA","Unknown","825","710","21330","21210"
"In post","2022","Declared non-disabled","AA/AO","AO","Heterosexual / straight","57695","52395","23260","21680"
"In post","2022","Declared non-disabled","AA/AO","AO","LGBO","3085","2960","23530","21680"
"In post","2022","Declared non-disabled","AA/AO","AO","Undeclared","5455","4795","23010","21680"
"In post","2022","Declared non-disabled","AA/AO","AO","Unknown","9715","8125","22640","21260"
"In post","2022","Declared non-disabled","EO","EO","Heterosexual / straight","67575","63005","27770","27570"
"In post","2022","Declared non-disabled","EO","EO","LGBO","3510","3410","27690","27570"
"In post","2022","Declared non-disabled","EO","EO","Undeclared","6355","5795","27970","27570"
"In post","2022","Declared non-disabled","EO","EO","Unknown","9795","8580","28070","27570"
"In post","2022","Declared non-disabled","G6/G7","G6","Heterosexual / straight","10805","10400","68770","67610"
"In post","2022","Declared non-disabled","G6/G7","G6","LGBO","645","635","68060","66620"
"In post","2022","Declared non-disabled","G6/G7","G6","Undeclared","890","845","69360","67910"
"In post","2022","Declared non-disabled","G6/G7","G6","Unknown","920","870","69470","67780"
"In post","2022","Declared non-disabled","G6/G7","G7","Heterosexual / straight","27265","26330","55430","54700"
"In post","2022","Declared non-disabled","G6/G7","G7","LGBO","1710","1685","55130","54270"
"In post","2022","Declared non-disabled","G6/G7","G7","Undeclared","2155","2090","55780","54700"
"In post","2022","Declared non-disabled","G6/G7","G7","Unknown","3315","3135","54020","54070"
"In post","2022","Declared non-disabled","SCS level","SCS level","Heterosexual / straight","4280","4140","89480","82040"
"In post","2022","Declared non-disabled","SCS level","SCS level","LGBO","280","270","86800","79410"
"In post","2022","Declared non-disabled","SCS level","SCS level","Undeclared","265","255","88920","81930"
"In post","2022","Declared non-disabled","SCS level","SCS level","Unknown","265","255","93390","83660"
"In post","2022","Declared non-disabled","SEO/HEO","HEO","Heterosexual / straight","43915","42165","33770","33370"
"In post","2022","Declared non-disabled","SEO/HEO","HEO","LGBO","2510","2465","33450","33210"
"In post","2022","Declared non-disabled","SEO/HEO","HEO","Undeclared","3620","3460","34260","33370"
"In post","2022","Declared non-disabled","SEO/HEO","HEO","Unknown","4140","3925","33470","33350"
"In post","2022","Declared non-disabled","SEO/HEO","SEO","Heterosexual / straight","32615","31475","41940","40580"
"In post","2022","Declared non-disabled","SEO/HEO","SEO","LGBO","1685","1660","41530","40520"
"In post","2022","Declared non-disabled","SEO/HEO","SEO","Undeclared","2930","2790","42380","41090"
"In post","2022","Declared non-disabled","SEO/HEO","SEO","Unknown","3010","2860","41460","40180"
"In post","2022","Declared non-disabled","Unknown","Unknown","Heterosexual / straight","11690","10955","31610","28880"
"In post","2022","Declared non-disabled","Unknown","Unknown","LGBO","635","615","29840","26810"
"In post","2022","Declared non-disabled","Unknown","Unknown","Undeclared","695","640","33950","32710"
"In post","2022","Declared non-disabled","Unknown","Unknown","Unknown","320","285","33130","34340"
"In post","2022","Undeclared","AA/AO","AA","Heterosexual / straight","740","670","20890","20890"
"In post","2022","Undeclared","AA/AO","AA","LGBO","55","50","20740","20890"
"In post","2022","Undeclared","AA/AO","AA","Undeclared","370","335","20560","20360"
"In post","2022","Undeclared","AA/AO","AA","Unknown","375","320","22480","21860"
"In post","2022","Undeclared","AA/AO","AO","Heterosexual / straight","3385","3050","24620","21840"
"In post","2022","Undeclared","AA/AO","AO","LGBO","265","255","24760","21490"
"In post","2022","Undeclared","AA/AO","AO","Undeclared","2245","2035","24480","21960"
"In post","2022","Undeclared","AA/AO","AO","Unknown","1365","1170","28250","31650"
"In post","2022","Undeclared","EO","EO","Heterosexual / straight","3240","3035","28360","27570"
"In post","2022","Undeclared","EO","EO","LGBO","300","290","28020","27570"
"In post","2022","Undeclared","EO","EO","Undeclared","2500","2335","28500","27570"
"In post","2022","Undeclared","EO","EO","Unknown","830","760","29940","27570"
"In post","2022","Undeclared","G6/G7","G6","Heterosexual / straight","325","315","68330","66240"
"In post","2022","Undeclared","G6/G7","G6","LGBO","40","40","67300","65440"
"In post","2022","Undeclared","G6/G7","G6","Undeclared","405","390","69870","68480"
"In post","2022","Undeclared","G6/G7","G6","Unknown","50","45","71360","69390"
"In post","2022","Undeclared","G6/G7","G7","Heterosexual / straight","900","875","55610","54650"
"In post","2022","Undeclared","G6/G7","G7","LGBO","90","90","54730","53600"
"In post","2022","Undeclared","G6/G7","G7","Undeclared","1060","1035","56150","55210"
"In post","2022","Undeclared","G6/G7","G7","Unknown","95","90","57340","55210"
"In post","2022","Undeclared","SCS level","SCS level","Heterosexual / straight","110","110","88250","80250"
"In post","2022","Undeclared","SCS level","SCS level","LGBO","15","15","[c]","[c]"
"In post","2022","Undeclared","SCS level","SCS level","Undeclared","120","115","84570","80930"
"In post","2022","Undeclared","SCS level","SCS level","Unknown","10","10","[c]","[c]"
"In post","2022","Undeclared","SEO/HEO","HEO","Heterosexual / straight","1985","1915","34090","33370"
"In post","2022","Undeclared","SEO/HEO","HEO","LGBO","190","190","33730","33210"
"In post","2022","Undeclared","SEO/HEO","HEO","Undeclared","2020","1930","34300","33370"
"In post","2022","Undeclared","SEO/HEO","HEO","Unknown","310","295","36060","36480"
"In post","2022","Undeclared","SEO/HEO","SEO","Heterosexual / straight","1370","1325","42820","40960"
"In post","2022","Undeclared","SEO/HEO","SEO","LGBO","120","115","41470","40520"
"In post","2022","Undeclared","SEO/HEO","SEO","Undeclared","1485","1440","42670","41140"
"In post","2022","Undeclared","SEO/HEO","SEO","Unknown","205","195","44980","43870"
"In post","2022","Undeclared","Unknown","Unknown","Heterosexual / straight","520","480","32140","28690"
"In post","2022","Undeclared","Unknown","Unknown","LGBO","60","60","28970","28090"
"In post","2022","Undeclared","Unknown","Unknown","Undeclared","320","305","34810","33700"
"In post","2022","Undeclared","Unknown","Unknown","Unknown","10","10","[c]","[c]"
"In post","2022","Unknown","AA/AO","AA","Heterosexual / straight","855","765","20650","19900"
"In post","2022","Unknown","AA/AO","AA","LGBO","35","35","21020","21050"
"In post","2022","Unknown","AA/AO","AA","Undeclared","80","70","20430","19810"
"In post","2022","Unknown","AA/AO","AA","Unknown","3245","2960","20960","20950"
"In post","2022","Unknown","AA/AO","AO","Heterosexual / straight","3490","3195","23990","22200"
"In post","2022","Unknown","AA/AO","AO","LGBO","265","260","23740","22200"
"In post","2022","Unknown","AA/AO","AO","Undeclared","410","380","24260","22080"
"In post","2022","Unknown","AA/AO","AO","Unknown","17365","16195","23210","21750"
"In post","2022","Unknown","EO","EO","Heterosexual / straight","5425","5215","29670","28650"
"In post","2022","Unknown","EO","EO","LGBO","385","380","28950","27500"
"In post","2022","Unknown","EO","EO","Undeclared","720","690","28570","27270"
"In post","2022","Unknown","EO","EO","Unknown","14365","13735","28070","27130"
"In post","2022","Unknown","G6/G7","G6","Heterosexual / straight","965","930","69720","67910"
"In post","2022","Unknown","G6/G7","G6","LGBO","60","60","67750","66230"
"In post","2022","Unknown","G6/G7","G6","Undeclared","315","300","68760","66230"
"In post","2022","Unknown","G6/G7","G6","Unknown","2305","2235","70090","67910"
"In post","2022","Unknown","G6/G7","G7","Heterosexual / straight","2760","2680","54530","53420"
"In post","2022","Unknown","G6/G7","G7","LGBO","190","190","54380","53420"
"In post","2022","Unknown","G6/G7","G7","Undeclared","745","715","54200","53360"
"In post","2022","Unknown","G6/G7","G7","Unknown","6050","5895","56100","54760"
"In post","2022","Unknown","SCS level","SCS level","Heterosexual / straight","345","335","95930","89520"
"In post","2022","Unknown","SCS level","SCS level","LGBO","20","20","[c]","[c]"
"In post","2022","Unknown","SCS level","SCS level","Undeclared","135","130","94980","92360"
"In post","2022","Unknown","SCS level","SCS level","Unknown","890","865","97490","89300"
"In post","2022","Unknown","SEO/HEO","HEO","Heterosexual / straight","4025","3885","35020","33570"
"In post","2022","Unknown","SEO/HEO","HEO","LGBO","290","285","33320","32790"
"In post","2022","Unknown","SEO/HEO","HEO","Undeclared","820","800","34150","33080"
"In post","2022","Unknown","SEO/HEO","HEO","Unknown","11210","10940","33540","33290"
"In post","2022","Unknown","SEO/HEO","SEO","Heterosexual / straight","3090","2980","42240","40650"
"In post","2022","Unknown","SEO/HEO","SEO","LGBO","225","220","41040","40650"
"In post","2022","Unknown","SEO/HEO","SEO","Undeclared","640","615","41340","40650"
"In post","2022","Unknown","SEO/HEO","SEO","Unknown","5890","5725","41610","40600"
"In post","2022","Unknown","Unknown","Unknown","Heterosexual / straight","440","420","32350","28200"
"In post","2022","Unknown","Unknown","Unknown","LGBO","20","20","[c]","[c]"
"In post","2022","Unknown","Unknown","Unknown","Undeclared","75","75","36260","31690"
"In post","2022","Unknown","Unknown","Unknown","Unknown","5140","4815","31340","28680"
"Leaver CS","2022","Declared disabled","AA/AO","AA","Heterosexual / straight","185","[c]","19340","19200"
"Leaver CS","2022","Declared disabled","AA/AO","AA","LGBO","30","[c]","[c]","[c]"
"Leaver CS","2022","Declared disabled","AA/AO","AA","Undeclared","30","[c]","[c]","[c]"
"Leaver CS","2022","Declared disabled","AA/AO","AA","Unknown","40","[c]","[c]","[c]"
"Leaver CS","2022","Declared disabled","AA/AO","AO","Heterosexual / straight","955","[c]","21790","21260"
"Leaver CS","2022","Declared disabled","AA/AO","AO","LGBO","135","[c]","22090","21260"
"Leaver CS","2022","Declared disabled","AA/AO","AO","Undeclared","135","[c]","22010","21260"
"Leaver CS","2022","Declared disabled","AA/AO","AO","Unknown","295","[c]","22350","21260"
"Leaver CS","2022","Declared disabled","EO","EO","Heterosexual / straight","845","[c]","27670","27570"
"Leaver CS","2022","Declared disabled","EO","EO","LGBO","140","[c]","27420","27570"
"Leaver CS","2022","Declared disabled","EO","EO","Undeclared","140","[c]","27880","27570"
"Leaver CS","2022","Declared disabled","EO","EO","Unknown","145","[c]","28890","27570"
"Leaver CS","2022","Declared disabled","G6/G7","G6","Heterosexual / straight","40","[c]","70680","68690"
"Leaver CS","2022","Declared disabled","G6/G7","G6","LGBO","10","[c]","[c]","[c]"
"Leaver CS","2022","Declared disabled","G6/G7","G6","Undeclared","10","[c]","[c]","[c]"
"Leaver CS","2022","Declared disabled","G6/G7","G6","Unknown","15","[c]","[c]","[c]"
"Leaver CS","2022","Declared disabled","G6/G7","G7","Heterosexual / straight","145","[c]","56390","55210"
"Leaver CS","2022","Declared disabled","G6/G7","G7","LGBO","15","[c]","[c]","[c]"
"Leaver CS","2022","Declared disabled","G6/G7","G7","Undeclared","20","[c]","[c]","[c]"
"Leaver CS","2022","Declared disabled","G6/G7","G7","Unknown","40","[c]","[c]","[c]"
"Leaver CS","2022","Declared disabled","SCS level","SCS level","Heterosexual / straight","20","[c]","[c]","[c]"
"Leaver CS","2022","Declared disabled","SCS level","SCS level","LGBO","5","[c]","[c]","[c]"
"Leaver CS","2022","Declared disabled","SCS level","SCS level","Undeclared","[c]","[c]","[c]","[c]"
"Leaver CS","2022","Declared disabled","SCS level","SCS level","Unknown","5","[c]","[c]","[c]"
"Leaver CS","2022","Declared disabled","SEO/HEO","HEO","Heterosexual / straight","310","[c]","34190","33840"
"Leaver CS","2022","Declared disabled","SEO/HEO","HEO","LGBO","50","[c]","32930","33020"
"Leaver CS","2022","Declared disabled","SEO/HEO","HEO","Undeclared","50","[c]","35760","34260"
"Leaver CS","2022","Declared disabled","SEO/HEO","HEO","Unknown","80","[c]","[c]","[c]"
"Leaver CS","2022","Declared disabled","SEO/HEO","SEO","Heterosexual / straight","220","[c]","42380","40810"
"Leaver CS","2022","Declared disabled","SEO/HEO","SEO","LGBO","30","[c]","[c]","[c]"
"Leaver CS","2022","Declared disabled","SEO/HEO","SEO","Undeclared","35","[c]","42160","41150"
"Leaver CS","2022","Declared disabled","SEO/HEO","SEO","Unknown","35","[c]","[c]","[c]"
"Leaver CS","2022","Declared disabled","Unknown","Unknown","Heterosexual / straight","205","[c]","[c]","[c]"
"Leaver CS","2022","Declared disabled","Unknown","Unknown","LGBO","25","[c]","[c]","[c]"
"Leaver CS","2022","Declared disabled","Unknown","Unknown","Undeclared","25","[c]","[c]","[c]"
"Leaver CS","2022","Declared disabled","Unknown","Unknown","Unknown","5","[c]","[c]","[c]"
"Leaver CS","2022","Declared non-disabled","AA/AO","AA","Heterosexual / straight","1080","[c]","19490","19200"
"Leaver CS","2022","Declared non-disabled","AA/AO","AA","LGBO","85","[c]","19530","19050"
"Leaver CS","2022","Declared non-disabled","AA/AO","AA","Undeclared","105","[c]","19250","19050"
"Leaver CS","2022","Declared non-disabled","AA/AO","AA","Unknown","185","[c]","19930","19900"
"Leaver CS","2022","Declared non-disabled","AA/AO","AO","Heterosexual / straight","5820","[c]","22030","21260"
"Leaver CS","2022","Declared non-disabled","AA/AO","AO","LGBO","395","[c]","21630","21260"
"Leaver CS","2022","Declared non-disabled","AA/AO","AO","Undeclared","500","[c]","22100","21260"
"Leaver CS","2022","Declared non-disabled","AA/AO","AO","Unknown","1845","[c]","21810","21260"
"Leaver CS","2022","Declared non-disabled","EO","EO","Heterosexual / straight","4715","[c]","27750","27570"
"Leaver CS","2022","Declared non-disabled","EO","EO","LGBO","325","[c]","27680","27570"
"Leaver CS","2022","Declared non-disabled","EO","EO","Undeclared","495","[c]","27750","27570"
"Leaver CS","2022","Declared non-disabled","EO","EO","Unknown","1065","[c]","27730","27570"
"Leaver CS","2022","Declared non-disabled","G6/G7","G6","Heterosexual / straight","590","[c]","70080","68150"
"Leaver CS","2022","Declared non-disabled","G6/G7","G6","LGBO","30","[c]","[c]","[c]"
"Leaver CS","2022","Declared non-disabled","G6/G7","G6","Undeclared","60","[c]","70640","68760"
"Leaver CS","2022","Declared non-disabled","G6/G7","G6","Unknown","120","[c]","69040","67450"
"Leaver CS","2022","Declared non-disabled","G6/G7","G7","Heterosexual / straight","1350","[c]","56110","54700"
"Leaver CS","2022","Declared non-disabled","G6/G7","G7","LGBO","80","[c]","56650","54700"
"Leaver CS","2022","Declared non-disabled","G6/G7","G7","Undeclared","125","[c]","56010","54540"
"Leaver CS","2022","Declared non-disabled","G6/G7","G7","Unknown","335","[c]","55580","55610"
"Leaver CS","2022","Declared non-disabled","SCS level","SCS level","Heterosexual / straight","340","[c]","95710","93740"
"Leaver CS","2022","Declared non-disabled","SCS level","SCS level","LGBO","15","[c]","[c]","[c]"
"Leaver CS","2022","Declared non-disabled","SCS level","SCS level","Undeclared","25","[c]","[c]","[c]"
"Leaver CS","2022","Declared non-disabled","SCS level","SCS level","Unknown","85","[c]","95040","87820"
"Leaver CS","2022","Declared non-disabled","SEO/HEO","HEO","Heterosexual / straight","2130","[c]","33510","33300"
"Leaver CS","2022","Declared non-disabled","SEO/HEO","HEO","LGBO","120","[c]","32800","33290"
"Leaver CS","2022","Declared non-disabled","SEO/HEO","HEO","Undeclared","220","[c]","34230","33600"
"Leaver CS","2022","Declared non-disabled","SEO/HEO","HEO","Unknown","540","[c]","33980","34170"
"Leaver CS","2022","Declared non-disabled","SEO/HEO","SEO","Heterosexual / straight","1790","[c]","42010","40630"
"Leaver CS","2022","Declared non-disabled","SEO/HEO","SEO","LGBO","95","[c]","41340","40070"
"Leaver CS","2022","Declared non-disabled","SEO/HEO","SEO","Undeclared","190","[c]","42340","41960"
"Leaver CS","2022","Declared non-disabled","SEO/HEO","SEO","Unknown","320","[c]","42270","40670"
"Leaver CS","2022","Declared non-disabled","Unknown","Unknown","Heterosexual / straight","895","[c]","38070","37970"
"Leaver CS","2022","Declared non-disabled","Unknown","Unknown","LGBO","60","[c]","[c]","[c]"
"Leaver CS","2022","Declared non-disabled","Unknown","Unknown","Undeclared","55","[c]","[c]","[c]"
"Leaver CS","2022","Declared non-disabled","Unknown","Unknown","Unknown","40","[c]","[c]","[c]"
"Leaver CS","2022","Undeclared","AA/AO","AA","Heterosexual / straight","80","[c]","19550","19200"
"Leaver CS","2022","Undeclared","AA/AO","AA","LGBO","5","[c]","[c]","[c]"
"Leaver CS","2022","Undeclared","AA/AO","AA","Undeclared","50","[c]","[c]","[c]"
"Leaver CS","2022","Undeclared","AA/AO","AA","Unknown","65","[c]","[c]","[c]"
"Leaver CS","2022","Undeclared","AA/AO","AO","Heterosexual / straight","335","[c]","21940","21260"
"Leaver CS","2022","Undeclared","AA/AO","AO","LGBO","35","[c]","[c]","[c]"
"Leaver CS","2022","Undeclared","AA/AO","AO","Undeclared","170","[c]","23890","21580"
"Leaver CS","2022","Undeclared","AA/AO","AO","Unknown","245","[c]","[c]","[c]"
"Leaver CS","2022","Undeclared","EO","EO","Heterosexual / straight","230","[c]","27510","27570"
"Leaver CS","2022","Undeclared","EO","EO","LGBO","20","[c]","[c]","[c]"
"Leaver CS","2022","Undeclared","EO","EO","Undeclared","150","[c]","28100","27570"
"Leaver CS","2022","Undeclared","EO","EO","Unknown","100","[c]","27740","27570"
"Leaver CS","2022","Undeclared","G6/G7","G6","Heterosexual / straight","20","[c]","[c]","[c]"
"Leaver CS","2022","Undeclared","G6/G7","G6","LGBO","[c]","[c]","[c]","[c]"
"Leaver CS","2022","Undeclared","G6/G7","G6","Undeclared","25","[c]","[c]","[c]"
"Leaver CS","2022","Undeclared","G6/G7","G6","Unknown","10","[c]","[c]","[c]"
"Leaver CS","2022","Undeclared","G6/G7","G7","Heterosexual / straight","40","[c]","53600","53420"
"Leaver CS","2022","Undeclared","G6/G7","G7","LGBO","10","[c]","[c]","[c]"
"Leaver CS","2022","Undeclared","G6/G7","G7","Undeclared","60","[c]","56010","54700"
"Leaver CS","2022","Undeclared","G6/G7","G7","Unknown","20","[c]","[c]","[c]"
"Leaver CS","2022","Undeclared","SCS level","SCS level","Heterosexual / straight","[c]","[c]","[c]","[c]"
"Leaver CS","2022","Undeclared","SCS level","SCS level","LGBO","[c]","[c]","[c]","[c]"
"Leaver CS","2022","Undeclared","SCS level","SCS level","Undeclared","5","[c]","[c]","[c]"
"Leaver CS","2022","Undeclared","SCS level","SCS level","Unknown","[c]","[c]","[c]","[c]"
"Leaver CS","2022","Undeclared","SEO/HEO","HEO","Heterosexual / straight","100","[c]","33330","33300"
"Leaver CS","2022","Undeclared","SEO/HEO","HEO","LGBO","20","[c]","[c]","[c]"
"Leaver CS","2022","Undeclared","SEO/HEO","HEO","Undeclared","95","[c]","35040","34600"
"Leaver CS","2022","Undeclared","SEO/HEO","HEO","Unknown","50","[c]","[c]","[c]"
"Leaver CS","2022","Undeclared","SEO/HEO","SEO","Heterosexual / straight","80","[c]","40950","40580"
"Leaver CS","2022","Undeclared","SEO/HEO","SEO","LGBO","5","[c]","[c]","[c]"
"Leaver CS","2022","Undeclared","SEO/HEO","SEO","Undeclared","80","[c]","43360","42410"
"Leaver CS","2022","Undeclared","SEO/HEO","SEO","Unknown","30","[c]","[c]","[c]"
"Leaver CS","2022","Undeclared","Unknown","Unknown","Heterosexual / straight","40","[c]","[c]","[c]"
"Leaver CS","2022","Undeclared","Unknown","Unknown","LGBO","5","[c]","[c]","[c]"
"Leaver CS","2022","Undeclared","Unknown","Unknown","Undeclared","30","[c]","[c]","[c]"
"Leaver CS","2022","Undeclared","Unknown","Unknown","Unknown","[c]","[c]","[c]","[c]"
"Leaver CS","2022","Unknown","AA/AO","AA","Heterosexual / straight","100","[c]","20490","19560"
"Leaver CS","2022","Unknown","AA/AO","AA","LGBO","5","[c]","[c]","[c]"
"Leaver CS","2022","Unknown","AA/AO","AA","Undeclared","15","[c]","[c]","[c]"
"Leaver CS","2022","Unknown","AA/AO","AA","Unknown","710","[c]","20150","19810"
"Leaver CS","2022","Unknown","AA/AO","AO","Heterosexual / straight","340","[c]","24480","22420"
"Leaver CS","2022","Unknown","AA/AO","AO","LGBO","15","[c]","[c]","[c]"
"Leaver CS","2022","Unknown","AA/AO","AO","Undeclared","60","[c]","24360","21510"
"Leaver CS","2022","Unknown","AA/AO","AO","Unknown","3350","[c]","22110","21260"
"Leaver CS","2022","Unknown","EO","EO","Heterosexual / straight","340","[c]","29270","28500"
"Leaver CS","2022","Unknown","EO","EO","LGBO","25","[c]","[c]","[c]"
"Leaver CS","2022","Unknown","EO","EO","Undeclared","135","[c]","28500","27400"
"Leaver CS","2022","Unknown","EO","EO","Unknown","1715","[c]","27350","27570"
"Leaver CS","2022","Unknown","G6/G7","G6","Heterosexual / straight","60","[c]","72500","71000"
"Leaver CS","2022","Unknown","G6/G7","G6","LGBO","5","[c]","[c]","[c]"
"Leaver CS","2022","Unknown","G6/G7","G6","Undeclared","45","[c]","[c]","[c]"
"Leaver CS","2022","Unknown","G6/G7","G6","Unknown","230","[c]","71390","68720"
"Leaver CS","2022","Unknown","G6/G7","G7","Heterosexual / straight","165","[c]","54090","53620"
"Leaver CS","2022","Unknown","G6/G7","G7","LGBO","10","[c]","[c]","[c]"
"Leaver CS","2022","Unknown","G6/G7","G7","Undeclared","110","[c]","54910","54280"
"Leaver CS","2022","Unknown","G6/G7","G7","Unknown","505","[c]","56030","54270"
"Leaver CS","2022","Unknown","SCS level","SCS level","Heterosexual / straight","45","[c]","100150","94880"
"Leaver CS","2022","Unknown","SCS level","SCS level","LGBO","[c]","[c]","[c]","[c]"
"Leaver CS","2022","Unknown","SCS level","SCS level","Undeclared","30","[c]","[c]","[c]"
"Leaver CS","2022","Unknown","SCS level","SCS level","Unknown","125","[c]","107260","95930"
"Leaver CS","2022","Unknown","SEO/HEO","HEO","Heterosexual / straight","240","[c]","34940","33570"
"Leaver CS","2022","Unknown","SEO/HEO","HEO","LGBO","20","[c]","[c]","[c]"
"Leaver CS","2022","Unknown","SEO/HEO","HEO","Undeclared","140","[c]","34550","33100"
"Leaver CS","2022","Unknown","SEO/HEO","HEO","Unknown","910","[c]","33660","33170"
"Leaver CS","2022","Unknown","SEO/HEO","SEO","Heterosexual / straight","215","[c]","42180","40560"
"Leaver CS","2022","Unknown","SEO/HEO","SEO","LGBO","10","[c]","[c]","[c]"
"Leaver CS","2022","Unknown","SEO/HEO","SEO","Undeclared","115","[c]","41320","40610"
"Leaver CS","2022","Unknown","SEO/HEO","SEO","Unknown","545","[c]","41630","40810"
"Leaver CS","2022","Unknown","Unknown","Unknown","Heterosexual / straight","45","[c]","[c]","[c]"
"Leaver CS","2022","Unknown","Unknown","Unknown","LGBO","[c]","[c]","[c]","[c]"
"Leaver CS","2022","Unknown","Unknown","Unknown","Undeclared","55","[c]","[c]","[c]"
"Leaver CS","2022","Unknown","Unknown","Unknown","Unknown","830","[c]","36270","33270"
"Leaver Dept.","2022","Declared disabled","AA/AO","AA","Heterosexual / straight","25","[c]","[c]","[c]"
"Leaver Dept.","2022","Declared disabled","AA/AO","AA","LGBO","[c]","[c]","[c]","[c]"
"Leaver Dept.","2022","Declared disabled","AA/AO","AA","Undeclared","[c]","[c]","[c]","[c]"
"Leaver Dept.","2022","Declared disabled","AA/AO","AA","Unknown","[c]","[c]","[c]","[c]"
"Leaver Dept.","2022","Declared disabled","AA/AO","AO","Heterosexual / straight","165","[c]","21500","21260"
"Leaver Dept.","2022","Declared disabled","AA/AO","AO","LGBO","35","[c]","21180","21260"
"Leaver Dept.","2022","Declared disabled","AA/AO","AO","Undeclared","20","[c]","[c]","[c]"
"Leaver Dept.","2022","Declared disabled","AA/AO","AO","Unknown","45","[c]","[c]","[c]"
"Leaver Dept.","2022","Declared disabled","EO","EO","Heterosexual / straight","340","[c]","27270","27570"
"Leaver Dept.","2022","Declared disabled","EO","EO","LGBO","80","[c]","27030","27570"
"Leaver Dept.","2022","Declared disabled","EO","EO","Undeclared","50","[c]","27330","27570"
"Leaver Dept.","2022","Declared disabled","EO","EO","Unknown","35","[c]","[c]","[c]"
"Leaver Dept.","2022","Declared disabled","G6/G7","G6","Heterosexual / straight","50","[c]","66710","65660"
"Leaver Dept.","2022","Declared disabled","G6/G7","G6","LGBO","5","[c]","[c]","[c]"
"Leaver Dept.","2022","Declared disabled","G6/G7","G6","Undeclared","[c]","[c]","[c]","[c]"
"Leaver Dept.","2022","Declared disabled","G6/G7","G6","Unknown","10","[c]","[c]","[c]"
"Leaver Dept.","2022","Declared disabled","G6/G7","G7","Heterosexual / straight","150","[c]","54340","53600"
"Leaver Dept.","2022","Declared disabled","G6/G7","G7","LGBO","25","[c]","[c]","[c]"
"Leaver Dept.","2022","Declared disabled","G6/G7","G7","Undeclared","25","[c]","[c]","[c]"
"Leaver Dept.","2022","Declared disabled","G6/G7","G7","Unknown","20","[c]","[c]","[c]"
"Leaver Dept.","2022","Declared disabled","SCS level","SCS level","Heterosexual / straight","35","[c]","92010","86300"
"Leaver Dept.","2022","Declared disabled","SCS level","SCS level","LGBO","5","[c]","[c]","[c]"
"Leaver Dept.","2022","Declared disabled","SCS level","SCS level","Undeclared","[c]","[c]","[c]","[c]"
"Leaver Dept.","2022","Declared disabled","SCS level","SCS level","Unknown","5","[c]","[c]","[c]"
"Leaver Dept.","2022","Declared disabled","SEO/HEO","HEO","Heterosexual / straight","285","[c]","32390","32280"
"Leaver Dept.","2022","Declared disabled","SEO/HEO","HEO","LGBO","60","[c]","32340","32330"
"Leaver Dept.","2022","Declared disabled","SEO/HEO","HEO","Undeclared","40","[c]","34000","33930"
"Leaver Dept.","2022","Declared disabled","SEO/HEO","HEO","Unknown","45","[c]","[c]","[c]"
"Leaver Dept.","2022","Declared disabled","SEO/HEO","SEO","Heterosexual / straight","185","[c]","39820","40050"
"Leaver Dept.","2022","Declared disabled","SEO/HEO","SEO","LGBO","35","[c]","39750","40070"
"Leaver Dept.","2022","Declared disabled","SEO/HEO","SEO","Undeclared","25","[c]","[c]","[c]"
"Leaver Dept.","2022","Declared disabled","SEO/HEO","SEO","Unknown","20","[c]","[c]","[c]"
"Leaver Dept.","2022","Declared disabled","Unknown","Unknown","Heterosexual / straight","20","[c]","[c]","[c]"
"Leaver Dept.","2022","Declared disabled","Unknown","Unknown","LGBO","[c]","[c]","[c]","[c]"
"Leaver Dept.","2022","Declared disabled","Unknown","Unknown","Undeclared","[c]","[c]","[c]","[c]"
"Leaver Dept.","2022","Declared disabled","Unknown","Unknown","Unknown","[c]","[c]","[c]","[c]"
"Leaver Dept.","2022","Declared non-disabled","AA/AO","AA","Heterosexual / straight","150","[c]","20080","19200"
"Leaver Dept.","2022","Declared non-disabled","AA/AO","AA","LGBO","[c]","[c]","[c]","[c]"
"Leaver Dept.","2022","Declared non-disabled","AA/AO","AA","Undeclared","10","[c]","[c]","[c]"
"Leaver Dept.","2022","Declared non-disabled","AA/AO","AA","Unknown","[c]","[c]","[c]","[c]"
"Leaver Dept.","2022","Declared non-disabled","AA/AO","AO","Heterosexual / straight","1430","[c]","21590","21260"
"Leaver Dept.","2022","Declared non-disabled","AA/AO","AO","LGBO","95","[c]","21510","21260"
"Leaver Dept.","2022","Declared non-disabled","AA/AO","AO","Undeclared","115","[c]","21730","21260"
"Leaver Dept.","2022","Declared non-disabled","AA/AO","AO","Unknown","350","[c]","21310","21260"
"Leaver Dept.","2022","Declared non-disabled","EO","EO","Heterosexual / straight","2820","[c]","26940","27570"
"Leaver Dept.","2022","Declared non-disabled","EO","EO","LGBO","210","[c]","27300","27570"
"Leaver Dept.","2022","Declared non-disabled","EO","EO","Undeclared","210","[c]","26580","27500"
"Leaver Dept.","2022","Declared non-disabled","EO","EO","Unknown","335","[c]","27460","27570"
"Leaver Dept.","2022","Declared non-disabled","G6/G7","G6","Heterosexual / straight","590","[c]","68680","66440"
"Leaver Dept.","2022","Declared non-disabled","G6/G7","G6","LGBO","45","[c]","66160","65310"
"Leaver Dept.","2022","Declared non-disabled","G6/G7","G6","Undeclared","50","[c]","72550","67440"
"Leaver Dept.","2022","Declared non-disabled","G6/G7","G6","Unknown","70","[c]","69210","67920"
"Leaver Dept.","2022","Declared non-disabled","G6/G7","G7","Heterosexual / straight","1560","[c]","53830","53600"
"Leaver Dept.","2022","Declared non-disabled","G6/G7","G7","LGBO","140","[c]","54160","53600"
"Leaver Dept.","2022","Declared non-disabled","G6/G7","G7","Undeclared","145","[c]","54360","53840"
"Leaver Dept.","2022","Declared non-disabled","G6/G7","G7","Unknown","190","[c]","53740","53130"
"Leaver Dept.","2022","Declared non-disabled","SCS level","SCS level","Heterosexual / straight","400","[c]","94940","93570"
"Leaver Dept.","2022","Declared non-disabled","SCS level","SCS level","LGBO","25","[c]","[c]","[c]"
"Leaver Dept.","2022","Declared non-disabled","SCS level","SCS level","Undeclared","25","[c]","[c]","[c]"
"Leaver Dept.","2022","Declared non-disabled","SCS level","SCS level","Unknown","50","[c]","[c]","[c]"
"Leaver Dept.","2022","Declared non-disabled","SEO/HEO","HEO","Heterosexual / straight","2330","[c]","32460","32330"
"Leaver Dept.","2022","Declared non-disabled","SEO/HEO","HEO","LGBO","200","[c]","32660","32830"
"Leaver Dept.","2022","Declared non-disabled","SEO/HEO","HEO","Undeclared","205","[c]","32310","32330"
"Leaver Dept.","2022","Declared non-disabled","SEO/HEO","HEO","Unknown","265","[c]","32650","31990"
"Leaver Dept.","2022","Declared non-disabled","SEO/HEO","SEO","Heterosexual / straight","1805","[c]","40160","40070"
"Leaver Dept.","2022","Declared non-disabled","SEO/HEO","SEO","LGBO","145","[c]","39990","40070"
"Leaver Dept.","2022","Declared non-disabled","SEO/HEO","SEO","Undeclared","145","[c]","40000","40070"
"Leaver Dept.","2022","Declared non-disabled","SEO/HEO","SEO","Unknown","170","[c]","40320","40070"
"Leaver Dept.","2022","Declared non-disabled","Unknown","Unknown","Heterosexual / straight","110","[c]","[c]","[c]"
"Leaver Dept.","2022","Declared non-disabled","Unknown","Unknown","LGBO","5","[c]","[c]","[c]"
"Leaver Dept.","2022","Declared non-disabled","Unknown","Unknown","Undeclared","[c]","[c]","[c]","[c]"
"Leaver Dept.","2022","Declared non-disabled","Unknown","Unknown","Unknown","15","[c]","[c]","[c]"
"Leaver Dept.","2022","Undeclared","AA/AO","AA","Heterosexual / straight","[c]","[c]","[c]","[c]"
"Leaver Dept.","2022","Undeclared","AA/AO","AA","LGBO","[c]","[c]","[c]","[c]"
"Leaver Dept.","2022","Undeclared","AA/AO","AA","Undeclared","[c]","[c]","[c]","[c]"
"Leaver Dept.","2022","Undeclared","AA/AO","AO","Heterosexual / straight","50","[c]","21830","21260"
"Leaver Dept.","2022","Undeclared","AA/AO","AO","LGBO","[c]","[c]","[c]","[c]"
"Leaver Dept.","2022","Undeclared","AA/AO","AO","Undeclared","40","[c]","21770","21260"
"Leaver Dept.","2022","Undeclared","AA/AO","AO","Unknown","25","[c]","[c]","[c]"
"Leaver Dept.","2022","Undeclared","EO","EO","Heterosexual / straight","120","[c]","27260","27570"
"Leaver Dept.","2022","Undeclared","EO","EO","LGBO","10","[c]","[c]","[c]"
"Leaver Dept.","2022","Undeclared","EO","EO","Undeclared","50","[c]","26930","27570"
"Leaver Dept.","2022","Undeclared","EO","EO","Unknown","20","[c]","[c]","[c]"
"Leaver Dept.","2022","Undeclared","G6/G7","G6","Heterosexual / straight","10","[c]","[c]","[c]"
"Leaver Dept.","2022","Undeclared","G6/G7","G6","LGBO","[c]","[c]","[c]","[c]"
"Leaver Dept.","2022","Undeclared","G6/G7","G6","Undeclared","20","[c]","[c]","[c]"
"Leaver Dept.","2022","Undeclared","G6/G7","G6","Unknown","[c]","[c]","[c]","[c]"
"Leaver Dept.","2022","Undeclared","G6/G7","G7","Heterosexual / straight","35","[c]","[c]","[c]"
"Leaver Dept.","2022","Undeclared","G6/G7","G7","LGBO","5","[c]","[c]","[c]"
"Leaver Dept.","2022","Undeclared","G6/G7","G7","Undeclared","45","[c]","53640","53600"
"Leaver Dept.","2022","Undeclared","G6/G7","G7","Unknown","10","[c]","[c]","[c]"
"Leaver Dept.","2022","Undeclared","SCS level","SCS level","Heterosexual / straight","5","[c]","[c]","[c]"
"Leaver Dept.","2022","Undeclared","SCS level","SCS level","LGBO","[c]","[c]","[c]","[c]"
"Leaver Dept.","2022","Undeclared","SCS level","SCS level","Undeclared","5","[c]","[c]","[c]"
"Leaver Dept.","2022","Undeclared","SCS level","SCS level","Unknown","[c]","[c]","[c]","[c]"
"Leaver Dept.","2022","Undeclared","SEO/HEO","HEO","Heterosexual / straight","85","[c]","32590","32540"
"Leaver Dept.","2022","Undeclared","SEO/HEO","HEO","LGBO","20","[c]","[c]","[c]"
"Leaver Dept.","2022","Undeclared","SEO/HEO","HEO","Undeclared","80","[c]","33120","33300"
"Leaver Dept.","2022","Undeclared","SEO/HEO","HEO","Unknown","25","[c]","[c]","[c]"
"Leaver Dept.","2022","Undeclared","SEO/HEO","SEO","Heterosexual / straight","65","[c]","40140","40240"
"Leaver Dept.","2022","Undeclared","SEO/HEO","SEO","LGBO","10","[c]","[c]","[c]"
"Leaver Dept.","2022","Undeclared","SEO/HEO","SEO","Undeclared","70","[c]","41220","40600"
"Leaver Dept.","2022","Undeclared","SEO/HEO","SEO","Unknown","10","[c]","[c]","[c]"
"Leaver Dept.","2022","Undeclared","Unknown","Unknown","Heterosexual / straight","5","[c]","[c]","[c]"
"Leaver Dept.","2022","Undeclared","Unknown","Unknown","LGBO","[c]","[c]","[c]","[c]"
"Leaver Dept.","2022","Undeclared","Unknown","Unknown","Undeclared","[c]","[c]","[c]","[c]"
"Leaver Dept.","2022","Undeclared","Unknown","Unknown","Unknown","[c]","[c]","[c]","[c]"
"Leaver Dept.","2022","Unknown","AA/AO","AA","Heterosexual / straight","15","[c]","[c]","[c]"
"Leaver Dept.","2022","Unknown","AA/AO","AA","LGBO","[c]","[c]","[c]","[c]"
"Leaver Dept.","2022","Unknown","AA/AO","AA","Undeclared","[c]","[c]","[c]","[c]"
"Leaver Dept.","2022","Unknown","AA/AO","AA","Unknown","70","[c]","19760","19520"
"Leaver Dept.","2022","Unknown","AA/AO","AO","Heterosexual / straight","95","[c]","22610","22270"
"Leaver Dept.","2022","Unknown","AA/AO","AO","LGBO","5","[c]","[c]","[c]"
"Leaver Dept.","2022","Unknown","AA/AO","AO","Undeclared","30","[c]","[c]","[c]"
"Leaver Dept.","2022","Unknown","AA/AO","AO","Unknown","570","[c]","21820","21260"
"Leaver Dept.","2022","Unknown","EO","EO","Heterosexual / straight","205","[c]","27090","27150"
"Leaver Dept.","2022","Unknown","EO","EO","LGBO","15","[c]","[c]","[c]"
"Leaver Dept.","2022","Unknown","EO","EO","Undeclared","170","[c]","26860","26880"
"Leaver Dept.","2022","Unknown","EO","EO","Unknown","575","[c]","27450","27570"
"Leaver Dept.","2022","Unknown","G6/G7","G6","Heterosexual / straight","80","[c]","70200","68150"
"Leaver Dept.","2022","Unknown","G6/G7","G6","LGBO","10","[c]","[c]","[c]"
"Leaver Dept.","2022","Unknown","G6/G7","G6","Undeclared","160","[c]","69300","67810"
"Leaver Dept.","2022","Unknown","G6/G7","G6","Unknown","235","[c]","69310","67640"
"Leaver Dept.","2022","Unknown","G6/G7","G7","Heterosexual / straight","220","[c]","53170","52610"
"Leaver Dept.","2022","Unknown","G6/G7","G7","LGBO","15","[c]","[c]","[c]"
"Leaver Dept.","2022","Unknown","G6/G7","G7","Undeclared","265","[c]","52530","52610"
"Leaver Dept.","2022","Unknown","G6/G7","G7","Unknown","590","[c]","54130","54110"
"Leaver Dept.","2022","Unknown","SCS level","SCS level","Heterosexual / straight","65","[c]","107200","107780"
"Leaver Dept.","2022","Unknown","SCS level","SCS level","LGBO","5","[c]","[c]","[c]"
"Leaver Dept.","2022","Unknown","SCS level","SCS level","Undeclared","90","[c]","[c]","[c]"
"Leaver Dept.","2022","Unknown","SCS level","SCS level","Unknown","140","[c]","107780","103290"
"Leaver Dept.","2022","Unknown","SEO/HEO","HEO","Heterosexual / straight","240","[c]","33370","32940"
"Leaver Dept.","2022","Unknown","SEO/HEO","HEO","LGBO","30","[c]","[c]","[c]"
"Leaver Dept.","2022","Unknown","SEO/HEO","HEO","Undeclared","300","[c]","32300","32310"
"Leaver Dept.","2022","Unknown","SEO/HEO","HEO","Unknown","1175","[c]","32430","32000"
"Leaver Dept.","2022","Unknown","SEO/HEO","SEO","Heterosexual / straight","235","[c]","40350","40120"
"Leaver Dept.","2022","Unknown","SEO/HEO","SEO","LGBO","20","[c]","[c]","[c]"
"Leaver Dept.","2022","Unknown","SEO/HEO","SEO","Undeclared","240","[c]","40180","40070"
"Leaver Dept.","2022","Unknown","SEO/HEO","SEO","Unknown","490","[c]","40730","40570"
"Leaver Dept.","2022","Unknown","Unknown","Unknown","Heterosexual / straight","20","[c]","[c]","[c]"
"Leaver Dept.","2022","Unknown","Unknown","Unknown","LGBO","[c]","[c]","[c]","[c]"
"Leaver Dept.","2022","Unknown","Unknown","Unknown","Undeclared","65","[c]","[c]","[c]"
"Leaver Dept.","2022","Unknown","Unknown","Unknown","Unknown","75","[c]","[c]","[c]"
"New entrant CS","2022","Declared disabled","AA/AO","AA","Heterosexual / straight","145","[c]","20500","20890"
"New entrant CS","2022","Declared disabled","AA/AO","AA","LGBO","45","[c]","20730","21050"
"New entrant CS","2022","Declared disabled","AA/AO","AA","Undeclared","10","[c]","[c]","[c]"
"New entrant CS","2022","Declared disabled","AA/AO","AA","Unknown","10","[c]","[c]","[c]"
"New entrant CS","2022","Declared disabled","AA/AO","AO","Heterosexual / straight","1010","[c]","21910","21260"
"New entrant CS","2022","Declared disabled","AA/AO","AO","LGBO","260","[c]","21860","21260"
"New entrant CS","2022","Declared disabled","AA/AO","AO","Undeclared","80","[c]","22100","21260"
"New entrant CS","2022","Declared disabled","AA/AO","AO","Unknown","55","[c]","21860","21300"
"New entrant CS","2022","Declared disabled","EO","EO","Heterosexual / straight","835","[c]","27300","27570"
"New entrant CS","2022","Declared disabled","EO","EO","LGBO","225","[c]","27140","27570"
"New entrant CS","2022","Declared disabled","EO","EO","Undeclared","90","[c]","27170","27570"
"New entrant CS","2022","Declared disabled","EO","EO","Unknown","40","[c]","26940","27230"
"New entrant CS","2022","Declared disabled","G6/G7","G6","Heterosexual / straight","35","[c]","65720","65320"
"New entrant CS","2022","Declared disabled","G6/G7","G6","LGBO","[c]","[c]","[c]","[c]"
"New entrant CS","2022","Declared disabled","G6/G7","G6","Undeclared","5","[c]","[c]","[c]"
"New entrant CS","2022","Declared disabled","G6/G7","G6","Unknown","[c]","[c]","[c]","[c]"
"New entrant CS","2022","Declared disabled","G6/G7","G7","Heterosexual / straight","155","[c]","53290","52640"
"New entrant CS","2022","Declared disabled","G6/G7","G7","LGBO","30","[c]","[c]","[c]"
"New entrant CS","2022","Declared disabled","G6/G7","G7","Undeclared","20","[c]","[c]","[c]"
"New entrant CS","2022","Declared disabled","G6/G7","G7","Unknown","[c]","[c]","[c]","[c]"
"New entrant CS","2022","Declared disabled","SCS level","SCS level","Heterosexual / straight","20","[c]","[c]","[c]"
"New entrant CS","2022","Declared disabled","SCS level","SCS level","LGBO","[c]","[c]","[c]","[c]"
"New entrant CS","2022","Declared disabled","SCS level","SCS level","Undeclared","[c]","[c]","[c]","[c]"
"New entrant CS","2022","Declared disabled","SCS level","SCS level","Unknown","[c]","[c]","[c]","[c]"
"New entrant CS","2022","Declared disabled","SEO/HEO","HEO","Heterosexual / straight","440","[c]","32370","32560"
"New entrant CS","2022","Declared disabled","SEO/HEO","HEO","LGBO","155","[c]","32430","32790"
"New entrant CS","2022","Declared disabled","SEO/HEO","HEO","Undeclared","60","[c]","32370","32330"
"New entrant CS","2022","Declared disabled","SEO/HEO","HEO","Unknown","20","[c]","[c]","[c]"
"New entrant CS","2022","Declared disabled","SEO/HEO","SEO","Heterosexual / straight","195","[c]","39610","39300"
"New entrant CS","2022","Declared disabled","SEO/HEO","SEO","LGBO","50","[c]","39360","39660"
"New entrant CS","2022","Declared disabled","SEO/HEO","SEO","Undeclared","30","[c]","39080","39500"
"New entrant CS","2022","Declared disabled","SEO/HEO","SEO","Unknown","15","[c]","[c]","[c]"
"New entrant CS","2022","Declared disabled","Unknown","Unknown","Heterosexual / straight","955","[c]","29490","27610"
"New entrant CS","2022","Declared disabled","Unknown","Unknown","LGBO","120","[c]","28870","24890"
"New entrant CS","2022","Declared disabled","Unknown","Unknown","Undeclared","80","[c]","29900","28410"
"New entrant CS","2022","Declared disabled","Unknown","Unknown","Unknown","30","[c]","[c]","[c]"
"New entrant CS","2022","Declared non-disabled","AA/AO","AA","Heterosexual / straight","1430","[c]","20710","20890"
"New entrant CS","2022","Declared non-disabled","AA/AO","AA","LGBO","170","[c]","20600","20890"
"New entrant CS","2022","Declared non-disabled","AA/AO","AA","Undeclared","70","[c]","20040","20890"
"New entrant CS","2022","Declared non-disabled","AA/AO","AA","Unknown","110","[c]","19410","20950"
"New entrant CS","2022","Declared non-disabled","AA/AO","AO","Heterosexual / straight","9455","[c]","22330","21260"
"New entrant CS","2022","Declared non-disabled","AA/AO","AO","LGBO","870","[c]","22230","21260"
"New entrant CS","2022","Declared non-disabled","AA/AO","AO","Undeclared","460","[c]","22140","21260"
"New entrant CS","2022","Declared non-disabled","AA/AO","AO","Unknown","745","[c]","21350","21300"
"New entrant CS","2022","Declared non-disabled","EO","EO","Heterosexual / straight","7430","[c]","27180","27570"
"New entrant CS","2022","Declared non-disabled","EO","EO","LGBO","645","[c]","26910","27230"
"New entrant CS","2022","Declared non-disabled","EO","EO","Undeclared","370","[c]","26880","27230"
"New entrant CS","2022","Declared non-disabled","EO","EO","Unknown","200","[c]","25550","25010"
"New entrant CS","2022","Declared non-disabled","G6/G7","G6","Heterosexual / straight","370","[c]","67420","65310"
"New entrant CS","2022","Declared non-disabled","G6/G7","G6","LGBO","25","[c]","[c]","[c]"
"New entrant CS","2022","Declared non-disabled","G6/G7","G6","Undeclared","25","[c]","[c]","[c]"
"New entrant CS","2022","Declared non-disabled","G6/G7","G6","Unknown","10","[c]","[c]","[c]"
"New entrant CS","2022","Declared non-disabled","G6/G7","G7","Heterosexual / straight","1770","[c]","53500","52300"
"New entrant CS","2022","Declared non-disabled","G6/G7","G7","LGBO","135","[c]","54420","53170"
"New entrant CS","2022","Declared non-disabled","G6/G7","G7","Undeclared","115","[c]","53080","51710"
"New entrant CS","2022","Declared non-disabled","G6/G7","G7","Unknown","70","[c]","50370","47810"
"New entrant CS","2022","Declared non-disabled","SCS level","SCS level","Heterosexual / straight","150","[c]","94270","88790"
"New entrant CS","2022","Declared non-disabled","SCS level","SCS level","LGBO","15","[c]","[c]","[c]"
"New entrant CS","2022","Declared non-disabled","SCS level","SCS level","Undeclared","10","[c]","[c]","[c]"
"New entrant CS","2022","Declared non-disabled","SCS level","SCS level","Unknown","[c]","[c]","[c]","[c]"
"New entrant CS","2022","Declared non-disabled","SEO/HEO","HEO","Heterosexual / straight","4260","[c]","32560","32560"
"New entrant CS","2022","Declared non-disabled","SEO/HEO","HEO","LGBO","445","[c]","32180","32330"
"New entrant CS","2022","Declared non-disabled","SEO/HEO","HEO","Undeclared","265","[c]","32440","32370"
"New entrant CS","2022","Declared non-disabled","SEO/HEO","HEO","Unknown","270","[c]","29420","29230"
"New entrant CS","2022","Declared non-disabled","SEO/HEO","SEO","Heterosexual / straight","2390","[c]","40490","40000"
"New entrant CS","2022","Declared non-disabled","SEO/HEO","SEO","LGBO","205","[c]","40280","39660"
"New entrant CS","2022","Declared non-disabled","SEO/HEO","SEO","Undeclared","160","[c]","39720","39660"
"New entrant CS","2022","Declared non-disabled","SEO/HEO","SEO","Unknown","80","[c]","38350","38070"
"New entrant CS","2022","Declared non-disabled","Unknown","Unknown","Heterosexual / straight","3755","[c]","28910","25500"
"New entrant CS","2022","Declared non-disabled","Unknown","Unknown","LGBO","270","[c]","28800","24800"
"New entrant CS","2022","Declared non-disabled","Unknown","Unknown","Undeclared","150","[c]","30160","27060"
"New entrant CS","2022","Declared non-disabled","Unknown","Unknown","Unknown","15","[c]","[c]","[c]"
"New entrant CS","2022","Undeclared","AA/AO","AA","Heterosexual / straight","55","[c]","20630","20890"
"New entrant CS","2022","Undeclared","AA/AO","AA","LGBO","5","[c]","[c]","[c]"
"New entrant CS","2022","Undeclared","AA/AO","AA","Undeclared","15","[c]","[c]","[c]"
"New entrant CS","2022","Undeclared","AA/AO","AA","Unknown","[c]","[c]","[c]","[c]"
"New entrant CS","2022","Undeclared","AA/AO","AO","Heterosexual / straight","295","[c]","22000","21260"
"New entrant CS","2022","Undeclared","AA/AO","AO","LGBO","60","[c]","21710","21260"
"New entrant CS","2022","Undeclared","AA/AO","AO","Undeclared","110","[c]","22040","21260"
"New entrant CS","2022","Undeclared","AA/AO","AO","Unknown","20","[c]","[c]","[c]"
"New entrant CS","2022","Undeclared","EO","EO","Heterosexual / straight","270","[c]","27190","27570"
"New entrant CS","2022","Undeclared","EO","EO","LGBO","55","[c]","26940","27570"
"New entrant CS","2022","Undeclared","EO","EO","Undeclared","95","[c]","27470","27570"
"New entrant CS","2022","Undeclared","EO","EO","Unknown","5","[c]","[c]","[c]"
"New entrant CS","2022","Undeclared","G6/G7","G6","Heterosexual / straight","10","[c]","[c]","[c]"
"New entrant CS","2022","Undeclared","G6/G7","G6","LGBO","[c]","[c]","[c]","[c]"
"New entrant CS","2022","Undeclared","G6/G7","G6","Undeclared","10","[c]","[c]","[c]"
"New entrant CS","2022","Undeclared","G6/G7","G7","Heterosexual / straight","55","[c]","52490","51860"
"New entrant CS","2022","Undeclared","G6/G7","G7","LGBO","10","[c]","[c]","[c]"
"New entrant CS","2022","Undeclared","G6/G7","G7","Undeclared","45","[c]","53710","53530"
"New entrant CS","2022","Undeclared","G6/G7","G7","Unknown","[c]","[c]","[c]","[c]"
"New entrant CS","2022","Undeclared","SCS level","SCS level","Heterosexual / straight","[c]","[c]","[c]","[c]"
"New entrant CS","2022","Undeclared","SCS level","SCS level","LGBO","[c]","[c]","[c]","[c]"
"New entrant CS","2022","Undeclared","SCS level","SCS level","Undeclared","[c]","[c]","[c]","[c]"
"New entrant CS","2022","Undeclared","SEO/HEO","HEO","Heterosexual / straight","165","[c]","32200","32320"
"New entrant CS","2022","Undeclared","SEO/HEO","HEO","LGBO","25","[c]","[c]","[c]"
"New entrant CS","2022","Undeclared","SEO/HEO","HEO","Undeclared","95","[c]","32410","32560"
"New entrant CS","2022","Undeclared","SEO/HEO","HEO","Unknown","5","[c]","[c]","[c]"
"New entrant CS","2022","Undeclared","SEO/HEO","SEO","Heterosexual / straight","90","[c]","40370","40050"
"New entrant CS","2022","Undeclared","SEO/HEO","SEO","LGBO","10","[c]","[c]","[c]"
"New entrant CS","2022","Undeclared","SEO/HEO","SEO","Undeclared","60","[c]","40580","40000"
"New entrant CS","2022","Undeclared","SEO/HEO","SEO","Unknown","[c]","[c]","[c]","[c]"
"New entrant CS","2022","Undeclared","Unknown","Unknown","Heterosexual / straight","195","[c]","29960","27980"
"New entrant CS","2022","Undeclared","Unknown","Unknown","LGBO","25","[c]","[c]","[c]"
"New entrant CS","2022","Undeclared","Unknown","Unknown","Undeclared","70","[c]","33020","29900"
"New entrant CS","2022","Undeclared","Unknown","Unknown","Unknown","5","[c]","[c]","[c]"
"New entrant CS","2022","Unknown","AA/AO","AA","Heterosexual / straight","175","[c]","20590","19860"
"New entrant CS","2022","Unknown","AA/AO","AA","LGBO","15","[c]","[c]","[c]"
"New entrant CS","2022","Unknown","AA/AO","AA","Undeclared","10","[c]","[c]","[c]"
"New entrant CS","2022","Unknown","AA/AO","AA","Unknown","1485","[c]","20840","20890"
"New entrant CS","2022","Unknown","AA/AO","AO","Heterosexual / straight","685","[c]","22210","21640"
"New entrant CS","2022","Unknown","AA/AO","AO","LGBO","75","[c]","22640","21660"
"New entrant CS","2022","Unknown","AA/AO","AO","Undeclared","50","[c]","22030","21840"
"New entrant CS","2022","Unknown","AA/AO","AO","Unknown","6160","[c]","22440","21260"
"New entrant CS","2022","Unknown","EO","EO","Heterosexual / straight","1090","[c]","27630","26880"
"New entrant CS","2022","Unknown","EO","EO","LGBO","125","[c]","27320","27130"
"New entrant CS","2022","Unknown","EO","EO","Undeclared","250","[c]","26870","27270"
"New entrant CS","2022","Unknown","EO","EO","Unknown","4495","[c]","26980","26590"
"New entrant CS","2022","Unknown","G6/G7","G6","Heterosexual / straight","80","[c]","68930","67450"
"New entrant CS","2022","Unknown","G6/G7","G6","LGBO","5","[c]","[c]","[c]"
"New entrant CS","2022","Unknown","G6/G7","G6","Undeclared","25","[c]","[c]","[c]"
"New entrant CS","2022","Unknown","G6/G7","G6","Unknown","275","[c]","69770","65440"
"New entrant CS","2022","Unknown","G6/G7","G7","Heterosexual / straight","280","[c]","53410","53050"
"New entrant CS","2022","Unknown","G6/G7","G7","LGBO","15","[c]","[c]","[c]"
"New entrant CS","2022","Unknown","G6/G7","G7","Undeclared","95","[c]","52200","53000"
"New entrant CS","2022","Unknown","G6/G7","G7","Unknown","870","[c]","56260","54110"
"New entrant CS","2022","Unknown","SCS level","SCS level","Heterosexual / straight","30","[c]","[c]","[c]"
"New entrant CS","2022","Unknown","SCS level","SCS level","LGBO","[c]","[c]","[c]","[c]"
"New entrant CS","2022","Unknown","SCS level","SCS level","Undeclared","20","[c]","[c]","[c]"
"New entrant CS","2022","Unknown","SCS level","SCS level","Unknown","125","[c]","101230","87210"
"New entrant CS","2022","Unknown","SEO/HEO","HEO","Heterosexual / straight","670","[c]","33020","32790"
"New entrant CS","2022","Unknown","SEO/HEO","HEO","LGBO","75","[c]","32430","32330"
"New entrant CS","2022","Unknown","SEO/HEO","HEO","Undeclared","230","[c]","32200","32790"
"New entrant CS","2022","Unknown","SEO/HEO","HEO","Unknown","2640","[c]","31720","31800"
"New entrant CS","2022","Unknown","SEO/HEO","SEO","Heterosexual / straight","445","[c]","40080","39850"
"New entrant CS","2022","Unknown","SEO/HEO","SEO","LGBO","50","[c]","39710","39720"
"New entrant CS","2022","Unknown","SEO/HEO","SEO","Undeclared","145","[c]","40150","40650"
"New entrant CS","2022","Unknown","SEO/HEO","SEO","Unknown","1105","[c]","40480","40180"
"New entrant CS","2022","Unknown","Unknown","Unknown","Heterosexual / straight","165","[c]","27710","24800"
"New entrant CS","2022","Unknown","Unknown","Unknown","LGBO","15","[c]","[c]","[c]"
"New entrant CS","2022","Unknown","Unknown","Unknown","Undeclared","30","[c]","[c]","[c]"
"New entrant CS","2022","Unknown","Unknown","Unknown","Unknown","3375","[c]","27710","26310"
"Notes","Summary figures are suppressed when information relates to less than 5 civil servants for FTE or Headcount, and less than 10 civil servants for median and mean salary (shown as [c]). Zero responses and salaries for less than 30 civil servants have been suppressed for GPDR special category data. FTE figures are not shown for entrants or leavers due to data quality concerns for these groups. Figures are rounded to the nearest 5, or 10 as appropriate.","","","","","","","",""
"Data source","All figures are aggregated from the Cabinet Office Annual Civil Service Employment Survey collection. https://www.gov.uk/government/collections/civil-service-statistics","","","","","","","",""
"Version","Generated on 2023-02-15, with GIT 71a76ea.","","","","","","","",""
"Data column","Description","","","","","","","",""
"Status","Employment status of the civil servants.","","","","","","","",""
"","In post - includes staff that were in post on the reference date (31 March).","","","","","","","",""
"","New entrant CS - includes new entrants to the Civil Service over the year (1 April to 31 March).","","","","","","","",""
"","Leaver CS - includes leavers from the Civil Service over the year (1 April to 31 March). This includes employees who have an Unknown leaving cause.","","","","","","","",""
"","Leaver Dept. - includes leavers from the department over the year (1 April to 31 March), who did not leave the Civil Service.","","","","","","","",""
"","Five organisations do not report when their employees first entered the Civil Service and so entrants data for these organisations is not available . These are as follows: Foreign Commonwealth and Development Office (excl. agencies), Foreign Commonwealth and Development Office Services, Defence Electronics and Components Agency, Scottish Forestry and Forest and Land Scotland. A further three organisations also could not provide entrants data in 2021. These are as follows: Department for International Development, Foreign and Commonwealth Office (excl. agencies) and Royal Fleet Auxiliary.","","","","","","","",""
"","Organisation specific notes on status: In late June 2021 around 7,000 employees from Community Rehabilitation Companies were transferred in from the private sector to HM Prison and Probation Service, counting as entrants. HM Land Registry do not record where their departing employees transfer to and so are unable to identify those that transfer to another Civil Service department.","","","","","","","",""
"Year","Year of data collection (as at 31 March).","","","","","","","",""
"Responsibility_level_grouped","With the exception of the centrally managed Senior Civil Service, government departments have delegated pay and grading. For statistical purposes departments are asked to map their grades to a common framework by responsibility level.","","","","","","","",""
"","This table shows staff in their substantive responsibility level unless on temporary promotion in which case staff are recorded at the higher responsibility level.","","","","","","","",""
"","Responsibility_level_grouped combines the mapped grades into five broad responsibility levels. This is the headline measure for responsibility level for the Civil Service and is consistent with the published National Statistics.","","","","","","","",""
"Responsibility_level_ungrouped","With the exception of the centrally managed Senior Civil Service, government departments have delegated pay and grading. For statistical purposes departments are asked to map their grades to a common framework by responsibility level.","","","","","","","",""
"","This table shows staff in their substantive responsibility level unless on temporary promotion in which case staff are recorded at the higher responsibility level.","","","","","","","",""
"","Responsibility_level_ungrouped shows the mapped grades at a higher level of detail, however not all Government Departments / bodies have distinct grades that map exactly to these levels so figures should be considered as approximations and treated with caution.","","","","","","","",""
"Disability","Self reported disability.","","","","","","","",""
"","""Undeclared"" accounts for employees who have actively declared that they do not want to disclose their disability status and ""Unknown"" accounts for employees who have not made an active declaration about their disability status.","","","","","","","",""
"Sexual_orientation","Self reported sexual orientation.","","","","","","","",""
"","""Undeclared"" accounts for employees who have actively declared that they do not want to disclose their sexual orientation and ""Unknown"" accounts for employees who have not made an active declaration about their sexual orientation.","","","","","","","",""
"Headcount","Total number of civil servants (rounded to nearest 5).","","","","","","","",""
"FTE","Total full-time equivalent (FTE) employment numbers (rounded to nearest 5).","","","","","","","",""
"","FTE figures are not shown for entrants or leavers due to data quality concerns for these groups.","","","","","","","",""
"Mean_salary","Average salary (mean, rounded to nearest 10). For part-time employees, salaries represent the full-time equivalent earnings, while for full-time employees they are the actual annual gross salaries.","","","","","","","",""
"","These figures should be interpreted with caution when the total number of employees in a group is small, as they will tend to show more variability than larger groups (i.e. may be much higher or lower than can be explained by the data shown).","","","","","","","",""
"Median_salary","Median salary (rounded to nearest 10). For part-time employees, salaries represent the full-time equivalent earnings, while for full-time employees they are the actual annual gross salaries.","","","","","","","",""
"","These figures should be interpreted with caution when the total number of employees in a group is small, as they will tend to show more variability than larger groups (i.e. may be much higher or lower than can be explained by the data shown).","","","","","","","",""
