"Status","Year","Ethnicity","Profession_of_post","Headcount","FTE","Mean_salary","Median_salary"
"In post","2022","Asian","Commercial","300","295","38690","36500"
"In post","2022","Asian","Communications","190","185","39820","37760"
"In post","2022","Asian","Corporate Finance","25","25","[c]","[c]"
"In post","2022","Asian","Counter Fraud","615","560","28180","27570"
"In post","2022","Asian","Digital, Data and Technology","1405","1385","42920","40000"
"In post","2022","Asian","Economics","225","220","43750","38020"
"In post","2022","Asian","Finance","995","970","40580","37100"
"In post","2022","Asian","Geography","5","5","[c]","[c]"
"In post","2022","Asian","Human Resources","560","540","37920","34910"
"In post","2022","Asian","Inspector of Education and Training","25","25","[c]","[c]"
"In post","2022","Asian","Intelligence Analysis","195","185","32270","29080"
"In post","2022","Asian","Internal Audit","90","85","46470","43440"
"In post","2022","Asian","International Trade","140","135","44960","38540"
"In post","2022","Asian","Knowledge and Information Management","120","115","34430","31910"
"In post","2022","Asian","Legal","1045","985","48780","50500"
"In post","2022","Asian","Medicine","195","175","70180","70890"
"In post","2022","Asian","Operational Delivery","17430","15935","28210","27570"
"In post","2022","Asian","Operational Research","55","55","44150","40180"
"In post","2022","Asian","Other","1675","1565","30200","27570"
"In post","2022","Asian","Planning","5","5","[c]","[c]"
"In post","2022","Asian","Planning Inspectors","[c]","[c]","[c]","[c]"
"In post","2022","Asian","Policy","2410","2360","43750","40050"
"In post","2022","Asian","Project Delivery","965","935","41340","38550"
"In post","2022","Asian","Property","330","315","38030","34150"
"In post","2022","Asian","Psychology","40","40","34550","31180"
"In post","2022","Asian","Science and Engineering","600","585","38100","36330"
"In post","2022","Asian","Security","350","345","31970","29060"
"In post","2022","Asian","Social Research","50","50","42220","38340"
"In post","2022","Asian","Statistics","180","175","43140","40270"
"In post","2022","Asian","Tax","1975","1895","33630","33080"
"In post","2022","Asian","Unknown","1450","1415","38860","34550"
"In post","2022","Asian","Veterinarian","10","10","[c]","[c]"
"In post","2022","Black","Commercial","195","195","37410","36340"
"In post","2022","Black","Communications","115","110","38650","35010"
"In post","2022","Black","Corporate Finance","5","5","[c]","[c]"
"In post","2022","Black","Counter Fraud","315","290","29170","27570"
"In post","2022","Black","Digital, Data and Technology","600","595","40270","37290"
"In post","2022","Black","Economics","65","65","40480","34840"
"In post","2022","Black","Finance","445","440","39770","36880"
"In post","2022","Black","Geography","[c]","[c]","[c]","[c]"
"In post","2022","Black","Human Resources","345","340","37130","34440"
"In post","2022","Black","Inspector of Education and Training","30","30","57700","51360"
"In post","2022","Black","Intelligence Analysis","55","50","31970","30530"
"In post","2022","Black","Internal Audit","30","30","43790","41790"
"In post","2022","Black","International Trade","75","70","41810","38540"
"In post","2022","Black","Knowledge and Information Management","60","60","33130","31000"
"In post","2022","Black","Legal","485","470","48950","50500"
"In post","2022","Black","Medicine","60","55","59440","45140"
"In post","2022","Black","Operational Delivery","9605","9095","29610","28650"
"In post","2022","Black","Operational Research","20","20","[c]","[c]"
"In post","2022","Black","Other","805","780","30250","29200"
"In post","2022","Black","Planning","5","5","[c]","[c]"
"In post","2022","Black","Planning Inspectors","[c]","[c]","[c]","[c]"
"In post","2022","Black","Policy","1295","1285","40240","36650"
"In post","2022","Black","Project Delivery","560","550","40110","37770"
"In post","2022","Black","Property","165","160","38350","34960"
"In post","2022","Black","Psychology","25","25","[c]","[c]"
"In post","2022","Black","Science and Engineering","280","270","38120","37700"
"In post","2022","Black","Security","135","135","32260","28990"
"In post","2022","Black","Social Research","25","25","[c]","[c]"
"In post","2022","Black","Statistics","60","60","40390","39580"
"In post","2022","Black","Tax","580","570","32980","33080"
"In post","2022","Black","Unknown","635","625","39630","35590"
"In post","2022","Black","Veterinarian","[c]","[c]","[c]","[c]"
"In post","2022","Mixed","Commercial","115","110","38200","36500"
"In post","2022","Mixed","Communications","115","110","43140","38640"
"In post","2022","Mixed","Corporate Finance","[c]","[c]","[c]","[c]"
"In post","2022","Mixed","Counter Fraud","105","100","29430","27570"
"In post","2022","Mixed","Digital, Data and Technology","290","285","41970","39780"
"In post","2022","Mixed","Economics","85","85","43360","41060"
"In post","2022","Mixed","Finance","200","195","40590","36990"
"In post","2022","Mixed","Geography","[c]","[c]","[c]","[c]"
"In post","2022","Mixed","Human Resources","225","215","40620","37580"
"In post","2022","Mixed","Inspector of Education and Training","[c]","[c]","[c]","[c]"
"In post","2022","Mixed","Intelligence Analysis","60","60","38180","33280"
"In post","2022","Mixed","Internal Audit","15","15","[c]","[c]"
"In post","2022","Mixed","International Trade","50","50","49480","51710"
"In post","2022","Mixed","Knowledge and Information Management","35","30","39090","36540"
"In post","2022","Mixed","Legal","300","280","50920","51830"
"In post","2022","Mixed","Medicine","40","40","63370","68160"
"In post","2022","Mixed","Operational Delivery","4375","4110","29390","27570"
"In post","2022","Mixed","Operational Research","15","15","[c]","[c]"
"In post","2022","Mixed","Other","445","425","31370","27570"
"In post","2022","Mixed","Planning","[c]","[c]","[c]","[c]"
"In post","2022","Mixed","Planning Inspectors","[c]","[c]","[c]","[c]"
"In post","2022","Mixed","Policy","1080","1060","45820","41950"
"In post","2022","Mixed","Project Delivery","275","270","42380","40100"
"In post","2022","Mixed","Property","90","85","36070","33300"
"In post","2022","Mixed","Psychology","40","40","35170","29750"
"In post","2022","Mixed","Science and Engineering","225","225","37740","36330"
"In post","2022","Mixed","Security","100","100","36080","35980"
"In post","2022","Mixed","Social Research","30","30","43680","38340"
"In post","2022","Mixed","Statistics","40","40","43200","38750"
"In post","2022","Mixed","Tax","290","280","35710","33370"
"In post","2022","Mixed","Unknown","505","495","43130","37540"
"In post","2022","Mixed","Veterinarian","[c]","[c]","[c]","[c]"
"In post","2022","Other ethnicity","Commercial","35","35","39630","39660"
"In post","2022","Other ethnicity","Communications","20","20","[c]","[c]"
"In post","2022","Other ethnicity","Corporate Finance","[c]","[c]","[c]","[c]"
"In post","2022","Other ethnicity","Counter Fraud","40","40","29240","27570"
"In post","2022","Other ethnicity","Digital, Data and Technology","100","100","43530","39470"
"In post","2022","Other ethnicity","Economics","20","20","[c]","[c]"
"In post","2022","Other ethnicity","Finance","50","45","42200","40520"
"In post","2022","Other ethnicity","Geography","[c]","[c]","[c]","[c]"
"In post","2022","Other ethnicity","Human Resources","50","50","35720","30470"
"In post","2022","Other ethnicity","Inspector of Education and Training","5","5","[c]","[c]"
"In post","2022","Other ethnicity","Intelligence Analysis","15","15","[c]","[c]"
"In post","2022","Other ethnicity","Internal Audit","10","10","[c]","[c]"
"In post","2022","Other ethnicity","International Trade","15","15","[c]","[c]"
"In post","2022","Other ethnicity","Knowledge and Information Management","15","15","[c]","[c]"
"In post","2022","Other ethnicity","Legal","90","85","53060","52730"
"In post","2022","Other ethnicity","Medicine","15","15","[c]","[c]"
"In post","2022","Other ethnicity","Operational Delivery","1260","1180","30180","28140"
"In post","2022","Other ethnicity","Operational Research","[c]","[c]","[c]","[c]"
"In post","2022","Other ethnicity","Other","120","115","37350","31060"
"In post","2022","Other ethnicity","Planning","[c]","[c]","[c]","[c]"
"In post","2022","Other ethnicity","Planning Inspectors","[c]","[c]","[c]","[c]"
"In post","2022","Other ethnicity","Policy","325","315","45840","41950"
"In post","2022","Other ethnicity","Project Delivery","70","65","43030","40030"
"In post","2022","Other ethnicity","Property","25","25","[c]","[c]"
"In post","2022","Other ethnicity","Psychology","5","5","[c]","[c]"
"In post","2022","Other ethnicity","Science and Engineering","90","85","41320","39650"
"In post","2022","Other ethnicity","Security","20","20","[c]","[c]"
"In post","2022","Other ethnicity","Social Research","10","10","[c]","[c]"
"In post","2022","Other ethnicity","Statistics","15","15","[c]","[c]"
"In post","2022","Other ethnicity","Tax","90","85","36150","33370"
"In post","2022","Other ethnicity","Unknown","125","125","42050","36650"
"In post","2022","Other ethnicity","Veterinarian","5","5","[c]","[c]"
"In post","2022","Undeclared","Commercial","250","240","40490","38090"
"In post","2022","Undeclared","Communications","110","105","41610","39660"
"In post","2022","Undeclared","Corporate Finance","[c]","[c]","[c]","[c]"
"In post","2022","Undeclared","Counter Fraud","390","345","28890","27570"
"In post","2022","Undeclared","Digital, Data and Technology","1055","1030","42210","39700"
"In post","2022","Undeclared","Economics","50","50","52730","57010"
"In post","2022","Undeclared","Finance","535","515","40200","36930"
"In post","2022","Undeclared","Geography","20","20","[c]","[c]"
"In post","2022","Undeclared","Human Resources","285","270","37240","33380"
"In post","2022","Undeclared","Inspector of Education and Training","10","10","[c]","[c]"
"In post","2022","Undeclared","Intelligence Analysis","195","185","36190","33300"
"In post","2022","Undeclared","Internal Audit","35","35","47100","43300"
"In post","2022","Undeclared","International Trade","65","65","51850","51970"
"In post","2022","Undeclared","Knowledge and Information Management","160","150","35630","33140"
"In post","2022","Undeclared","Legal","500","470","47490","44780"
"In post","2022","Undeclared","Medicine","75","65","67390","65750"
"In post","2022","Undeclared","Operational Delivery","9715","8835","29440","27570"
"In post","2022","Undeclared","Operational Research","60","55","43560","45430"
"In post","2022","Undeclared","Other","1235","1165","29910","27570"
"In post","2022","Undeclared","Planning","5","5","[c]","[c]"
"In post","2022","Undeclared","Planning Inspectors","15","15","[c]","[c]"
"In post","2022","Undeclared","Policy","1215","1185","48410","46730"
"In post","2022","Undeclared","Project Delivery","710","680","44360","40910"
"In post","2022","Undeclared","Property","585","540","38400","34000"
"In post","2022","Undeclared","Psychology","25","25","[c]","[c]"
"In post","2022","Undeclared","Science and Engineering","990","950","41810","40200"
"In post","2022","Undeclared","Security","445","435","36060","37710"
"In post","2022","Undeclared","Social Research","5","5","[c]","[c]"
"In post","2022","Undeclared","Statistics","55","55","45500","41590"
"In post","2022","Undeclared","Tax","755","705","41330","37930"
"In post","2022","Undeclared","Unknown","620","605","44650","39660"
"In post","2022","Undeclared","Veterinarian","30","30","44920","38080"
"In post","2022","Unknown","Commercial","695","675","39190","36820"
"In post","2022","Unknown","Communications","725","705","43500","39630"
"In post","2022","Unknown","Corporate Finance","10","10","[c]","[c]"
"In post","2022","Unknown","Counter Fraud","435","405","33160","29290"
"In post","2022","Unknown","Digital, Data and Technology","2970","2925","41960","38110"
"In post","2022","Unknown","Economics","320","315","43160","35070"
"In post","2022","Unknown","Finance","1200","1160","39910","36820"
"In post","2022","Unknown","Geography","125","125","30560","29290"
"In post","2022","Unknown","Human Resources","820","795","37360","32910"
"In post","2022","Unknown","Inspector of Education and Training","25","25","[c]","[c]"
"In post","2022","Unknown","Intelligence Analysis","260","255","33810","30930"
"In post","2022","Unknown","Internal Audit","25","25","[c]","[c]"
"In post","2022","Unknown","International Trade","425","420","45130","40020"
"In post","2022","Unknown","Knowledge and Information Management","205","200","35950","32580"
"In post","2022","Unknown","Legal","1745","1655","45310","40520"
"In post","2022","Unknown","Medicine","400","345","49440","39030"
"In post","2022","Unknown","Operational Delivery","34795","32395","27540","25110"
"In post","2022","Unknown","Operational Research","120","115","39990","37930"
"In post","2022","Unknown","Other","4180","4075","34700","32120"
"In post","2022","Unknown","Planning","15","15","[c]","[c]"
"In post","2022","Unknown","Planning Inspectors","40","35","52440","47660"
"In post","2022","Unknown","Policy","3975","3885","45930","41950"
"In post","2022","Unknown","Project Delivery","1505","1465","42760","40180"
"In post","2022","Unknown","Property","845","815","34720","30730"
"In post","2022","Unknown","Psychology","180","170","32550","30450"
"In post","2022","Unknown","Science and Engineering","910","885","36330","32790"
"In post","2022","Unknown","Security","1130","1120","32000","28650"
"In post","2022","Unknown","Social Research","155","150","39980","38340"
"In post","2022","Unknown","Statistics","280","275","38960","36840"
"In post","2022","Unknown","Tax","4570","4375","29910","26820"
"In post","2022","Unknown","Unknown","9370","9145","40820","32000"
"In post","2022","Unknown","Veterinarian","50","45","40760","37910"
"In post","2022","White","Commercial","4615","4430","40200","37400"
"In post","2022","White","Communications","2900","2790","42500","39240"
"In post","2022","White","Corporate Finance","100","100","48930","47010"
"In post","2022","White","Counter Fraud","4680","4195","29020","27570"
"In post","2022","White","Digital, Data and Technology","13590","13180","42130","38550"
"In post","2022","White","Economics","1325","1295","49550","51210"
"In post","2022","White","Finance","8900","8525","40550","36050"
"In post","2022","White","Geography","335","315","31520","33290"
"In post","2022","White","Human Resources","7330","6930","39320","35000"
"In post","2022","White","Inspector of Education and Training","835","810","66220","70500"
"In post","2022","White","Intelligence Analysis","2455","2345","33760","30820"
"In post","2022","White","Internal Audit","570","545","46530","43200"
"In post","2022","White","International Trade","870","855","48730","50560"
"In post","2022","White","Knowledge and Information Management","1785","1715","35590","32690"
"In post","2022","White","Legal","8520","7930","49570","50500"
"In post","2022","White","Medicine","1730","1540","54410","41100"
"In post","2022","White","Operational Delivery","177820","161850","28870","27370"
"In post","2022","White","Operational Research","860","820","45990","47010"
"In post","2022","White","Other","21915","20680","30110","26670"
"In post","2022","White","Planning","190","180","46030","42140"
"In post","2022","White","Planning Inspectors","315","280","56690","58810"
"In post","2022","White","Policy","22660","21940","48400","47470"
"In post","2022","White","Project Delivery","11800","11305","43870","40520"
"In post","2022","White","Property","5560","5330","38470","34000"
"In post","2022","White","Psychology","1210","1155","36180","31180"
"In post","2022","White","Science and Engineering","10855","10430","39330","38070"
"In post","2022","White","Security","7100","6930","32230","29200"
"In post","2022","White","Social Research","1045","995","42850","38340"
"In post","2022","White","Statistics","1770","1700","44660","40520"
"In post","2022","White","Tax","11345","10720","37270","33370"
"In post","2022","White","Unknown","19540","18855","42530","36390"
"In post","2022","White","Veterinarian","315","305","44630","41030"
"Leaver CS","2022","Asian","Commercial","20","[c]","[c]","[c]"
"Leaver CS","2022","Asian","Communications","20","[c]","[c]","[c]"
"Leaver CS","2022","Asian","Corporate Finance","[c]","[c]","[c]","[c]"
"Leaver CS","2022","Asian","Counter Fraud","15","[c]","[c]","[c]"
"Leaver CS","2022","Asian","Digital, Data and Technology","120","[c]","40080","38050"
"Leaver CS","2022","Asian","Economics","25","[c]","[c]","[c]"
"Leaver CS","2022","Asian","Finance","45","[c]","42330","40030"
"Leaver CS","2022","Asian","Geography","[c]","[c]","[c]","[c]"
"Leaver CS","2022","Asian","Human Resources","45","[c]","38920","36620"
"Leaver CS","2022","Asian","Inspector of Education and Training","5","[c]","[c]","[c]"
"Leaver CS","2022","Asian","Intelligence Analysis","10","[c]","[c]","[c]"
"Leaver CS","2022","Asian","Internal Audit","5","[c]","[c]","[c]"
"Leaver CS","2022","Asian","International Trade","[c]","[c]","[c]","[c]"
"Leaver CS","2022","Asian","Knowledge and Information Management","40","[c]","34780","33220"
"Leaver CS","2022","Asian","Legal","40","[c]","49640","51250"
"Leaver CS","2022","Asian","Medicine","40","[c]","73880","84560"
"Leaver CS","2022","Asian","Operational Delivery","1100","[c]","28220","27570"
"Leaver CS","2022","Asian","Operational Research","[c]","[c]","[c]","[c]"
"Leaver CS","2022","Asian","Other","120","[c]","30930","27400"
"Leaver CS","2022","Asian","Planning","[c]","[c]","[c]","[c]"
"Leaver CS","2022","Asian","Planning Inspectors","[c]","[c]","[c]","[c]"
"Leaver CS","2022","Asian","Policy","135","[c]","42840","40050"
"Leaver CS","2022","Asian","Project Delivery","30","[c]","40550","36340"
"Leaver CS","2022","Asian","Property","5","[c]","[c]","[c]"
"Leaver CS","2022","Asian","Psychology","5","[c]","[c]","[c]"
"Leaver CS","2022","Asian","Science and Engineering","75","[c]","34890","32900"
"Leaver CS","2022","Asian","Security","15","[c]","[c]","[c]"
"Leaver CS","2022","Asian","Social Research","[c]","[c]","[c]","[c]"
"Leaver CS","2022","Asian","Statistics","10","[c]","[c]","[c]"
"Leaver CS","2022","Asian","Tax","[c]","[c]","[c]","[c]"
"Leaver CS","2022","Asian","Unknown","470","[c]","37560","28550"
"Leaver CS","2022","Asian","Veterinarian","[c]","[c]","[c]","[c]"
"Leaver CS","2022","Black","Commercial","15","[c]","[c]","[c]"
"Leaver CS","2022","Black","Communications","15","[c]","[c]","[c]"
"Leaver CS","2022","Black","Corporate Finance","[c]","[c]","[c]","[c]"
"Leaver CS","2022","Black","Counter Fraud","[c]","[c]","[c]","[c]"
"Leaver CS","2022","Black","Digital, Data and Technology","45","[c]","45370","42230"
"Leaver CS","2022","Black","Economics","[c]","[c]","[c]","[c]"
"Leaver CS","2022","Black","Finance","30","[c]","[c]","[c]"
"Leaver CS","2022","Black","Geography","[c]","[c]","[c]","[c]"
"Leaver CS","2022","Black","Human Resources","35","[c]","33500","31500"
"Leaver CS","2022","Black","Inspector of Education and Training","[c]","[c]","[c]","[c]"
"Leaver CS","2022","Black","Intelligence Analysis","[c]","[c]","[c]","[c]"
"Leaver CS","2022","Black","Internal Audit","[c]","[c]","[c]","[c]"
"Leaver CS","2022","Black","International Trade","[c]","[c]","[c]","[c]"
"Leaver CS","2022","Black","Knowledge and Information Management","15","[c]","[c]","[c]"
"Leaver CS","2022","Black","Legal","15","[c]","[c]","[c]"
"Leaver CS","2022","Black","Medicine","10","[c]","[c]","[c]"
"Leaver CS","2022","Black","Operational Delivery","825","[c]","29440","28170"
"Leaver CS","2022","Black","Operational Research","[c]","[c]","[c]","[c]"
"Leaver CS","2022","Black","Other","80","[c]","31090","31060"
"Leaver CS","2022","Black","Planning","[c]","[c]","[c]","[c]"
"Leaver CS","2022","Black","Planning Inspectors","[c]","[c]","[c]","[c]"
"Leaver CS","2022","Black","Policy","55","[c]","36190","33640"
"Leaver CS","2022","Black","Project Delivery","25","[c]","[c]","[c]"
"Leaver CS","2022","Black","Property","5","[c]","[c]","[c]"
"Leaver CS","2022","Black","Psychology","[c]","[c]","[c]","[c]"
"Leaver CS","2022","Black","Science and Engineering","55","[c]","37190","36330"
"Leaver CS","2022","Black","Security","5","[c]","[c]","[c]"
"Leaver CS","2022","Black","Social Research","[c]","[c]","[c]","[c]"
"Leaver CS","2022","Black","Statistics","5","[c]","[c]","[c]"
"Leaver CS","2022","Black","Tax","[c]","[c]","[c]","[c]"
"Leaver CS","2022","Black","Unknown","195","[c]","31990","30720"
"Leaver CS","2022","Black","Veterinarian","[c]","[c]","[c]","[c]"
"Leaver CS","2022","Mixed","Commercial","10","[c]","[c]","[c]"
"Leaver CS","2022","Mixed","Communications","10","[c]","[c]","[c]"
"Leaver CS","2022","Mixed","Corporate Finance","[c]","[c]","[c]","[c]"
"Leaver CS","2022","Mixed","Counter Fraud","[c]","[c]","[c]","[c]"
"Leaver CS","2022","Mixed","Digital, Data and Technology","25","[c]","[c]","[c]"
"Leaver CS","2022","Mixed","Economics","5","[c]","[c]","[c]"
"Leaver CS","2022","Mixed","Finance","10","[c]","[c]","[c]"
"Leaver CS","2022","Mixed","Geography","[c]","[c]","[c]","[c]"
"Leaver CS","2022","Mixed","Human Resources","20","[c]","[c]","[c]"
"Leaver CS","2022","Mixed","Inspector of Education and Training","[c]","[c]","[c]","[c]"
"Leaver CS","2022","Mixed","Intelligence Analysis","[c]","[c]","[c]","[c]"
"Leaver CS","2022","Mixed","Internal Audit","[c]","[c]","[c]","[c]"
"Leaver CS","2022","Mixed","International Trade","[c]","[c]","[c]","[c]"
"Leaver CS","2022","Mixed","Knowledge and Information Management","5","[c]","[c]","[c]"
"Leaver CS","2022","Mixed","Legal","20","[c]","[c]","[c]"
"Leaver CS","2022","Mixed","Medicine","5","[c]","[c]","[c]"
"Leaver CS","2022","Mixed","Operational Delivery","465","[c]","28080","27570"
"Leaver CS","2022","Mixed","Operational Research","[c]","[c]","[c]","[c]"
"Leaver CS","2022","Mixed","Other","60","[c]","26990","26350"
"Leaver CS","2022","Mixed","Planning","[c]","[c]","[c]","[c]"
"Leaver CS","2022","Mixed","Planning Inspectors","[c]","[c]","[c]","[c]"
"Leaver CS","2022","Mixed","Policy","50","[c]","[c]","[c]"
"Leaver CS","2022","Mixed","Project Delivery","25","[c]","[c]","[c]"
"Leaver CS","2022","Mixed","Property","5","[c]","[c]","[c]"
"Leaver CS","2022","Mixed","Psychology","[c]","[c]","[c]","[c]"
"Leaver CS","2022","Mixed","Science and Engineering","25","[c]","[c]","[c]"
"Leaver CS","2022","Mixed","Security","5","[c]","[c]","[c]"
"Leaver CS","2022","Mixed","Social Research","[c]","[c]","[c]","[c]"
"Leaver CS","2022","Mixed","Statistics","[c]","[c]","[c]","[c]"
"Leaver CS","2022","Mixed","Tax","[c]","[c]","[c]","[c]"
"Leaver CS","2022","Mixed","Unknown","130","[c]","33710","27570"
"Leaver CS","2022","Mixed","Veterinarian","[c]","[c]","[c]","[c]"
"Leaver CS","2022","Other ethnicity","Commercial","[c]","[c]","[c]","[c]"
"Leaver CS","2022","Other ethnicity","Communications","[c]","[c]","[c]","[c]"
"Leaver CS","2022","Other ethnicity","Corporate Finance","[c]","[c]","[c]","[c]"
"Leaver CS","2022","Other ethnicity","Counter Fraud","[c]","[c]","[c]","[c]"
"Leaver CS","2022","Other ethnicity","Digital, Data and Technology","15","[c]","[c]","[c]"
"Leaver CS","2022","Other ethnicity","Economics","5","[c]","[c]","[c]"
"Leaver CS","2022","Other ethnicity","Finance","5","[c]","[c]","[c]"
"Leaver CS","2022","Other ethnicity","Geography","[c]","[c]","[c]","[c]"
"Leaver CS","2022","Other ethnicity","Human Resources","[c]","[c]","[c]","[c]"
"Leaver CS","2022","Other ethnicity","Inspector of Education and Training","[c]","[c]","[c]","[c]"
"Leaver CS","2022","Other ethnicity","Intelligence Analysis","[c]","[c]","[c]","[c]"
"Leaver CS","2022","Other ethnicity","Internal Audit","[c]","[c]","[c]","[c]"
"Leaver CS","2022","Other ethnicity","International Trade","[c]","[c]","[c]","[c]"
"Leaver CS","2022","Other ethnicity","Knowledge and Information Management","[c]","[c]","[c]","[c]"
"Leaver CS","2022","Other ethnicity","Legal","10","[c]","[c]","[c]"
"Leaver CS","2022","Other ethnicity","Medicine","5","[c]","[c]","[c]"
"Leaver CS","2022","Other ethnicity","Operational Delivery","120","[c]","29960","27570"
"Leaver CS","2022","Other ethnicity","Operational Research","[c]","[c]","[c]","[c]"
"Leaver CS","2022","Other ethnicity","Other","20","[c]","[c]","[c]"
"Leaver CS","2022","Other ethnicity","Planning","[c]","[c]","[c]","[c]"
"Leaver CS","2022","Other ethnicity","Planning Inspectors","[c]","[c]","[c]","[c]"
"Leaver CS","2022","Other ethnicity","Policy","20","[c]","[c]","[c]"
"Leaver CS","2022","Other ethnicity","Project Delivery","5","[c]","[c]","[c]"
"Leaver CS","2022","Other ethnicity","Property","[c]","[c]","[c]","[c]"
"Leaver CS","2022","Other ethnicity","Psychology","[c]","[c]","[c]","[c]"
"Leaver CS","2022","Other ethnicity","Science and Engineering","10","[c]","[c]","[c]"
"Leaver CS","2022","Other ethnicity","Security","[c]","[c]","[c]","[c]"
"Leaver CS","2022","Other ethnicity","Social Research","[c]","[c]","[c]","[c]"
"Leaver CS","2022","Other ethnicity","Statistics","[c]","[c]","[c]","[c]"
"Leaver CS","2022","Other ethnicity","Tax","[c]","[c]","[c]","[c]"
"Leaver CS","2022","Other ethnicity","Unknown","35","[c]","[c]","[c]"
"Leaver CS","2022","Other ethnicity","Veterinarian","[c]","[c]","[c]","[c]"
"Leaver CS","2022","Undeclared","Commercial","20","[c]","[c]","[c]"
"Leaver CS","2022","Undeclared","Communications","10","[c]","[c]","[c]"
"Leaver CS","2022","Undeclared","Corporate Finance","[c]","[c]","[c]","[c]"
"Leaver CS","2022","Undeclared","Counter Fraud","35","[c]","28150","27570"
"Leaver CS","2022","Undeclared","Digital, Data and Technology","90","[c]","39190","36840"
"Leaver CS","2022","Undeclared","Economics","25","[c]","[c]","[c]"
"Leaver CS","2022","Undeclared","Finance","35","[c]","[c]","[c]"
"Leaver CS","2022","Undeclared","Geography","5","[c]","[c]","[c]"
"Leaver CS","2022","Undeclared","Human Resources","25","[c]","[c]","[c]"
"Leaver CS","2022","Undeclared","Inspector of Education and Training","[c]","[c]","[c]","[c]"
"Leaver CS","2022","Undeclared","Intelligence Analysis","15","[c]","[c]","[c]"
"Leaver CS","2022","Undeclared","Internal Audit","[c]","[c]","[c]","[c]"
"Leaver CS","2022","Undeclared","International Trade","[c]","[c]","[c]","[c]"
"Leaver CS","2022","Undeclared","Knowledge and Information Management","40","[c]","36860","29830"
"Leaver CS","2022","Undeclared","Legal","25","[c]","[c]","[c]"
"Leaver CS","2022","Undeclared","Medicine","15","[c]","[c]","[c]"
"Leaver CS","2022","Undeclared","Operational Delivery","760","[c]","29460","26780"
"Leaver CS","2022","Undeclared","Operational Research","[c]","[c]","[c]","[c]"
"Leaver CS","2022","Undeclared","Other","115","[c]","29000","25190"
"Leaver CS","2022","Undeclared","Planning","[c]","[c]","[c]","[c]"
"Leaver CS","2022","Undeclared","Planning Inspectors","[c]","[c]","[c]","[c]"
"Leaver CS","2022","Undeclared","Policy","55","[c]","45030","42410"
"Leaver CS","2022","Undeclared","Project Delivery","50","[c]","44050","40550"
"Leaver CS","2022","Undeclared","Property","35","[c]","40450","37500"
"Leaver CS","2022","Undeclared","Psychology","[c]","[c]","[c]","[c]"
"Leaver CS","2022","Undeclared","Science and Engineering","100","[c]","41160","40060"
"Leaver CS","2022","Undeclared","Security","35","[c]","33730","39070"
"Leaver CS","2022","Undeclared","Social Research","5","[c]","[c]","[c]"
"Leaver CS","2022","Undeclared","Statistics","15","[c]","[c]","[c]"
"Leaver CS","2022","Undeclared","Tax","5","[c]","[c]","[c]"
"Leaver CS","2022","Undeclared","Unknown","270","[c]","36370","30540"
"Leaver CS","2022","Undeclared","Veterinarian","[c]","[c]","[c]","[c]"
"Leaver CS","2022","Unknown","Commercial","100","[c]","36210","29550"
"Leaver CS","2022","Unknown","Communications","110","[c]","40200","33840"
"Leaver CS","2022","Unknown","Corporate Finance","[c]","[c]","[c]","[c]"
"Leaver CS","2022","Unknown","Counter Fraud","20","[c]","[c]","[c]"
"Leaver CS","2022","Unknown","Digital, Data and Technology","295","[c]","41240","38450"
"Leaver CS","2022","Unknown","Economics","30","[c]","[c]","[c]"
"Leaver CS","2022","Unknown","Finance","110","[c]","32680","27380"
"Leaver CS","2022","Unknown","Geography","10","[c]","[c]","[c]"
"Leaver CS","2022","Unknown","Human Resources","85","[c]","28450","26350"
"Leaver CS","2022","Unknown","Inspector of Education and Training","[c]","[c]","[c]","[c]"
"Leaver CS","2022","Unknown","Intelligence Analysis","15","[c]","[c]","[c]"
"Leaver CS","2022","Unknown","Internal Audit","5","[c]","[c]","[c]"
"Leaver CS","2022","Unknown","International Trade","50","[c]","[c]","[c]"
"Leaver CS","2022","Unknown","Knowledge and Information Management","20","[c]","[c]","[c]"
"Leaver CS","2022","Unknown","Legal","55","[c]","56560","55000"
"Leaver CS","2022","Unknown","Medicine","65","[c]","42210","34770"
"Leaver CS","2022","Unknown","Operational Delivery","4045","[c]","27690","23770"
"Leaver CS","2022","Unknown","Operational Research","[c]","[c]","[c]","[c]"
"Leaver CS","2022","Unknown","Other","570","[c]","32300","30370"
"Leaver CS","2022","Unknown","Planning","[c]","[c]","[c]","[c]"
"Leaver CS","2022","Unknown","Policy","400","[c]","40850","36500"
"Leaver CS","2022","Unknown","Project Delivery","85","[c]","39850","38600"
"Leaver CS","2022","Unknown","Property","65","[c]","29830","25020"
"Leaver CS","2022","Unknown","Psychology","20","[c]","[c]","[c]"
"Leaver CS","2022","Unknown","Science and Engineering","120","[c]","30120","25750"
"Leaver CS","2022","Unknown","Security","105","[c]","28630","25580"
"Leaver CS","2022","Unknown","Social Research","5","[c]","[c]","[c]"
"Leaver CS","2022","Unknown","Statistics","20","[c]","[c]","[c]"
"Leaver CS","2022","Unknown","Tax","[c]","[c]","[c]","[c]"
"Leaver CS","2022","Unknown","Unknown","2850","[c]","36020","27570"
"Leaver CS","2022","Unknown","Veterinarian","10","[c]","[c]","[c]"
"Leaver CS","2022","White","Commercial","250","[c]","39570","36780"
"Leaver CS","2022","White","Communications","200","[c]","39450","37320"
"Leaver CS","2022","White","Corporate Finance","[c]","[c]","[c]","[c]"
"Leaver CS","2022","White","Counter Fraud","195","[c]","28530","27570"
"Leaver CS","2022","White","Digital, Data and Technology","795","[c]","41900","38420"
"Leaver CS","2022","White","Economics","95","[c]","38740","34720"
"Leaver CS","2022","White","Finance","430","[c]","40170","33300"
"Leaver CS","2022","White","Geography","25","[c]","[c]","[c]"
"Leaver CS","2022","White","Human Resources","395","[c]","38440","33310"
"Leaver CS","2022","White","Inspector of Education and Training","110","[c]","66550","75480"
"Leaver CS","2022","White","Intelligence Analysis","95","[c]","31710","29250"
"Leaver CS","2022","White","Internal Audit","40","[c]","[c]","[c]"
"Leaver CS","2022","White","International Trade","45","[c]","[c]","[c]"
"Leaver CS","2022","White","Knowledge and Information Management","320","[c]","35140","30500"
"Leaver CS","2022","White","Legal","350","[c]","56790","55000"
"Leaver CS","2022","White","Medicine","290","[c]","59400","42120"
"Leaver CS","2022","White","Operational Delivery","14265","[c]","28370","26780"
"Leaver CS","2022","White","Operational Research","35","[c]","39940","38070"
"Leaver CS","2022","White","Other","1915","[c]","28580","22500"
"Leaver CS","2022","White","Planning","10","[c]","[c]","[c]"
"Leaver CS","2022","White","Planning Inspectors","20","[c]","[c]","[c]"
"Leaver CS","2022","White","Policy","895","[c]","48250","44440"
"Leaver CS","2022","White","Project Delivery","535","[c]","41630","38310"
"Leaver CS","2022","White","Property","300","[c]","36070","33300"
"Leaver CS","2022","White","Psychology","70","[c]","[c]","[c]"
"Leaver CS","2022","White","Science and Engineering","1060","[c]","38560","36460"
"Leaver CS","2022","White","Security","525","[c]","32650","31510"
"Leaver CS","2022","White","Social Research","30","[c]","37410","38340"
"Leaver CS","2022","White","Statistics","65","[c]","39930","33820"
"Leaver CS","2022","White","Tax","35","[c]","39950","33370"
"Leaver CS","2022","White","Unknown","4705","[c]","37780","30040"
"Leaver CS","2022","White","Veterinarian","30","[c]","[c]","[c]"
"Leaver Dept.","2022","Asian","Commercial","30","[c]","[c]","[c]"
"Leaver Dept.","2022","Asian","Communications","25","[c]","[c]","[c]"
"Leaver Dept.","2022","Asian","Corporate Finance","[c]","[c]","[c]","[c]"
"Leaver Dept.","2022","Asian","Counter Fraud","10","[c]","[c]","[c]"
"Leaver Dept.","2022","Asian","Digital, Data and Technology","85","[c]","41780","37160"
"Leaver Dept.","2022","Asian","Economics","15","[c]","[c]","[c]"
"Leaver Dept.","2022","Asian","Finance","75","[c]","39030","36830"
"Leaver Dept.","2022","Asian","Geography","[c]","[c]","[c]","[c]"
"Leaver Dept.","2022","Asian","Human Resources","50","[c]","35470","32330"
"Leaver Dept.","2022","Asian","Inspector of Education and Training","[c]","[c]","[c]","[c]"
"Leaver Dept.","2022","Asian","Intelligence Analysis","5","[c]","[c]","[c]"
"Leaver Dept.","2022","Asian","Internal Audit","[c]","[c]","[c]","[c]"
"Leaver Dept.","2022","Asian","International Trade","10","[c]","[c]","[c]"
"Leaver Dept.","2022","Asian","Knowledge and Information Management","25","[c]","[c]","[c]"
"Leaver Dept.","2022","Asian","Legal","15","[c]","[c]","[c]"
"Leaver Dept.","2022","Asian","Medicine","65","[c]","100400","104450"
"Leaver Dept.","2022","Asian","Operational Delivery","1105","[c]","30170","27570"
"Leaver Dept.","2022","Asian","Operational Research","[c]","[c]","[c]","[c]"
"Leaver Dept.","2022","Asian","Other","70","[c]","31570","28330"
"Leaver Dept.","2022","Asian","Planning","[c]","[c]","[c]","[c]"
"Leaver Dept.","2022","Asian","Planning Inspectors","[c]","[c]","[c]","[c]"
"Leaver Dept.","2022","Asian","Policy","200","[c]","40060","35200"
"Leaver Dept.","2022","Asian","Project Delivery","50","[c]","38770","36790"
"Leaver Dept.","2022","Asian","Property","[c]","[c]","[c]","[c]"
"Leaver Dept.","2022","Asian","Psychology","[c]","[c]","[c]","[c]"
"Leaver Dept.","2022","Asian","Science and Engineering","245","[c]","35880","33100"
"Leaver Dept.","2022","Asian","Security","5","[c]","[c]","[c]"
"Leaver Dept.","2022","Asian","Social Research","[c]","[c]","[c]","[c]"
"Leaver Dept.","2022","Asian","Statistics","15","[c]","[c]","[c]"
"Leaver Dept.","2022","Asian","Tax","[c]","[c]","[c]","[c]"
"Leaver Dept.","2022","Asian","Unknown","310","[c]","42170","35430"
"Leaver Dept.","2022","Asian","Veterinarian","[c]","[c]","[c]","[c]"
"Leaver Dept.","2022","Black","Commercial","10","[c]","[c]","[c]"
"Leaver Dept.","2022","Black","Communications","15","[c]","[c]","[c]"
"Leaver Dept.","2022","Black","Corporate Finance","[c]","[c]","[c]","[c]"
"Leaver Dept.","2022","Black","Counter Fraud","5","[c]","[c]","[c]"
"Leaver Dept.","2022","Black","Digital, Data and Technology","45","[c]","38920","33180"
"Leaver Dept.","2022","Black","Economics","[c]","[c]","[c]","[c]"
"Leaver Dept.","2022","Black","Finance","30","[c]","[c]","[c]"
"Leaver Dept.","2022","Black","Geography","[c]","[c]","[c]","[c]"
"Leaver Dept.","2022","Black","Human Resources","45","[c]","34850","32330"
"Leaver Dept.","2022","Black","Inspector of Education and Training","[c]","[c]","[c]","[c]"
"Leaver Dept.","2022","Black","Intelligence Analysis","[c]","[c]","[c]","[c]"
"Leaver Dept.","2022","Black","Internal Audit","[c]","[c]","[c]","[c]"
"Leaver Dept.","2022","Black","International Trade","5","[c]","[c]","[c]"
"Leaver Dept.","2022","Black","Knowledge and Information Management","10","[c]","[c]","[c]"
"Leaver Dept.","2022","Black","Legal","[c]","[c]","[c]","[c]"
"Leaver Dept.","2022","Black","Medicine","25","[c]","[c]","[c]"
"Leaver Dept.","2022","Black","Operational Delivery","550","[c]","32470","28990"
"Leaver Dept.","2022","Black","Operational Research","[c]","[c]","[c]","[c]"
"Leaver Dept.","2022","Black","Other","55","[c]","28610","27570"
"Leaver Dept.","2022","Black","Planning","[c]","[c]","[c]","[c]"
"Leaver Dept.","2022","Black","Planning Inspectors","[c]","[c]","[c]","[c]"
"Leaver Dept.","2022","Black","Policy","80","[c]","39030","34730"
"Leaver Dept.","2022","Black","Project Delivery","35","[c]","39940","39960"
"Leaver Dept.","2022","Black","Property","5","[c]","[c]","[c]"
"Leaver Dept.","2022","Black","Psychology","[c]","[c]","[c]","[c]"
"Leaver Dept.","2022","Black","Science and Engineering","150","[c]","37660","35500"
"Leaver Dept.","2022","Black","Security","[c]","[c]","[c]","[c]"
"Leaver Dept.","2022","Black","Social Research","[c]","[c]","[c]","[c]"
"Leaver Dept.","2022","Black","Statistics","[c]","[c]","[c]","[c]"
"Leaver Dept.","2022","Black","Tax","[c]","[c]","[c]","[c]"
"Leaver Dept.","2022","Black","Unknown","150","[c]","40180","35510"
"Leaver Dept.","2022","Black","Veterinarian","[c]","[c]","[c]","[c]"
"Leaver Dept.","2022","Mixed","Commercial","10","[c]","[c]","[c]"
"Leaver Dept.","2022","Mixed","Communications","10","[c]","[c]","[c]"
"Leaver Dept.","2022","Mixed","Corporate Finance","[c]","[c]","[c]","[c]"
"Leaver Dept.","2022","Mixed","Counter Fraud","[c]","[c]","[c]","[c]"
"Leaver Dept.","2022","Mixed","Digital, Data and Technology","20","[c]","[c]","[c]"
"Leaver Dept.","2022","Mixed","Economics","10","[c]","[c]","[c]"
"Leaver Dept.","2022","Mixed","Finance","15","[c]","[c]","[c]"
"Leaver Dept.","2022","Mixed","Geography","[c]","[c]","[c]","[c]"
"Leaver Dept.","2022","Mixed","Human Resources","15","[c]","[c]","[c]"
"Leaver Dept.","2022","Mixed","Inspector of Education and Training","[c]","[c]","[c]","[c]"
"Leaver Dept.","2022","Mixed","Intelligence Analysis","[c]","[c]","[c]","[c]"
"Leaver Dept.","2022","Mixed","Internal Audit","[c]","[c]","[c]","[c]"
"Leaver Dept.","2022","Mixed","International Trade","5","[c]","[c]","[c]"
"Leaver Dept.","2022","Mixed","Knowledge and Information Management","5","[c]","[c]","[c]"
"Leaver Dept.","2022","Mixed","Legal","[c]","[c]","[c]","[c]"
"Leaver Dept.","2022","Mixed","Medicine","10","[c]","[c]","[c]"
"Leaver Dept.","2022","Mixed","Operational Delivery","245","[c]","32960","28310"
"Leaver Dept.","2022","Mixed","Operational Research","[c]","[c]","[c]","[c]"
"Leaver Dept.","2022","Mixed","Other","25","[c]","[c]","[c]"
"Leaver Dept.","2022","Mixed","Planning","[c]","[c]","[c]","[c]"
"Leaver Dept.","2022","Mixed","Planning Inspectors","[c]","[c]","[c]","[c]"
"Leaver Dept.","2022","Mixed","Policy","90","[c]","42620","40050"
"Leaver Dept.","2022","Mixed","Project Delivery","10","[c]","[c]","[c]"
"Leaver Dept.","2022","Mixed","Property","[c]","[c]","[c]","[c]"
"Leaver Dept.","2022","Mixed","Psychology","[c]","[c]","[c]","[c]"
"Leaver Dept.","2022","Mixed","Science and Engineering","45","[c]","35140","32830"
"Leaver Dept.","2022","Mixed","Security","[c]","[c]","[c]","[c]"
"Leaver Dept.","2022","Mixed","Social Research","[c]","[c]","[c]","[c]"
"Leaver Dept.","2022","Mixed","Statistics","5","[c]","[c]","[c]"
"Leaver Dept.","2022","Mixed","Tax","[c]","[c]","[c]","[c]"
"Leaver Dept.","2022","Mixed","Unknown","100","[c]","40350","34710"
"Leaver Dept.","2022","Mixed","Veterinarian","[c]","[c]","[c]","[c]"
"Leaver Dept.","2022","Other ethnicity","Commercial","[c]","[c]","[c]","[c]"
"Leaver Dept.","2022","Other ethnicity","Communications","[c]","[c]","[c]","[c]"
"Leaver Dept.","2022","Other ethnicity","Corporate Finance","[c]","[c]","[c]","[c]"
"Leaver Dept.","2022","Other ethnicity","Counter Fraud","[c]","[c]","[c]","[c]"
"Leaver Dept.","2022","Other ethnicity","Digital, Data and Technology","10","[c]","[c]","[c]"
"Leaver Dept.","2022","Other ethnicity","Economics","[c]","[c]","[c]","[c]"
"Leaver Dept.","2022","Other ethnicity","Finance","5","[c]","[c]","[c]"
"Leaver Dept.","2022","Other ethnicity","Geography","[c]","[c]","[c]","[c]"
"Leaver Dept.","2022","Other ethnicity","Human Resources","5","[c]","[c]","[c]"
"Leaver Dept.","2022","Other ethnicity","Inspector of Education and Training","[c]","[c]","[c]","[c]"
"Leaver Dept.","2022","Other ethnicity","Intelligence Analysis","[c]","[c]","[c]","[c]"
"Leaver Dept.","2022","Other ethnicity","Internal Audit","[c]","[c]","[c]","[c]"
"Leaver Dept.","2022","Other ethnicity","International Trade","[c]","[c]","[c]","[c]"
"Leaver Dept.","2022","Other ethnicity","Knowledge and Information Management","[c]","[c]","[c]","[c]"
"Leaver Dept.","2022","Other ethnicity","Legal","[c]","[c]","[c]","[c]"
"Leaver Dept.","2022","Other ethnicity","Medicine","5","[c]","[c]","[c]"
"Leaver Dept.","2022","Other ethnicity","Operational Delivery","65","[c]","35460","29290"
"Leaver Dept.","2022","Other ethnicity","Operational Research","[c]","[c]","[c]","[c]"
"Leaver Dept.","2022","Other ethnicity","Other","5","[c]","[c]","[c]"
"Leaver Dept.","2022","Other ethnicity","Planning","[c]","[c]","[c]","[c]"
"Leaver Dept.","2022","Other ethnicity","Planning Inspectors","[c]","[c]","[c]","[c]"
"Leaver Dept.","2022","Other ethnicity","Policy","25","[c]","[c]","[c]"
"Leaver Dept.","2022","Other ethnicity","Project Delivery","[c]","[c]","[c]","[c]"
"Leaver Dept.","2022","Other ethnicity","Property","[c]","[c]","[c]","[c]"
"Leaver Dept.","2022","Other ethnicity","Psychology","[c]","[c]","[c]","[c]"
"Leaver Dept.","2022","Other ethnicity","Science and Engineering","30","[c]","[c]","[c]"
"Leaver Dept.","2022","Other ethnicity","Security","[c]","[c]","[c]","[c]"
"Leaver Dept.","2022","Other ethnicity","Social Research","[c]","[c]","[c]","[c]"
"Leaver Dept.","2022","Other ethnicity","Statistics","[c]","[c]","[c]","[c]"
"Leaver Dept.","2022","Other ethnicity","Tax","[c]","[c]","[c]","[c]"
"Leaver Dept.","2022","Other ethnicity","Unknown","25","[c]","[c]","[c]"
"Leaver Dept.","2022","Other ethnicity","Veterinarian","[c]","[c]","[c]","[c]"
"Leaver Dept.","2022","Undeclared","Commercial","20","[c]","[c]","[c]"
"Leaver Dept.","2022","Undeclared","Communications","15","[c]","[c]","[c]"
"Leaver Dept.","2022","Undeclared","Corporate Finance","[c]","[c]","[c]","[c]"
"Leaver Dept.","2022","Undeclared","Counter Fraud","[c]","[c]","[c]","[c]"
"Leaver Dept.","2022","Undeclared","Digital, Data and Technology","45","[c]","41190","36330"
"Leaver Dept.","2022","Undeclared","Economics","15","[c]","[c]","[c]"
"Leaver Dept.","2022","Undeclared","Finance","25","[c]","[c]","[c]"
"Leaver Dept.","2022","Undeclared","Human Resources","25","[c]","[c]","[c]"
"Leaver Dept.","2022","Undeclared","Intelligence Analysis","5","[c]","[c]","[c]"
"Leaver Dept.","2022","Undeclared","Internal Audit","[c]","[c]","[c]","[c]"
"Leaver Dept.","2022","Undeclared","Knowledge and Information Management","20","[c]","[c]","[c]"
"Leaver Dept.","2022","Undeclared","Legal","[c]","[c]","[c]","[c]"
"Leaver Dept.","2022","Undeclared","Medicine","25","[c]","[c]","[c]"
"Leaver Dept.","2022","Undeclared","Operational Delivery","425","[c]","36870","31990"
"Leaver Dept.","2022","Undeclared","Other","25","[c]","[c]","[c]"
"Leaver Dept.","2022","Undeclared","Planning Inspectors","[c]","[c]","[c]","[c]"
"Leaver Dept.","2022","Undeclared","Policy","75","[c]","46700","45200"
"Leaver Dept.","2022","Undeclared","Project Delivery","25","[c]","[c]","[c]"
"Leaver Dept.","2022","Undeclared","Property","5","[c]","[c]","[c]"
"Leaver Dept.","2022","Undeclared","Science and Engineering","180","[c]","44430","40940"
"Leaver Dept.","2022","Undeclared","Security","5","[c]","[c]","[c]"
"Leaver Dept.","2022","Undeclared","Social Research","10","[c]","[c]","[c]"
"Leaver Dept.","2022","Undeclared","Statistics","15","[c]","[c]","[c]"
"Leaver Dept.","2022","Undeclared","Unknown","95","[c]","42760","40600"
"Leaver Dept.","2022","Unknown","Commercial","165","[c]","42680","40650"
"Leaver Dept.","2022","Unknown","Communications","130","[c]","[c]","[c]"
"Leaver Dept.","2022","Unknown","Counter Fraud","20","[c]","[c]","[c]"
"Leaver Dept.","2022","Unknown","Digital, Data and Technology","155","[c]","40350","38650"
"Leaver Dept.","2022","Unknown","Economics","25","[c]","[c]","[c]"
"Leaver Dept.","2022","Unknown","Finance","160","[c]","44630","36730"
"Leaver Dept.","2022","Unknown","Human Resources","70","[c]","39930","34240"
"Leaver Dept.","2022","Unknown","Intelligence Analysis","5","[c]","[c]","[c]"
"Leaver Dept.","2022","Unknown","Internal Audit","[c]","[c]","[c]","[c]"
"Leaver Dept.","2022","Unknown","International Trade","35","[c]","[c]","[c]"
"Leaver Dept.","2022","Unknown","Knowledge and Information Management","30","[c]","[c]","[c]"
"Leaver Dept.","2022","Unknown","Legal","35","[c]","61020","61610"
"Leaver Dept.","2022","Unknown","Medicine","10","[c]","[c]","[c]"
"Leaver Dept.","2022","Unknown","Operational Delivery","850","[c]","30450","27570"
"Leaver Dept.","2022","Unknown","Operational Research","10","[c]","[c]","[c]"
"Leaver Dept.","2022","Unknown","Other","100","[c]","32140","28440"
"Leaver Dept.","2022","Unknown","Planning","[c]","[c]","[c]","[c]"
"Leaver Dept.","2022","Unknown","Policy","605","[c]","44270","40050"
"Leaver Dept.","2022","Unknown","Project Delivery","55","[c]","40390","37450"
"Leaver Dept.","2022","Unknown","Property","30","[c]","[c]","[c]"
"Leaver Dept.","2022","Unknown","Science and Engineering","45","[c]","39840","37400"
"Leaver Dept.","2022","Unknown","Security","10","[c]","[c]","[c]"
"Leaver Dept.","2022","Unknown","Social Research","5","[c]","[c]","[c]"
"Leaver Dept.","2022","Unknown","Statistics","15","[c]","[c]","[c]"
"Leaver Dept.","2022","Unknown","Tax","[c]","[c]","[c]","[c]"
"Leaver Dept.","2022","Unknown","Unknown","1740","[c]","38350","32000"
"Leaver Dept.","2022","Unknown","Veterinarian","[c]","[c]","[c]","[c]"
"Leaver Dept.","2022","White","Commercial","260","[c]","39970","36780"
"Leaver Dept.","2022","White","Communications","215","[c]","43870","37830"
"Leaver Dept.","2022","White","Corporate Finance","[c]","[c]","[c]","[c]"
"Leaver Dept.","2022","White","Counter Fraud","75","[c]","31260","27570"
"Leaver Dept.","2022","White","Digital, Data and Technology","390","[c]","42330","38500"
"Leaver Dept.","2022","White","Economics","90","[c]","45040","35070"
"Leaver Dept.","2022","White","Finance","315","[c]","42990","37980"
"Leaver Dept.","2022","White","Geography","[c]","[c]","[c]","[c]"
"Leaver Dept.","2022","White","Human Resources","405","[c]","40460","33880"
"Leaver Dept.","2022","White","Inspector of Education and Training","[c]","[c]","[c]","[c]"
"Leaver Dept.","2022","White","Intelligence Analysis","60","[c]","34770","30900"
"Leaver Dept.","2022","White","Internal Audit","15","[c]","[c]","[c]"
"Leaver Dept.","2022","White","International Trade","40","[c]","[c]","[c]"
"Leaver Dept.","2022","White","Knowledge and Information Management","210","[c]","43910","40560"
"Leaver Dept.","2022","White","Legal","55","[c]","61020","58310"
"Leaver Dept.","2022","White","Medicine","250","[c]","88240","92500"
"Leaver Dept.","2022","White","Operational Delivery","5280","[c]","33490","27570"
"Leaver Dept.","2022","White","Operational Research","35","[c]","43710","38320"
"Leaver Dept.","2022","White","Other","510","[c]","31400","27570"
"Leaver Dept.","2022","White","Planning","[c]","[c]","[c]","[c]"
"Leaver Dept.","2022","White","Planning Inspectors","20","[c]","[c]","[c]"
"Leaver Dept.","2022","White","Policy","1335","[c]","46830","41950"
"Leaver Dept.","2022","White","Project Delivery","345","[c]","40660","36970"
"Leaver Dept.","2022","White","Property","75","[c]","42990","38200"
"Leaver Dept.","2022","White","Psychology","5","[c]","[c]","[c]"
"Leaver Dept.","2022","White","Science and Engineering","1580","[c]","40310","37910"
"Leaver Dept.","2022","White","Security","55","[c]","36570","35310"
"Leaver Dept.","2022","White","Social Research","45","[c]","43650","41720"
"Leaver Dept.","2022","White","Statistics","80","[c]","42820","39850"
"Leaver Dept.","2022","White","Tax","5","[c]","[c]","[c]"
"Leaver Dept.","2022","White","Unknown","1985","[c]","44590","38160"
"Leaver Dept.","2022","White","Veterinarian","5","[c]","[c]","[c]"
"New entrant CS","2022","Asian","Commercial","55","[c]","33820","31900"
"New entrant CS","2022","Asian","Communications","25","[c]","[c]","[c]"
"New entrant CS","2022","Asian","Corporate Finance","[c]","[c]","[c]","[c]"
"New entrant CS","2022","Asian","Counter Fraud","110","[c]","26350","25110"
"New entrant CS","2022","Asian","Digital, Data and Technology","290","[c]","39280","36050"
"New entrant CS","2022","Asian","Economics","50","[c]","31380","29970"
"New entrant CS","2022","Asian","Finance","130","[c]","34050","31060"
"New entrant CS","2022","Asian","Geography","[c]","[c]","[c]","[c]"
"New entrant CS","2022","Asian","Human Resources","80","[c]","31820","28840"
"New entrant CS","2022","Asian","Inspector of Education and Training","5","[c]","[c]","[c]"
"New entrant CS","2022","Asian","Intelligence Analysis","5","[c]","[c]","[c]"
"New entrant CS","2022","Asian","Internal Audit","10","[c]","[c]","[c]"
"New entrant CS","2022","Asian","International Trade","15","[c]","[c]","[c]"
"New entrant CS","2022","Asian","Knowledge and Information Management","20","[c]","[c]","[c]"
"New entrant CS","2022","Asian","Legal","130","[c]","43980","48080"
"New entrant CS","2022","Asian","Medicine","25","[c]","[c]","[c]"
"New entrant CS","2022","Asian","Operational Delivery","2590","[c]","26390","26130"
"New entrant CS","2022","Asian","Operational Research","10","[c]","[c]","[c]"
"New entrant CS","2022","Asian","Other","175","[c]","27940","25750"
"New entrant CS","2022","Asian","Planning","[c]","[c]","[c]","[c]"
"New entrant CS","2022","Asian","Planning Inspectors","[c]","[c]","[c]","[c]"
"New entrant CS","2022","Asian","Policy","305","[c]","35380","33210"
"New entrant CS","2022","Asian","Project Delivery","95","[c]","37180","34260"
"New entrant CS","2022","Asian","Property","35","[c]","35710","31130"
"New entrant CS","2022","Asian","Psychology","10","[c]","[c]","[c]"
"New entrant CS","2022","Asian","Science and Engineering","110","[c]","31880","29530"
"New entrant CS","2022","Asian","Security","20","[c]","[c]","[c]"
"New entrant CS","2022","Asian","Social Research","15","[c]","[c]","[c]"
"New entrant CS","2022","Asian","Statistics","25","[c]","[c]","[c]"
"New entrant CS","2022","Asian","Tax","370","[c]","27820","26590"
"New entrant CS","2022","Asian","Unknown","395","[c]","29880","27570"
"New entrant CS","2022","Asian","Veterinarian","[c]","[c]","[c]","[c]"
"New entrant CS","2022","Black","Commercial","30","[c]","[c]","[c]"
"New entrant CS","2022","Black","Communications","20","[c]","[c]","[c]"
"New entrant CS","2022","Black","Corporate Finance","[c]","[c]","[c]","[c]"
"New entrant CS","2022","Black","Counter Fraud","40","[c]","26790","25110"
"New entrant CS","2022","Black","Digital, Data and Technology","145","[c]","36750","33980"
"New entrant CS","2022","Black","Economics","10","[c]","[c]","[c]"
"New entrant CS","2022","Black","Finance","45","[c]","35970","33080"
"New entrant CS","2022","Black","Geography","[c]","[c]","[c]","[c]"
"New entrant CS","2022","Black","Human Resources","55","[c]","31540","28530"
"New entrant CS","2022","Black","Inspector of Education and Training","5","[c]","[c]","[c]"
"New entrant CS","2022","Black","Intelligence Analysis","5","[c]","[c]","[c]"
"New entrant CS","2022","Black","Internal Audit","[c]","[c]","[c]","[c]"
"New entrant CS","2022","Black","International Trade","5","[c]","[c]","[c]"
"New entrant CS","2022","Black","Knowledge and Information Management","5","[c]","[c]","[c]"
"New entrant CS","2022","Black","Legal","40","[c]","41250","42830"
"New entrant CS","2022","Black","Medicine","[c]","[c]","[c]","[c]"
"New entrant CS","2022","Black","Operational Delivery","1585","[c]","28190","27570"
"New entrant CS","2022","Black","Operational Research","[c]","[c]","[c]","[c]"
"New entrant CS","2022","Black","Other","85","[c]","27210","26050"
"New entrant CS","2022","Black","Planning","[c]","[c]","[c]","[c]"
"New entrant CS","2022","Black","Planning Inspectors","[c]","[c]","[c]","[c]"
"New entrant CS","2022","Black","Policy","175","[c]","34760","32970"
"New entrant CS","2022","Black","Project Delivery","40","[c]","38220","37140"
"New entrant CS","2022","Black","Property","25","[c]","[c]","[c]"
"New entrant CS","2022","Black","Psychology","[c]","[c]","[c]","[c]"
"New entrant CS","2022","Black","Science and Engineering","60","[c]","34330","32330"
"New entrant CS","2022","Black","Security","10","[c]","[c]","[c]"
"New entrant CS","2022","Black","Social Research","[c]","[c]","[c]","[c]"
"New entrant CS","2022","Black","Statistics","10","[c]","[c]","[c]"
"New entrant CS","2022","Black","Tax","115","[c]","28120","26590"
"New entrant CS","2022","Black","Unknown","175","[c]","31920","29970"
"New entrant CS","2022","Black","Veterinarian","[c]","[c]","[c]","[c]"
"New entrant CS","2022","Mixed","Commercial","25","[c]","[c]","[c]"
"New entrant CS","2022","Mixed","Communications","15","[c]","[c]","[c]"
"New entrant CS","2022","Mixed","Corporate Finance","[c]","[c]","[c]","[c]"
"New entrant CS","2022","Mixed","Counter Fraud","20","[c]","[c]","[c]"
"New entrant CS","2022","Mixed","Digital, Data and Technology","50","[c]","34260","32770"
"New entrant CS","2022","Mixed","Economics","15","[c]","[c]","[c]"
"New entrant CS","2022","Mixed","Finance","20","[c]","[c]","[c]"
"New entrant CS","2022","Mixed","Geography","[c]","[c]","[c]","[c]"
"New entrant CS","2022","Mixed","Human Resources","45","[c]","33290","29000"
"New entrant CS","2022","Mixed","Inspector of Education and Training","[c]","[c]","[c]","[c]"
"New entrant CS","2022","Mixed","Intelligence Analysis","5","[c]","[c]","[c]"
"New entrant CS","2022","Mixed","Internal Audit","[c]","[c]","[c]","[c]"
"New entrant CS","2022","Mixed","International Trade","5","[c]","[c]","[c]"
"New entrant CS","2022","Mixed","Knowledge and Information Management","5","[c]","[c]","[c]"
"New entrant CS","2022","Mixed","Legal","25","[c]","[c]","[c]"
"New entrant CS","2022","Mixed","Medicine","[c]","[c]","[c]","[c]"
"New entrant CS","2022","Mixed","Operational Delivery","840","[c]","27120","25330"
"New entrant CS","2022","Mixed","Operational Research","[c]","[c]","[c]","[c]"
"New entrant CS","2022","Mixed","Other","80","[c]","27270","25750"
"New entrant CS","2022","Mixed","Planning","[c]","[c]","[c]","[c]"
"New entrant CS","2022","Mixed","Planning Inspectors","[c]","[c]","[c]","[c]"
"New entrant CS","2022","Mixed","Policy","160","[c]","36200","33570"
"New entrant CS","2022","Mixed","Project Delivery","30","[c]","35820","34710"
"New entrant CS","2022","Mixed","Property","10","[c]","[c]","[c]"
"New entrant CS","2022","Mixed","Psychology","10","[c]","[c]","[c]"
"New entrant CS","2022","Mixed","Science and Engineering","35","[c]","28600","26670"
"New entrant CS","2022","Mixed","Security","10","[c]","[c]","[c]"
"New entrant CS","2022","Mixed","Social Research","5","[c]","[c]","[c]"
"New entrant CS","2022","Mixed","Statistics","10","[c]","[c]","[c]"
"New entrant CS","2022","Mixed","Tax","50","[c]","28840","26590"
"New entrant CS","2022","Mixed","Unknown","145","[c]","31150","27500"
"New entrant CS","2022","Mixed","Veterinarian","[c]","[c]","[c]","[c]"
"New entrant CS","2022","Other ethnicity","Commercial","5","[c]","[c]","[c]"
"New entrant CS","2022","Other ethnicity","Communications","[c]","[c]","[c]","[c]"
"New entrant CS","2022","Other ethnicity","Corporate Finance","[c]","[c]","[c]","[c]"
"New entrant CS","2022","Other ethnicity","Counter Fraud","[c]","[c]","[c]","[c]"
"New entrant CS","2022","Other ethnicity","Digital, Data and Technology","15","[c]","[c]","[c]"
"New entrant CS","2022","Other ethnicity","Economics","[c]","[c]","[c]","[c]"
"New entrant CS","2022","Other ethnicity","Finance","5","[c]","[c]","[c]"
"New entrant CS","2022","Other ethnicity","Geography","[c]","[c]","[c]","[c]"
"New entrant CS","2022","Other ethnicity","Human Resources","10","[c]","[c]","[c]"
"New entrant CS","2022","Other ethnicity","Inspector of Education and Training","[c]","[c]","[c]","[c]"
"New entrant CS","2022","Other ethnicity","Intelligence Analysis","[c]","[c]","[c]","[c]"
"New entrant CS","2022","Other ethnicity","Internal Audit","[c]","[c]","[c]","[c]"
"New entrant CS","2022","Other ethnicity","International Trade","[c]","[c]","[c]","[c]"
"New entrant CS","2022","Other ethnicity","Knowledge and Information Management","[c]","[c]","[c]","[c]"
"New entrant CS","2022","Other ethnicity","Legal","10","[c]","[c]","[c]"
"New entrant CS","2022","Other ethnicity","Medicine","[c]","[c]","[c]","[c]"
"New entrant CS","2022","Other ethnicity","Operational Delivery","215","[c]","27690","27230"
"New entrant CS","2022","Other ethnicity","Operational Research","[c]","[c]","[c]","[c]"
"New entrant CS","2022","Other ethnicity","Other","20","[c]","[c]","[c]"
"New entrant CS","2022","Other ethnicity","Planning","[c]","[c]","[c]","[c]"
"New entrant CS","2022","Other ethnicity","Planning Inspectors","[c]","[c]","[c]","[c]"
"New entrant CS","2022","Other ethnicity","Policy","50","[c]","33910","32670"
"New entrant CS","2022","Other ethnicity","Project Delivery","10","[c]","[c]","[c]"
"New entrant CS","2022","Other ethnicity","Property","[c]","[c]","[c]","[c]"
"New entrant CS","2022","Other ethnicity","Psychology","[c]","[c]","[c]","[c]"
"New entrant CS","2022","Other ethnicity","Science and Engineering","10","[c]","[c]","[c]"
"New entrant CS","2022","Other ethnicity","Security","[c]","[c]","[c]","[c]"
"New entrant CS","2022","Other ethnicity","Social Research","[c]","[c]","[c]","[c]"
"New entrant CS","2022","Other ethnicity","Statistics","[c]","[c]","[c]","[c]"
"New entrant CS","2022","Other ethnicity","Tax","20","[c]","[c]","[c]"
"New entrant CS","2022","Other ethnicity","Unknown","25","[c]","[c]","[c]"
"New entrant CS","2022","Other ethnicity","Veterinarian","[c]","[c]","[c]","[c]"
"New entrant CS","2022","Undeclared","Commercial","[c]","[c]","[c]","[c]"
"New entrant CS","2022","Undeclared","Communications","10","[c]","[c]","[c]"
"New entrant CS","2022","Undeclared","Corporate Finance","[c]","[c]","[c]","[c]"
"New entrant CS","2022","Undeclared","Counter Fraud","10","[c]","[c]","[c]"
"New entrant CS","2022","Undeclared","Digital, Data and Technology","75","[c]","38570","36630"
"New entrant CS","2022","Undeclared","Economics","15","[c]","[c]","[c]"
"New entrant CS","2022","Undeclared","Finance","25","[c]","[c]","[c]"
"New entrant CS","2022","Undeclared","Geography","[c]","[c]","[c]","[c]"
"New entrant CS","2022","Undeclared","Human Resources","20","[c]","[c]","[c]"
"New entrant CS","2022","Undeclared","Inspector of Education and Training","[c]","[c]","[c]","[c]"
"New entrant CS","2022","Undeclared","Intelligence Analysis","[c]","[c]","[c]","[c]"
"New entrant CS","2022","Undeclared","International Trade","[c]","[c]","[c]","[c]"
"New entrant CS","2022","Undeclared","Knowledge and Information Management","[c]","[c]","[c]","[c]"
"New entrant CS","2022","Undeclared","Legal","15","[c]","[c]","[c]"
"New entrant CS","2022","Undeclared","Medicine","[c]","[c]","[c]","[c]"
"New entrant CS","2022","Undeclared","Operational Delivery","515","[c]","28970","26880"
"New entrant CS","2022","Undeclared","Other","30","[c]","[c]","[c]"
"New entrant CS","2022","Undeclared","Planning","[c]","[c]","[c]","[c]"
"New entrant CS","2022","Undeclared","Planning Inspectors","[c]","[c]","[c]","[c]"
"New entrant CS","2022","Undeclared","Policy","60","[c]","35550","33570"
"New entrant CS","2022","Undeclared","Project Delivery","15","[c]","[c]","[c]"
"New entrant CS","2022","Undeclared","Property","5","[c]","[c]","[c]"
"New entrant CS","2022","Undeclared","Science and Engineering","35","[c]","33920","32480"
"New entrant CS","2022","Undeclared","Security","10","[c]","[c]","[c]"
"New entrant CS","2022","Undeclared","Statistics","5","[c]","[c]","[c]"
"New entrant CS","2022","Undeclared","Tax","15","[c]","[c]","[c]"
"New entrant CS","2022","Undeclared","Unknown","95","[c]","33330","30350"
"New entrant CS","2022","Undeclared","Veterinarian","[c]","[c]","[c]","[c]"
"New entrant CS","2022","Unknown","Commercial","225","[c]","34400","29890"
"New entrant CS","2022","Unknown","Communications","205","[c]","35110","32790"
"New entrant CS","2022","Unknown","Corporate Finance","[c]","[c]","[c]","[c]"
"New entrant CS","2022","Unknown","Counter Fraud","65","[c]","27090","27570"
"New entrant CS","2022","Unknown","Digital, Data and Technology","790","[c]","38850","35050"
"New entrant CS","2022","Unknown","Economics","90","[c]","32500","32390"
"New entrant CS","2022","Unknown","Finance","350","[c]","35860","33000"
"New entrant CS","2022","Unknown","Geography","35","[c]","27320","20420"
"New entrant CS","2022","Unknown","Human Resources","270","[c]","35600","28970"
"New entrant CS","2022","Unknown","Inspector of Education and Training","10","[c]","[c]","[c]"
"New entrant CS","2022","Unknown","Intelligence Analysis","90","[c]","29110","28700"
"New entrant CS","2022","Unknown","Internal Audit","5","[c]","[c]","[c]"
"New entrant CS","2022","Unknown","International Trade","65","[c]","35720","31800"
"New entrant CS","2022","Unknown","Knowledge and Information Management","35","[c]","29050","26350"
"New entrant CS","2022","Unknown","Legal","155","[c]","36610","34260"
"New entrant CS","2022","Unknown","Medicine","115","[c]","44870","37650"
"New entrant CS","2022","Unknown","Operational Delivery","11905","[c]","25880","23720"
"New entrant CS","2022","Unknown","Operational Research","30","[c]","33560","31550"
"New entrant CS","2022","Unknown","Other","690","[c]","26040","21640"
"New entrant CS","2022","Unknown","Planning","10","[c]","[c]","[c]"
"New entrant CS","2022","Unknown","Planning Inspectors","[c]","[c]","[c]","[c]"
"New entrant CS","2022","Unknown","Policy","835","[c]","36840","33570"
"New entrant CS","2022","Unknown","Project Delivery","300","[c]","37660","35050"
"New entrant CS","2022","Unknown","Property","250","[c]","32740","28500"
"New entrant CS","2022","Unknown","Psychology","55","[c]","25680","24620"
"New entrant CS","2022","Unknown","Science and Engineering","285","[c]","28900","26030"
"New entrant CS","2022","Unknown","Security","265","[c]","27180","25000"
"New entrant CS","2022","Unknown","Social Research","50","[c]","33220","33650"
"New entrant CS","2022","Unknown","Statistics","80","[c]","28410","27220"
"New entrant CS","2022","Unknown","Tax","690","[c]","26770","26590"
"New entrant CS","2022","Unknown","Unknown","3645","[c]","33100","28000"
"New entrant CS","2022","Unknown","Veterinarian","10","[c]","[c]","[c]"
"New entrant CS","2022","White","Commercial","470","[c]","31740","29920"
"New entrant CS","2022","White","Communications","325","[c]","37090","33190"
"New entrant CS","2022","White","Corporate Finance","10","[c]","[c]","[c]"
"New entrant CS","2022","White","Counter Fraud","455","[c]","26060","27570"
"New entrant CS","2022","White","Digital, Data and Technology","1425","[c]","37890","34260"
"New entrant CS","2022","White","Economics","220","[c]","35370","31730"
"New entrant CS","2022","White","Finance","635","[c]","34780","32250"
"New entrant CS","2022","White","Geography","55","[c]","26810","20420"
"New entrant CS","2022","White","Human Resources","655","[c]","33250","29830"
"New entrant CS","2022","White","Inspector of Education and Training","145","[c]","60400","64520"
"New entrant CS","2022","White","Intelligence Analysis","110","[c]","29860","28700"
"New entrant CS","2022","White","Internal Audit","35","[c]","40620","39200"
"New entrant CS","2022","White","International Trade","100","[c]","38030","31800"
"New entrant CS","2022","White","Knowledge and Information Management","150","[c]","30960","29000"
"New entrant CS","2022","White","Legal","565","[c]","43320","41750"
"New entrant CS","2022","White","Medicine","195","[c]","53320","40060"
"New entrant CS","2022","White","Operational Delivery","19170","[c]","26200","23490"
"New entrant CS","2022","White","Operational Research","70","[c]","31460","30710"
"New entrant CS","2022","White","Other","1560","[c]","27550","23450"
"New entrant CS","2022","White","Planning","60","[c]","43570","42980"
"New entrant CS","2022","White","Planning Inspectors","15","[c]","[c]","[c]"
"New entrant CS","2022","White","Policy","2320","[c]","36760","33570"
"New entrant CS","2022","White","Project Delivery","740","[c]","37100","34020"
"New entrant CS","2022","White","Property","445","[c]","35750","33000"
"New entrant CS","2022","White","Psychology","120","[c]","26750","27700"
"New entrant CS","2022","White","Science and Engineering","1155","[c]","32880","30350"
"New entrant CS","2022","White","Security","355","[c]","28730","25000"
"New entrant CS","2022","White","Social Research","225","[c]","34530","31110"
"New entrant CS","2022","White","Statistics","245","[c]","32940","30710"
"New entrant CS","2022","White","Tax","1280","[c]","27440","26590"
"New entrant CS","2022","White","Unknown","3590","[c]","32430","27570"
"New entrant CS","2022","White","Veterinarian","35","[c]","34790","35900"
"Notes","Summary figures are suppressed when information relates to less than 5 civil servants for FTE or Headcount, and less than 10 civil servants for median and mean salary (shown as [c]). Zero responses and salaries for less than 30 civil servants have been suppressed for GPDR special category data. FTE figures are not shown for entrants or leavers due to data quality concerns for these groups. Figures are rounded to the nearest 5, or 10 as appropriate.","","","","","",""
"Data source","All figures are aggregated from the Cabinet Office Annual Civil Service Employment Survey collection. https://www.gov.uk/government/collections/civil-service-statistics","","","","","",""
"Version","Generated on 2023-02-14, with GIT 71a76ea.","","","","","",""
"Data column","Description","","","","","",""
"Status","Employment status of the civil servants.","","","","","",""
"","In post - includes staff that were in post on the reference date (31 March).","","","","","",""
"","New entrant CS - includes new entrants to the Civil Service over the year (1 April to 31 March).","","","","","",""
"","Leaver CS - includes leavers from the Civil Service over the year (1 April to 31 March). This includes employees who have an Unknown leaving cause.","","","","","",""
"","Leaver Dept. - includes leavers from the department over the year (1 April to 31 March), who did not leave the Civil Service.","","","","","",""
"","Five organisations do not report when their employees first entered the Civil Service and so entrants data for these organisations is not available . These are as follows: Foreign Commonwealth and Development Office (excl. agencies), Foreign Commonwealth and Development Office Services, Defence Electronics and Components Agency, Scottish Forestry and Forest and Land Scotland. A further three organisations also could not provide entrants data in 2021. These are as follows: Department for International Development, Foreign and Commonwealth Office (excl. agencies) and Royal Fleet Auxiliary.","","","","","",""
"","Organisation specific notes on status: In late June 2021 around 7,000 employees from Community Rehabilitation Companies were transferred in from the private sector to HM Prison and Probation Service, counting as entrants. HM Land Registry do not record where their departing employees transfer to and so are unable to identify those that transfer to another Civil Service department.","","","","","",""
"Year","Year of data collection (as at 31 March).","","","","","",""
"Profession_of_post","Professions relate to the post occupied by the person and are not dependent on qualifications the individual may have.","","","","","",""
"","Cabinet Office (excl agencies) reported profession information for only 60 out of a total 9,930 employees.","","","","","",""
"","Of the 20 bodies under the Scottish Government, 16 did not report any professions information for their employees.","","","","","",""
"Ethnicity","Self reported ethnicity. ""Undeclared"" accounts for employees who have actively declared that they do not want to disclose their ethnicity and ""Unknown"" accounts for employees who have not made an active declaration about their ethnicity.","","","","","",""
"Headcount","Total number of civil servants (rounded to nearest 5).","","","","","",""
"FTE","Total full-time equivalent (FTE) employment numbers (rounded to nearest 5).","","","","","",""
"","FTE figures are not shown for entrants or leavers due to data quality concerns for these groups.","","","","","",""
"Mean_salary","Average salary (mean, rounded to nearest 10). For part-time employees, salaries represent the full-time equivalent earnings, while for full-time employees they are the actual annual gross salaries.","","","","","",""
"","These figures should be interpreted with caution when the total number of employees in a group is small, as they will tend to show more variability than larger groups (i.e. may be much higher or lower than can be explained by the data shown).","","","","","",""
"Median_salary","Median salary (rounded to nearest 10). For part-time employees, salaries represent the full-time equivalent earnings, while for full-time employees they are the actual annual gross salaries.","","","","","",""
"","These figures should be interpreted with caution when the total number of employees in a group is small, as they will tend to show more variability than larger groups (i.e. may be much higher or lower than can be explained by the data shown).","","","","","",""
